?x	?p	?y
<https://w3id.org/pmd/co/PMD_0000598>	<http://purl.obolibrary.org/obo/BFO_0000196>	<https://w3id.org/pmd/co/PMD_0000599>
<https://w3id.org/pmd/co/PMD_0000872>	<http://purl.obolibrary.org/obo/BFO_0000196>	<https://w3id.org/pmd/co/PMD_0000873>
<https://w3id.org/pmd/co/PMD_0000621>	<https://w3id.org/pmd/co/PMD_0001030>	<https://w3id.org/pmd/co/PMD_0000519>
<https://w3id.org/pmd/co/PMD_0000830>	<http://purl.obolibrary.org/obo/BFO_0000196>	<https://w3id.org/pmd/co/PMD_0000831>
<https://w3id.org/pmd/co/PMD_0000010>	_:Bea59bd4aX2Ddb32X2D4152X2D89c0X2D18befc8940c5genid257	<https://w3id.org/pmd/co/PMD_0000892>
<https://w3id.org/pmd/co/PMD_0000882>	<https://w3id.org/pmd/co/PMD_0001029>	<https://w3id.org/pmd/co/PMD_0000548>
<https://w3id.org/pmd/co/PMD_0000505>	<https://w3id.org/pmd/co/PMD_0001029>	<https://w3id.org/pmd/co/PMD_0000627>
<https://w3id.org/pmd/co/PMD_0000591>	<http://purl.obolibrary.org/obo/BFO_0000059>	<https://w3id.org/pmd/co/PMD_0020099>
<https://w3id.org/pmd/co/PMD_0000825>	<https://w3id.org/pmd/co/PMD_0001030>	<https://w3id.org/pmd/co/PMD_0000521>
<https://w3id.org/pmd/co/PMD_0000618>	<http://purl.obolibrary.org/obo/BFO_0000197>	_:Bea59bd4aX2Ddb32X2D4152X2D89c0X2D18befc8940c5genid298
<https://w3id.org/pmd/co/PMD_0000506>	<https://w3id.org/pmd/co/PMD_0001030>	<https://w3id.org/pmd/co/PMD_0000517>
<https://w3id.org/pmd/co/PMD_0000927>	<http://purl.obolibrary.org/obo/BFO_0000055>	<https://w3id.org/pmd/co/PMD_0000592>
<https://w3id.org/pmd/co/PMD_0000792>	<http://purl.obolibrary.org/obo/BFO_0000196>	<https://w3id.org/pmd/co/PMD_0000793>
<https://w3id.org/pmd/co/PMD_0000600>	<http://purl.obolibrary.org/obo/BFO_0000054>	<https://w3id.org/pmd/co/PMD_0000523>
<https://w3id.org/pmd/co/PMD_0000833>	<https://w3id.org/pmd/co/PMD_0000015>	<http://purl.obolibrary.org/obo/BFO_0000040>
<https://w3id.org/pmd/co/PMD_0000882>	<https://w3id.org/pmd/co/PMD_0001030>	<https://w3id.org/pmd/co/PMD_0000523>
<https://w3id.org/pmd/co/PMD_0020096>	<https://w3id.org/pmd/co/PMD_0020005>	<https://w3id.org/pmd/co/PMD_0020030>
<https://w3id.org/pmd/co/PMD_0000882>	<https://w3id.org/pmd/co/PMD_0001030>	<https://w3id.org/pmd/co/PMD_0000520>
<https://w3id.org/pmd/co/PMD_0000005>	<http://purl.obolibrary.org/obo/BFO_0000059>	<https://w3id.org/pmd/co/PMD_0000842>
<https://w3id.org/pmd/co/PMD_0000949>	<https://w3id.org/pmd/co/PMD_0001029>	<https://w3id.org/pmd/co/PMD_0000596>
<http://purl.obolibrary.org/obo/IAO_0000030>	<http://purl.obolibrary.org/obo/IAO_0000136>	<http://purl.obolibrary.org/obo/BFO_0000001>
<https://w3id.org/pmd/co/PMD_0000972>	<https://w3id.org/pmd/co/PMD_0001030>	<https://w3id.org/pmd/co/PMD_0000880>
<https://w3id.org/pmd/co/PMD_0000882>	<https://w3id.org/pmd/co/PMD_0001029>	<https://w3id.org/pmd/co/PMD_0000549>
<https://w3id.org/pmd/co/PMD_0000848>	<https://w3id.org/pmd/co/PMD_0001030>	<https://w3id.org/pmd/co/PMD_0000522>
<https://w3id.org/pmd/co/PMD_0000981>	<https://w3id.org/pmd/co/PMD_0001030>	<https://w3id.org/pmd/co/PMD_0000520>
<https://w3id.org/pmd/co/PMD_0000777>	<https://w3id.org/pmd/co/PMD_0001029>	<https://w3id.org/pmd/co/PMD_0000549>
<https://w3id.org/pmd/co/PMD_0000833>	<https://w3id.org/pmd/co/PMD_0000016>	<http://purl.obolibrary.org/obo/BFO_0000040>
<https://w3id.org/pmd/co/PMD_0000882>	<https://w3id.org/pmd/co/PMD_0001030>	<https://w3id.org/pmd/co/PMD_0000522>
<https://w3id.org/pmd/co/PMD_0000814>	<http://purl.obolibrary.org/obo/BFO_0000196>	<https://w3id.org/pmd/co/PMD_0000815>
<https://w3id.org/pmd/co/PMD_0000768>	<https://w3id.org/pmd/co/PMD_0001029>	<https://w3id.org/pmd/co/PMD_0000629>
<https://w3id.org/pmd/co/PMD_0000877>	<https://w3id.org/pmd/co/PMD_0001030>	<https://w3id.org/pmd/co/PMD_0001008>
<https://w3id.org/pmd/co/PMD_0000639>	<https://w3id.org/pmd/co/PMD_0020005>	<https://w3id.org/pmd/co/PMD_0020026>
<http://purl.obolibrary.org/obo/OBI_0200190>	<http://purl.obolibrary.org/obo/OBI_0000299>	_:B7847429cX2D3a6dX2D4e71X2Da16bX2D7883804af92agenid184
<http://purl.obolibrary.org/obo/OBI_0000023>	<http://purl.obolibrary.org/obo/OBI_0000312>	<http://purl.obolibrary.org/obo/OBI_0000663>
<http://purl.obolibrary.org/obo/OBI_0000648>	<http://purl.obolibrary.org/obo/OBI_0000312>	<http://purl.obolibrary.org/obo/OBI_0200175>
<http://purl.obolibrary.org/obo/OBI_0000835>	<http://purl.obolibrary.org/obo/RO_0000087>	<http://purl.obolibrary.org/obo/OBI_0000571>
<http://purl.obolibrary.org/obo/OBI_0000070>	<http://purl.obolibrary.org/obo/BFO_0000055>	<http://purl.obolibrary.org/obo/OBI_0000067>
<http://purl.obolibrary.org/obo/OBI_0000047>	<http://purl.obolibrary.org/obo/OBI_0000312>	<http://purl.obolibrary.org/obo/OBI_0000094>
<http://purl.obolibrary.org/obo/OBI_0000453>	<http://purl.obolibrary.org/obo/RO_0000079>	<http://purl.obolibrary.org/obo/OBI_0000047>
<http://purl.obolibrary.org/obo/OBI_0000832>	<http://purl.obolibrary.org/obo/RO_0000085>	<http://purl.obolibrary.org/obo/OBI_0000453>
<http://purl.obolibrary.org/obo/OBI_0200111>	<http://purl.obolibrary.org/obo/OBI_0000293>	<http://purl.obolibrary.org/obo/IAO_0000027>
<http://purl.obolibrary.org/obo/OBI_0000450>	<http://purl.obolibrary.org/obo/RO_0000087>	<http://purl.obolibrary.org/obo/OBI_0000014>
<http://purl.obolibrary.org/obo/OBI_0001034>	<http://purl.obolibrary.org/obo/RO_0000085>	_:B7847429cX2D3a6dX2D4e71X2Da16bX2D7883804af92agenid166
<http://purl.obolibrary.org/obo/OBI_0000659>	<http://purl.obolibrary.org/obo/OBI_0000299>	<http://purl.obolibrary.org/obo/OBI_0100051>
<http://purl.obolibrary.org/obo/OBI_0100051>	<http://purl.obolibrary.org/obo/RO_0000087>	<http://purl.obolibrary.org/obo/OBI_0000112>
<http://purl.obolibrary.org/obo/OBI_0000968>	<http://purl.obolibrary.org/obo/RO_0000085>	<http://purl.obolibrary.org/obo/BFO_0000034>
<http://purl.obolibrary.org/obo/IAO_0000109>	<http://purl.obolibrary.org/obo/OBI_0001938>	<http://purl.obolibrary.org/obo/OBI_0001933>
<http://purl.obolibrary.org/obo/OBI_0000094>	<http://purl.obolibrary.org/obo/OBI_0000299>	<http://purl.obolibrary.org/obo/OBI_0000047>
<http://purl.obolibrary.org/obo/OBI_0002989>	<http://purl.obolibrary.org/obo/RO_0000087>	<http://purl.obolibrary.org/obo/OBI_0000018>
<http://purl.obolibrary.org/obo/APOLLO_SV_00000796>	<http://purl.obolibrary.org/obo/OBI_0000299>	<http://purl.obolibrary.org/obo/IAO_0000100>
<http://purl.obolibrary.org/obo/OBI_0200111>	<http://purl.obolibrary.org/obo/OBI_0000299>	_:B7847429cX2D3a6dX2D4e71X2Da16bX2D7883804af92agenid175
<http://purl.obolibrary.org/obo/IAO_0000030>	<http://www.w3.org/2000/01/rdf-schema#subClassOf>	<http://purl.obolibrary.org/obo/BFO_0000031>
<https://w3id.org/pmd/co/PMD_0000977>	<http://www.w3.org/2000/01/rdf-schema#subClassOf>	<https://w3id.org/pmd/co/PMD_0000806>
<https://w3id.org/pmd/co/PMD_0000621>	<http://www.w3.org/2000/01/rdf-schema#subClassOf>	<https://w3id.org/pmd/co/PMD_0000005>
<https://w3id.org/pmd/co/PMD_0000849>	<http://www.w3.org/2000/01/rdf-schema#subClassOf>	<https://w3id.org/pmd/co/PMD_0001025>
<https://w3id.org/pmd/co/PMD_0000873>	<http://www.w3.org/2000/01/rdf-schema#subClassOf>	<http://purl.obolibrary.org/obo/BFO_0000023>
<https://w3id.org/pmd/co/PMD_0000941>	<http://www.w3.org/2000/01/rdf-schema#subClassOf>	<https://w3id.org/pmd/co/PMD_0000849>
<http://purl.obolibrary.org/obo/BFO_0000148>	<http://www.w3.org/2000/01/rdf-schema#subClassOf>	<http://purl.obolibrary.org/obo/BFO_0000008>
<https://w3id.org/pmd/co/PMD_0000877>	<http://www.w3.org/2000/01/rdf-schema#subClassOf>	<https://w3id.org/pmd/co/PMD_0000005>
<http://purl.obolibrary.org/obo/CHEBI_33310>	<http://www.w3.org/2000/01/rdf-schema#subClassOf>	<http://purl.obolibrary.org/obo/CHEBI_24431>
<https://w3id.org/pmd/co/PMD_0000772>	<http://www.w3.org/2000/01/rdf-schema#subClassOf>	<https://w3id.org/pmd/co/PMD_0000550>
<https://w3id.org/pmd/co/PMD_0000978>	<http://www.w3.org/2000/01/rdf-schema#subClassOf>	<https://w3id.org/pmd/co/PMD_0000981>
<https://w3id.org/pmd/co/PMD_0000854>	<http://www.w3.org/2000/01/rdf-schema#subClassOf>	<https://w3id.org/pmd/co/PMD_0000602>
<https://w3id.org/pmd/co/PMD_0000812>	<http://www.w3.org/2000/01/rdf-schema#subClassOf>	<http://purl.obolibrary.org/obo/BFO_0000034>
<https://w3id.org/pmd/co/PMD_0000569>	<http://www.w3.org/2000/01/rdf-schema#subClassOf>	<https://w3id.org/pmd/co/PMD_0000563>
<http://purl.obolibrary.org/obo/CHEBI_33363>	<http://www.w3.org/2000/01/rdf-schema#subClassOf>	<http://purl.obolibrary.org/obo/CHEBI_24431>
<https://w3id.org/pmd/co/PMD_0000802>	<http://www.w3.org/2000/01/rdf-schema#subClassOf>	<http://purl.obolibrary.org/obo/BFO_0000015>
<http://purl.obolibrary.org/obo/CHEBI_33393>	<http://www.w3.org/2000/01/rdf-schema#subClassOf>	<http://purl.obolibrary.org/obo/CHEBI_24431>
<https://w3id.org/pmd/co/PMD_0000932>	<http://www.w3.org/2000/01/rdf-schema#subClassOf>	<https://w3id.org/pmd/co/PMD_0000582>
<https://w3id.org/pmd/co/PMD_0000587>	<http://www.w3.org/2000/01/rdf-schema#subClassOf>	<https://w3id.org/pmd/co/PMD_0000635>
<https://w3id.org/pmd/co/PMD_0000596>	<http://www.w3.org/2000/01/rdf-schema#subClassOf>	<http://purl.obolibrary.org/obo/BFO_0000015>
<http://purl.obolibrary.org/obo/CHEBI_194539>	<http://www.w3.org/2000/01/rdf-schema#subClassOf>	<http://purl.obolibrary.org/obo/CHEBI_24431>
<https://w3id.org/pmd/co/PMD_0000836>	<http://www.w3.org/2000/01/rdf-schema#subClassOf>	<https://w3id.org/pmd/co/PMD_0000945>
<https://w3id.org/pmd/co/PMD_0000578>	<http://www.w3.org/2000/01/rdf-schema#subClassOf>	<https://w3id.org/pmd/co/PMD_0000806>
<https://w3id.org/pmd/co/PMD_0000835>	<http://www.w3.org/2000/01/rdf-schema#subClassOf>	<https://w3id.org/pmd/co/PMD_0000602>
<http://purl.obolibrary.org/obo/CHEBI_33377>	<http://www.w3.org/2000/01/rdf-schema#subClassOf>	<http://purl.obolibrary.org/obo/CHEBI_24431>
<https://w3id.org/pmd/co/PMD_0000959>	<http://www.w3.org/2000/01/rdf-schema#subClassOf>	<https://w3id.org/pmd/co/PMD_0000603>
<https://w3id.org/pmd/co/PMD_0000579>	<http://www.w3.org/2000/01/rdf-schema#subClassOf>	<https://w3id.org/pmd/co/PMD_0000602>
<https://w3id.org/pmd/co/PMD_0000955>	<http://www.w3.org/2000/01/rdf-schema#subClassOf>	_:Bea59bd4aX2Ddb32X2D4152X2D89c0X2D18befc8940c5genid430
<https://w3id.org/pmd/co/PMD_0020026>	<http://www.w3.org/2000/01/rdf-schema#subClassOf>	<https://w3id.org/pmd/co/PMD_0020025>
<http://purl.obolibrary.org/obo/BFO_0000009>	<http://www.w3.org/2000/01/rdf-schema#subClassOf>	<http://purl.obolibrary.org/obo/BFO_0000006>
<https://w3id.org/pmd/co/PMD_0000968>	<http://www.w3.org/2000/01/rdf-schema#subClassOf>	<https://w3id.org/pmd/co/PMD_0000602>
<http://purl.obolibrary.org/obo/CHEBI_33385>	<http://www.w3.org/2000/01/rdf-schema#subClassOf>	<http://purl.obolibrary.org/obo/CHEBI_24431>
<https://w3id.org/pmd/co/PMD_0050003>	<http://www.w3.org/2000/01/rdf-schema#subClassOf>	<https://w3id.org/pmd/co/PMD_0050000>
<https://w3id.org/pmd/co/PMD_0000853>	<http://www.w3.org/2000/01/rdf-schema#subClassOf>	<https://w3id.org/pmd/co/PMD_0000863>
<https://w3id.org/pmd/co/PMD_0001016>	<http://www.w3.org/2000/01/rdf-schema#subClassOf>	<https://w3id.org/pmd/co/PMD_0001014>
<https://w3id.org/pmd/co/PMD_0000555>	<http://www.w3.org/2000/01/rdf-schema#subClassOf>	<http://purl.obolibrary.org/obo/BFO_0000034>
<https://w3id.org/pmd/co/PMD_0000915>	<http://www.w3.org/2000/01/rdf-schema#subClassOf>	<http://purl.obolibrary.org/obo/BFO_0000015>
<http://purl.obolibrary.org/obo/BFO_0000034>	<http://www.w3.org/2000/01/rdf-schema#subClassOf>	<http://purl.obolibrary.org/obo/BFO_0000016>
<https://w3id.org/pmd/co/PMD_0000568>	<http://www.w3.org/2000/01/rdf-schema#subClassOf>	<https://w3id.org/pmd/co/PMD_0000603>
<https://w3id.org/pmd/co/PMD_0000920>	<http://www.w3.org/2000/01/rdf-schema#subClassOf>	_:Bea59bd4aX2Ddb32X2D4152X2D89c0X2D18befc8940c5genid399
<https://w3id.org/pmd/co/PMD_0000950>	<http://www.w3.org/2000/01/rdf-schema#subClassOf>	<http://purl.obolibrary.org/obo/BFO_0000015>
<https://w3id.org/pmd/co/PMD_0020068>	<http://www.w3.org/2000/01/rdf-schema#subClassOf>	<https://w3id.org/pmd/co/PMD_0020025>
<https://w3id.org/pmd/co/PMD_0000631>	<http://www.w3.org/2000/01/rdf-schema#subClassOf>	<https://w3id.org/pmd/co/PMD_0000933>
<https://w3id.org/pmd/co/PMD_0000521>	<http://www.w3.org/2000/01/rdf-schema#subClassOf>	<http://purl.obolibrary.org/obo/BFO_0000015>
<https://w3id.org/pmd/co/PMD_0000992>	<http://www.w3.org/2000/01/rdf-schema#subClassOf>	<https://w3id.org/pmd/co/PMD_0000501>
<https://w3id.org/pmd/co/PMD_0020055>	<http://www.w3.org/2000/01/rdf-schema#subClassOf>	<https://w3id.org/pmd/co/PMD_0020025>
<https://w3id.org/pmd/co/PMD_0020076>	<http://www.w3.org/2000/01/rdf-schema#subClassOf>	<https://w3id.org/pmd/co/PMD_0020025>
<http://purl.obolibrary.org/obo/CHEBI_49882>	<http://www.w3.org/2000/01/rdf-schema#subClassOf>	<http://purl.obolibrary.org/obo/CHEBI_24431>
<https://w3id.org/pmd/co/PMD_0000530>	<http://www.w3.org/2000/01/rdf-schema#subClassOf>	<https://w3id.org/pmd/co/PMD_0000849>
<https://w3id.org/pmd/co/PMD_0000566>	<http://www.w3.org/2000/01/rdf-schema#subClassOf>	<https://w3id.org/pmd/co/PMD_0000563>
<http://purl.obolibrary.org/obo/IAO_0000032>	<http://www.w3.org/2000/01/rdf-schema#subClassOf>	<http://purl.obolibrary.org/obo/IAO_0000109>
<https://w3id.org/pmd/co/PMD_0000526>	<http://www.w3.org/2000/01/rdf-schema#subClassOf>	<https://w3id.org/pmd/co/PMD_0000006>
<https://w3id.org/pmd/co/PMD_0000531>	<http://www.w3.org/2000/01/rdf-schema#subClassOf>	<https://w3id.org/pmd/co/PMD_0000532>
<https://w3id.org/pmd/co/PMD_0020047>	<http://www.w3.org/2000/01/rdf-schema#subClassOf>	<https://w3id.org/pmd/co/PMD_0020025>
<https://w3id.org/pmd/co/PMD_0000525>	<http://www.w3.org/2000/01/rdf-schema#subClassOf>	<https://w3id.org/pmd/co/PMD_0000855>
<https://w3id.org/pmd/co/PMD_0020098>	<http://www.w3.org/2000/01/rdf-schema#subClassOf>	<http://purl.obolibrary.org/obo/BFO_0000031>
<http://purl.obolibrary.org/obo/CHEBI_26708>	<http://www.w3.org/2000/01/rdf-schema#subClassOf>	<http://purl.obolibrary.org/obo/CHEBI_24431>
<http://purl.obolibrary.org/obo/IAO_0000225>	<http://www.w3.org/2000/01/rdf-schema#subClassOf>	<http://purl.obolibrary.org/obo/IAO_0000102>
<https://w3id.org/pmd/co/PMD_0020033>	<http://www.w3.org/2000/01/rdf-schema#subClassOf>	<https://w3id.org/pmd/co/PMD_0020025>
<http://purl.obolibrary.org/obo/CHEBI_30513>	<http://www.w3.org/2000/01/rdf-schema#subClassOf>	<http://purl.obolibrary.org/obo/CHEBI_24431>
<http://purl.obolibrary.org/obo/BFO_0000029>	<http://www.w3.org/2000/01/rdf-schema#subClassOf>	<http://purl.obolibrary.org/obo/BFO_0000141>
<https://w3id.org/pmd/co/PMD_0000866>	<http://www.w3.org/2000/01/rdf-schema#subClassOf>	<https://w3id.org/pmd/co/PMD_0000933>
<https://w3id.org/pmd/co/PMD_0000775>	<http://www.w3.org/2000/01/rdf-schema#subClassOf>	<https://w3id.org/pmd/co/PMD_0000602>
<https://w3id.org/pmd/co/PMD_0000562>	<http://www.w3.org/2000/01/rdf-schema#subClassOf>	<https://w3id.org/pmd/co/PMD_0000866>
<http://purl.obolibrary.org/obo/CHEBI_33301>	<http://www.w3.org/2000/01/rdf-schema#subClassOf>	<http://purl.obolibrary.org/obo/CHEBI_24431>
<http://purl.obolibrary.org/obo/CHEBI_33343>	<http://www.w3.org/2000/01/rdf-schema#subClassOf>	<http://purl.obolibrary.org/obo/CHEBI_24431>
<https://w3id.org/pmd/co/PMD_0000522>	<http://www.w3.org/2000/01/rdf-schema#subClassOf>	<http://purl.obolibrary.org/obo/BFO_0000015>
<https://w3id.org/pmd/co/PMD_0000922>	<http://www.w3.org/2000/01/rdf-schema#subClassOf>	<https://w3id.org/pmd/co/PMD_0000855>
<https://w3id.org/pmd/co/PMD_0000906>	<http://www.w3.org/2000/01/rdf-schema#subClassOf>	<https://w3id.org/pmd/co/PMD_0000899>
<https://w3id.org/pmd/co/PMD_0000900>	<http://www.w3.org/2000/01/rdf-schema#subClassOf>	<https://w3id.org/pmd/co/PMD_0000899>
<http://purl.obolibrary.org/obo/CHEBI_33382>	<http://www.w3.org/2000/01/rdf-schema#subClassOf>	<http://purl.obolibrary.org/obo/CHEBI_24431>
<http://purl.obolibrary.org/obo/CHEBI_33357>	<http://www.w3.org/2000/01/rdf-schema#subClassOf>	<http://purl.obolibrary.org/obo/CHEBI_24431>
<http://purl.obolibrary.org/obo/CHEBI_25195>	<http://www.w3.org/2000/01/rdf-schema#subClassOf>	<http://purl.obolibrary.org/obo/CHEBI_24431>
<https://w3id.org/pmd/co/PMD_0000980>	<http://www.w3.org/2000/01/rdf-schema#subClassOf>	<https://w3id.org/pmd/co/PMD_0000847>
<https://w3id.org/pmd/co/PMD_0000939>	<http://www.w3.org/2000/01/rdf-schema#subClassOf>	<https://w3id.org/pmd/co/PMD_0000812>
<https://w3id.org/pmd/co/PMD_0000816>	<http://www.w3.org/2000/01/rdf-schema#subClassOf>	<https://w3id.org/pmd/co/PMD_0000945>
<https://w3id.org/pmd/co/PMD_0000878>	<http://www.w3.org/2000/01/rdf-schema#subClassOf>	<https://w3id.org/pmd/co/PMD_0001025>
<https://w3id.org/pmd/co/PMD_0000970>	<http://www.w3.org/2000/01/rdf-schema#subClassOf>	<https://w3id.org/pmd/co/PMD_0000846>
<https://w3id.org/pmd/co/PMD_0020091>	<http://www.w3.org/2000/01/rdf-schema#subClassOf>	<https://w3id.org/pmd/co/PMD_0020025>
<https://w3id.org/pmd/co/PMD_0020000>	<http://www.w3.org/2000/01/rdf-schema#subClassOf>	<http://purl.obolibrary.org/obo/BFO_0000006>
<https://w3id.org/pmd/co/PMD_0000973>	<http://www.w3.org/2000/01/rdf-schema#subClassOf>	<https://w3id.org/pmd/co/PMD_0000602>
<https://w3id.org/pmd/co/PMD_0020028>	<http://www.w3.org/2000/01/rdf-schema#subClassOf>	<https://w3id.org/pmd/co/PMD_0020025>
<http://purl.obolibrary.org/obo/CHEBI_33374>	<http://www.w3.org/2000/01/rdf-schema#subClassOf>	<http://purl.obolibrary.org/obo/CHEBI_24431>
<http://purl.obolibrary.org/obo/BFO_0000027>	<http://www.w3.org/2000/01/rdf-schema#subClassOf>	<http://purl.obolibrary.org/obo/BFO_0000040>
<https://w3id.org/pmd/co/PMD_0000777>	<http://www.w3.org/2000/01/rdf-schema#subClassOf>	<https://w3id.org/pmd/co/PMD_0000981>
<https://w3id.org/pmd/co/PMD_0000602>	<http://www.w3.org/2000/01/rdf-schema#subClassOf>	<http://purl.obolibrary.org/obo/BFO_0000030>
<https://w3id.org/pmd/co/PMD_0020062>	<http://www.w3.org/2000/01/rdf-schema#subClassOf>	<https://w3id.org/pmd/co/PMD_0020025>
<https://w3id.org/pmd/co/PMD_0000535>	<http://www.w3.org/2000/01/rdf-schema#subClassOf>	<https://w3id.org/pmd/co/PMD_0000882>
<https://w3id.org/pmd/co/PMD_0000794>	<http://www.w3.org/2000/01/rdf-schema#subClassOf>	<https://w3id.org/pmd/co/PMD_0000602>
<https://w3id.org/pmd/co/PMD_0000606>	<http://www.w3.org/2000/01/rdf-schema#subClassOf>	<https://w3id.org/pmd/co/PMD_0000982>
<https://w3id.org/pmd/co/PMD_0020070>	<http://www.w3.org/2000/01/rdf-schema#subClassOf>	<https://w3id.org/pmd/co/PMD_0020025>
<http://purl.obolibrary.org/obo/BFO_0000203>	<http://www.w3.org/2000/01/rdf-schema#subClassOf>	<http://purl.obolibrary.org/obo/BFO_0000148>
<https://w3id.org/pmd/co/PMD_0000962>	<http://www.w3.org/2000/01/rdf-schema#subClassOf>	<https://w3id.org/pmd/co/PMD_0000556>
<https://w3id.org/pmd/co/PMD_0000946>	<http://www.w3.org/2000/01/rdf-schema#subClassOf>	<https://w3id.org/pmd/co/PMD_0000501>
<https://w3id.org/pmd/co/PMD_0000971>	<http://www.w3.org/2000/01/rdf-schema#subClassOf>	<https://w3id.org/pmd/co/PMD_0000847>
<https://w3id.org/pmd/co/PMD_0000533>	<http://www.w3.org/2000/01/rdf-schema#subClassOf>	<http://purl.obolibrary.org/obo/BFO_0000030>
<https://w3id.org/pmd/co/PMD_0000551>	<http://www.w3.org/2000/01/rdf-schema#subClassOf>	<https://w3id.org/pmd/co/PMD_0000863>
<https://w3id.org/pmd/co/PMD_0020041>	<http://www.w3.org/2000/01/rdf-schema#subClassOf>	<https://w3id.org/pmd/co/PMD_0020025>
<https://w3id.org/pmd/co/PMD_0000943>	<http://www.w3.org/2000/01/rdf-schema#subClassOf>	_:Bea59bd4aX2Ddb32X2D4152X2D89c0X2D18befc8940c5genid412
<https://w3id.org/pmd/co/PMD_0000538>	<http://www.w3.org/2000/01/rdf-schema#subClassOf>	<http://purl.obolibrary.org/obo/BFO_0000024>
<http://purl.obolibrary.org/obo/CHEBI_49666>	<http://www.w3.org/2000/01/rdf-schema#subClassOf>	<http://purl.obolibrary.org/obo/CHEBI_24431>
<https://w3id.org/pmd/co/PMD_0000663>	<http://www.w3.org/2000/01/rdf-schema#subClassOf>	<https://w3id.org/pmd/co/PMD_0020003>
<https://w3id.org/pmd/co/PMD_0000529>	<http://www.w3.org/2000/01/rdf-schema#subClassOf>	<https://w3id.org/pmd/co/PMD_0000602>
<https://w3id.org/pmd/co/PMD_0000537>	<http://www.w3.org/2000/01/rdf-schema#subClassOf>	<https://w3id.org/pmd/co/PMD_0000921>
<https://w3id.org/pmd/co/PMD_0000982>	<http://www.w3.org/2000/01/rdf-schema#subClassOf>	<https://w3id.org/pmd/co/PMD_0001025>
<http://purl.obolibrary.org/obo/BFO_0000017>	<http://www.w3.org/2000/01/rdf-schema#subClassOf>	<http://purl.obolibrary.org/obo/BFO_0000020>
<https://w3id.org/pmd/co/PMD_0000987>	<http://www.w3.org/2000/01/rdf-schema#subClassOf>	<https://w3id.org/pmd/co/PMD_0000982>
<https://w3id.org/pmd/co/PMD_0000899>	<http://www.w3.org/2000/01/rdf-schema#subClassOf>	<https://w3id.org/pmd/co/PMD_0000833>
<http://purl.obolibrary.org/obo/BFO_0000002>	<http://www.w3.org/2000/01/rdf-schema#subClassOf>	<http://purl.obolibrary.org/obo/BFO_0000001>
<https://w3id.org/pmd/co/PMD_0000552>	<http://www.w3.org/2000/01/rdf-schema#subClassOf>	<https://w3id.org/pmd/co/PMD_0000957>
<http://purl.obolibrary.org/obo/BFO_0000030>	<http://www.w3.org/2000/01/rdf-schema#subClassOf>	<http://purl.obolibrary.org/obo/BFO_0000040>
<https://w3id.org/pmd/co/PMD_0000842>	<http://www.w3.org/2000/01/rdf-schema#subClassOf>	<http://purl.obolibrary.org/obo/IAO_0000030>
<https://w3id.org/pmd/co/PMD_0020001>	<http://www.w3.org/2000/01/rdf-schema#subClassOf>	<http://purl.obolibrary.org/obo/BFO_0000023>
<https://w3id.org/pmd/co/PMD_0000633>	<http://www.w3.org/2000/01/rdf-schema#subClassOf>	<https://w3id.org/pmd/co/PMD_0000602>
<http://purl.obolibrary.org/obo/CHEBI_25805>	<http://www.w3.org/2000/01/rdf-schema#subClassOf>	<http://purl.obolibrary.org/obo/CHEBI_24431>
<https://w3id.org/pmd/co/PMD_0000608>	<http://www.w3.org/2000/01/rdf-schema#subClassOf>	<https://w3id.org/pmd/co/PMD_0000602>
<https://w3id.org/pmd/co/PMD_0000619>	<http://www.w3.org/2000/01/rdf-schema#subClassOf>	<https://w3id.org/pmd/co/PMD_0000985>
<https://w3id.org/pmd/co/PMD_0000554>	<http://www.w3.org/2000/01/rdf-schema#subClassOf>	<https://w3id.org/pmd/co/PMD_0001025>
<https://w3id.org/pmd/co/PMD_0000617>	<http://www.w3.org/2000/01/rdf-schema#subClassOf>	<https://w3id.org/pmd/co/PMD_0000602>
<http://purl.obolibrary.org/obo/BFO_0000011>	<http://www.w3.org/2000/01/rdf-schema#subClassOf>	<http://purl.obolibrary.org/obo/BFO_0000003>
<https://w3id.org/pmd/co/PMD_0020039>	<http://www.w3.org/2000/01/rdf-schema#subClassOf>	<https://w3id.org/pmd/co/PMD_0020025>
<https://w3id.org/pmd/co/PMD_0000804>	<http://www.w3.org/2000/01/rdf-schema#subClassOf>	<https://w3id.org/pmd/co/PMD_0000603>
<http://purl.obolibrary.org/obo/CHEBI_33346>	<http://www.w3.org/2000/01/rdf-schema#subClassOf>	<http://purl.obolibrary.org/obo/CHEBI_24431>
<http://purl.obolibrary.org/obo/CHEBI_27563>	<http://www.w3.org/2000/01/rdf-schema#subClassOf>	<http://purl.obolibrary.org/obo/CHEBI_24431>
<https://w3id.org/pmd/co/PMD_0000865>	<http://www.w3.org/2000/01/rdf-schema#subClassOf>	<https://w3id.org/pmd/co/PMD_0000594>
<https://w3id.org/pmd/co/PMD_0000623>	<http://www.w3.org/2000/01/rdf-schema#subClassOf>	<https://w3id.org/pmd/co/PMD_0001011>
<https://w3id.org/pmd/co/PMD_0000872>	<http://www.w3.org/2000/01/rdf-schema#subClassOf>	<https://w3id.org/pmd/co/PMD_0000881>
<https://w3id.org/pmd/co/PMD_0000625>	<http://www.w3.org/2000/01/rdf-schema#subClassOf>	<https://w3id.org/pmd/co/PMD_0000856>
<https://w3id.org/pmd/co/PMD_0001021>	<http://www.w3.org/2000/01/rdf-schema#subClassOf>	<https://w3id.org/pmd/co/PMD_0000602>
<https://w3id.org/pmd/co/PMD_0000557>	<http://www.w3.org/2000/01/rdf-schema#subClassOf>	<https://w3id.org/pmd/co/PMD_0000602>
<https://w3id.org/pmd/co/PMD_0000937>	<http://www.w3.org/2000/01/rdf-schema#subClassOf>	<https://w3id.org/pmd/co/PMD_0000602>
<https://w3id.org/pmd/co/PMD_0000806>	<http://www.w3.org/2000/01/rdf-schema#subClassOf>	<https://w3id.org/pmd/co/PMD_0000833>
<https://w3id.org/pmd/co/PMD_0000788>	<http://www.w3.org/2000/01/rdf-schema#subClassOf>	<https://w3id.org/pmd/co/PMD_0000849>
<https://w3id.org/pmd/co/PMD_0000787>	<http://www.w3.org/2000/01/rdf-schema#subClassOf>	<https://w3id.org/pmd/co/PMD_0000502>
<https://w3id.org/pmd/co/PMD_0000945>	<http://www.w3.org/2000/01/rdf-schema#subClassOf>	<https://w3id.org/pmd/co/PMD_0000957>
<https://w3id.org/pmd/co/PMD_0000952>	<http://www.w3.org/2000/01/rdf-schema#subClassOf>	<https://w3id.org/pmd/co/PMD_0000848>
<http://purl.obolibrary.org/obo/CHEBI_49828>	<http://www.w3.org/2000/01/rdf-schema#subClassOf>	<http://purl.obolibrary.org/obo/CHEBI_24431>
<https://w3id.org/pmd/co/PMD_0000859>	<http://www.w3.org/2000/01/rdf-schema#subClassOf>	<https://w3id.org/pmd/co/PMD_0000648>
<https://w3id.org/pmd/co/PMD_0020089>	<http://www.w3.org/2000/01/rdf-schema#subClassOf>	<https://w3id.org/pmd/co/PMD_0020025>
<https://w3id.org/pmd/co/PMD_0000846>	<http://www.w3.org/2000/01/rdf-schema#subClassOf>	<https://w3id.org/pmd/co/PMD_0000603>
<https://w3id.org/pmd/co/PMD_0000956>	<http://www.w3.org/2000/01/rdf-schema#subClassOf>	<https://w3id.org/pmd/co/PMD_0000933>
<http://purl.obolibrary.org/obo/CHEBI_26833>	<http://www.w3.org/2000/01/rdf-schema#subClassOf>	<http://purl.obolibrary.org/obo/CHEBI_24431>
<https://w3id.org/pmd/co/PMD_0001012>	<http://www.w3.org/2000/01/rdf-schema#subClassOf>	<https://w3id.org/pmd/co/PMD_0000603>
<http://purl.obolibrary.org/obo/CHEBI_22984>	<http://www.w3.org/2000/01/rdf-schema#subClassOf>	<http://purl.obolibrary.org/obo/CHEBI_24431>
<https://w3id.org/pmd/co/PMD_0020075>	<http://www.w3.org/2000/01/rdf-schema#subClassOf>	<https://w3id.org/pmd/co/PMD_0020025>
<https://w3id.org/pmd/co/PMD_0020046>	<http://www.w3.org/2000/01/rdf-schema#subClassOf>	<https://w3id.org/pmd/co/PMD_0020025>
<http://purl.obolibrary.org/obo/CHEBI_28112>	<http://www.w3.org/2000/01/rdf-schema#subClassOf>	<http://purl.obolibrary.org/obo/CHEBI_24431>
<https://w3id.org/pmd/co/PMD_0000851>	<http://www.w3.org/2000/01/rdf-schema#subClassOf>	<https://w3id.org/pmd/co/PMD_0000882>
<http://purl.obolibrary.org/obo/IAO_0000009>	<http://www.w3.org/2000/01/rdf-schema#subClassOf>	<http://purl.obolibrary.org/obo/IAO_0000030>
<https://w3id.org/pmd/co/PMD_0000882>	<http://www.w3.org/2000/01/rdf-schema#subClassOf>	<https://w3id.org/pmd/co/PMD_0000864>
<https://w3id.org/pmd/co/PMD_0000905>	<http://www.w3.org/2000/01/rdf-schema#subClassOf>	<https://w3id.org/pmd/co/PMD_0000899>
<https://w3id.org/pmd/co/PMD_0000548>	<http://www.w3.org/2000/01/rdf-schema#subClassOf>	<http://purl.obolibrary.org/obo/BFO_0000015>
<https://w3id.org/pmd/co/PMD_0050002>	<http://www.w3.org/2000/01/rdf-schema#subClassOf>	<https://w3id.org/pmd/co/PMD_0050000>
<https://w3id.org/pmd/co/PMD_0000575>	<http://www.w3.org/2000/01/rdf-schema#subClassOf>	<http://purl.obolibrary.org/obo/BFO_0000034>
<http://purl.obolibrary.org/obo/CHEBI_33323>	<http://www.w3.org/2000/01/rdf-schema#subClassOf>	<http://purl.obolibrary.org/obo/CHEBI_24431>
<https://w3id.org/pmd/co/PMD_0001015>	<http://www.w3.org/2000/01/rdf-schema#subClassOf>	<https://w3id.org/pmd/co/PMD_0001014>
<https://w3id.org/pmd/co/PMD_0000598>	<http://www.w3.org/2000/01/rdf-schema#subClassOf>	<https://w3id.org/pmd/co/PMD_0000879>
<https://w3id.org/pmd/co/PMD_0000801>	<http://www.w3.org/2000/01/rdf-schema#subClassOf>	<https://w3id.org/pmd/co/PMD_0000550>
<http://purl.obolibrary.org/obo/CHEBI_33521>	<http://www.w3.org/2000/01/rdf-schema#subClassOf>	<http://purl.obolibrary.org/obo/CHEBI_24431>
<https://w3id.org/pmd/co/PMD_0000005>	<http://www.w3.org/2000/01/rdf-schema#subClassOf>	<http://purl.obolibrary.org/obo/BFO_0000017>
<http://purl.obolibrary.org/obo/OBI_0001933>	<http://www.w3.org/2000/01/rdf-schema#subClassOf>	<http://purl.obolibrary.org/obo/IAO_0000030>
<http://purl.obolibrary.org/obo/CHEBI_33379>	<http://www.w3.org/2000/01/rdf-schema#subClassOf>	<http://purl.obolibrary.org/obo/CHEBI_24431>
<http://purl.obolibrary.org/obo/CHEBI_24431>	<http://www.w3.org/2000/01/rdf-schema#subClassOf>	<http://purl.obolibrary.org/obo/BFO_0000040>
<https://w3id.org/pmd/co/PMD_0000512>	<http://www.w3.org/2000/01/rdf-schema#subClassOf>	<https://w3id.org/pmd/co/PMD_0000863>
<https://w3id.org/pmd/co/PMD_0000567>	<http://www.w3.org/2000/01/rdf-schema#subClassOf>	<https://w3id.org/pmd/co/PMD_0000602>
<https://w3id.org/pmd/co/PMD_0000784>	<http://www.w3.org/2000/01/rdf-schema#subClassOf>	<https://w3id.org/pmd/co/PMD_0000557>
<https://w3id.org/pmd/co/PMD_0000868>	<http://www.w3.org/2000/01/rdf-schema#subClassOf>	<https://w3id.org/pmd/co/PMD_0000001>
<https://w3id.org/pmd/co/PMD_0001005>	<http://www.w3.org/2000/01/rdf-schema#subClassOf>	<https://w3id.org/pmd/co/PMD_0000916>
<https://w3id.org/pmd/co/PMD_0020083>	<http://www.w3.org/2000/01/rdf-schema#subClassOf>	<https://w3id.org/pmd/co/PMD_0020025>
<https://w3id.org/pmd/co/PMD_0000511>	<http://www.w3.org/2000/01/rdf-schema#subClassOf>	<https://w3id.org/pmd/co/PMD_0000972>
<http://purl.obolibrary.org/obo/CHEBI_33337>	<http://www.w3.org/2000/01/rdf-schema#subClassOf>	<http://purl.obolibrary.org/obo/CHEBI_24431>
<https://w3id.org/pmd/co/PMD_0000576>	<http://www.w3.org/2000/01/rdf-schema#subClassOf>	<https://w3id.org/pmd/co/PMD_0000602>
<https://w3id.org/pmd/co/PMD_0000771>	<http://www.w3.org/2000/01/rdf-schema#subClassOf>	_:Bea59bd4aX2Ddb32X2D4152X2D89c0X2D18befc8940c5genid323
<https://w3id.org/pmd/co/PMD_0000923>	<http://www.w3.org/2000/01/rdf-schema#subClassOf>	_:Bea59bd4aX2Ddb32X2D4152X2D89c0X2D18befc8940c5genid403
<http://purl.obolibrary.org/obo/CHEBI_30682>	<http://www.w3.org/2000/01/rdf-schema#subClassOf>	<http://purl.obolibrary.org/obo/CHEBI_24431>
<https://w3id.org/pmd/co/PMD_0020054>	<http://www.w3.org/2000/01/rdf-schema#subClassOf>	<https://w3id.org/pmd/co/PMD_0020025>
<http://purl.obolibrary.org/obo/CHEBI_33388>	<http://www.w3.org/2000/01/rdf-schema#subClassOf>	<http://purl.obolibrary.org/obo/CHEBI_24431>
<https://w3id.org/pmd/co/PMD_0000928>	<http://www.w3.org/2000/01/rdf-schema#subClassOf>	<https://w3id.org/pmd/co/PMD_0000602>
<https://w3id.org/pmd/co/PMD_0000589>	<http://www.w3.org/2000/01/rdf-schema#subClassOf>	<https://w3id.org/pmd/co/PMD_0000849>
<https://w3id.org/pmd/co/PMD_0000790>	<http://www.w3.org/2000/01/rdf-schema#subClassOf>	<https://w3id.org/pmd/co/PMD_0000877>
<https://w3id.org/pmd/co/PMD_0000017>	<http://www.w3.org/2000/01/rdf-schema#subClassOf>	<http://purl.obolibrary.org/obo/IAO_0000030>
<http://purl.obolibrary.org/obo/CHEBI_33396>	<http://www.w3.org/2000/01/rdf-schema#subClassOf>	<http://purl.obolibrary.org/obo/CHEBI_24431>
<https://w3id.org/pmd/co/PMD_0000638>	<http://www.w3.org/2000/01/rdf-schema#subClassOf>	<https://w3id.org/pmd/co/PMD_0000849>
<https://w3id.org/pmd/co/PMD_0020040>	<http://www.w3.org/2000/01/rdf-schema#subClassOf>	<https://w3id.org/pmd/co/PMD_0020025>
<https://w3id.org/pmd/co/PMD_0000651>	<http://www.w3.org/2000/01/rdf-schema#subClassOf>	<https://w3id.org/pmd/co/PMD_0000646>
<https://w3id.org/pmd/co/PMD_0000831>	<http://www.w3.org/2000/01/rdf-schema#subClassOf>	<http://purl.obolibrary.org/obo/BFO_0000023>
<https://w3id.org/pmd/co/PMD_0000640>	<http://www.w3.org/2000/01/rdf-schema#subClassOf>	_:Bea59bd4aX2Ddb32X2D4152X2D89c0X2D18befc8940c5genid304
<https://w3id.org/pmd/co/PMD_0000862>	<http://www.w3.org/2000/01/rdf-schema#subClassOf>	<https://w3id.org/pmd/co/PMD_0000933>
<https://w3id.org/pmd/co/PMD_0020032>	<http://www.w3.org/2000/01/rdf-schema#subClassOf>	<https://w3id.org/pmd/co/PMD_0020025>
<https://w3id.org/pmd/co/PMD_0020104>	<http://www.w3.org/2000/01/rdf-schema#subClassOf>	<https://w3id.org/pmd/co/PMD_0020101>
<https://w3id.org/pmd/co/PMD_0000996>	<http://www.w3.org/2000/01/rdf-schema#subClassOf>	<https://w3id.org/pmd/co/PMD_0000882>
<https://w3id.org/pmd/co/PMD_0000934>	<http://www.w3.org/2000/01/rdf-schema#subClassOf>	<https://w3id.org/pmd/co/PMD_0000550>
<http://purl.obolibrary.org/obo/OBI_0001931>	<http://www.w3.org/2000/01/rdf-schema#subClassOf>	<http://purl.obolibrary.org/obo/OBI_0001933>
<https://w3id.org/pmd/co/PMD_0000542>	<http://www.w3.org/2000/01/rdf-schema#subClassOf>	<https://w3id.org/pmd/co/PMD_0000541>
<https://w3id.org/pmd/co/PMD_0000543>	<http://www.w3.org/2000/01/rdf-schema#subClassOf>	<https://w3id.org/pmd/co/PMD_0000603>
<http://purl.obolibrary.org/obo/CHEBI_33351>	<http://www.w3.org/2000/01/rdf-schema#subClassOf>	<http://purl.obolibrary.org/obo/CHEBI_24431>
<https://w3id.org/pmd/co/PMD_0000642>	<http://www.w3.org/2000/01/rdf-schema#subClassOf>	<https://w3id.org/pmd/co/PMD_0000602>
<https://w3id.org/pmd/co/PMD_0000008>	<http://www.w3.org/2000/01/rdf-schema#subClassOf>	<http://purl.obolibrary.org/obo/BFO_0000003>
<https://w3id.org/pmd/co/PMD_0020090>	<http://www.w3.org/2000/01/rdf-schema#subClassOf>	<https://w3id.org/pmd/co/PMD_0020025>
<http://purl.obolibrary.org/obo/CHEBI_137980>	<http://www.w3.org/2000/01/rdf-schema#subClassOf>	<http://purl.obolibrary.org/obo/CHEBI_24431>
<http://purl.obolibrary.org/obo/CHEBI_194535>	<http://www.w3.org/2000/01/rdf-schema#subClassOf>	<http://purl.obolibrary.org/obo/CHEBI_24431>
<http://purl.obolibrary.org/obo/CHEBI_33373>	<http://www.w3.org/2000/01/rdf-schema#subClassOf>	<http://purl.obolibrary.org/obo/CHEBI_24431>
<http://purl.obolibrary.org/obo/CHEBI_28073>	<http://www.w3.org/2000/01/rdf-schema#subClassOf>	<http://purl.obolibrary.org/obo/CHEBI_24431>
<https://w3id.org/pmd/co/PMD_0000532>	<http://www.w3.org/2000/01/rdf-schema#subClassOf>	<https://w3id.org/pmd/co/PMD_0001025>
<https://w3id.org/pmd/co/PMD_0000897>	<http://www.w3.org/2000/01/rdf-schema#subClassOf>	<https://w3id.org/pmd/co/PMD_0000846>
<https://w3id.org/pmd/co/PMD_0020061>	<http://www.w3.org/2000/01/rdf-schema#subClassOf>	<https://w3id.org/pmd/co/PMD_0020025>
<https://w3id.org/pmd/co/PMD_0000919>	<http://www.w3.org/2000/01/rdf-schema#subClassOf>	<http://purl.obolibrary.org/obo/BFO_0000023>
<https://w3id.org/pmd/co/PMD_0001023>	<http://www.w3.org/2000/01/rdf-schema#subClassOf>	<https://w3id.org/pmd/co/PMD_0000602>
<https://w3id.org/pmd/co/PMD_0000914>	<http://www.w3.org/2000/01/rdf-schema#subClassOf>	<https://w3id.org/pmd/co/PMD_0000927>
<http://purl.obolibrary.org/obo/CHEBI_33368>	<http://www.w3.org/2000/01/rdf-schema#subClassOf>	<http://purl.obolibrary.org/obo/CHEBI_24431>
<https://w3id.org/pmd/co/PMD_0000592>	<http://www.w3.org/2000/01/rdf-schema#subClassOf>	<http://purl.obolibrary.org/obo/BFO_0000034>
<https://w3id.org/pmd/co/PMD_0020088>	<http://www.w3.org/2000/01/rdf-schema#subClassOf>	<https://w3id.org/pmd/co/PMD_0020025>
<https://w3id.org/pmd/co/PMD_0000995>	<http://www.w3.org/2000/01/rdf-schema#subClassOf>	<https://w3id.org/pmd/co/PMD_0000849>
<https://w3id.org/pmd/co/PMD_0000917>	<http://www.w3.org/2000/01/rdf-schema#subClassOf>	<https://w3id.org/pmd/co/PMD_0000602>
<http://purl.obolibrary.org/obo/CHEBI_194541>	<http://www.w3.org/2000/01/rdf-schema#subClassOf>	<http://purl.obolibrary.org/obo/CHEBI_24431>
<https://w3id.org/pmd/co/PMD_0000986>	<http://www.w3.org/2000/01/rdf-schema#subClassOf>	<https://w3id.org/pmd/co/PMD_0000982>
<https://w3id.org/pmd/co/PMD_0000874>	<http://www.w3.org/2000/01/rdf-schema#subClassOf>	<https://w3id.org/pmd/co/PMD_0000855>
<https://w3id.org/pmd/co/PMD_0000832>	<http://www.w3.org/2000/01/rdf-schema#subClassOf>	<http://purl.obolibrary.org/obo/BFO_0000034>
<https://w3id.org/pmd/co/PMD_0020002>	<http://www.w3.org/2000/01/rdf-schema#subClassOf>	<http://purl.obolibrary.org/obo/BFO_0000023>
<http://purl.obolibrary.org/obo/CHEBI_27568>	<http://www.w3.org/2000/01/rdf-schema#subClassOf>	<http://purl.obolibrary.org/obo/CHEBI_24431>
<http://purl.obolibrary.org/obo/CHEBI_25555>	<http://www.w3.org/2000/01/rdf-schema#subClassOf>	<http://purl.obolibrary.org/obo/CHEBI_24431>
<https://w3id.org/pmd/co/PMD_0000785>	<http://www.w3.org/2000/01/rdf-schema#subClassOf>	<https://w3id.org/pmd/co/PMD_0000657>
<https://w3id.org/pmd/co/PMD_0020059>	<http://www.w3.org/2000/01/rdf-schema#subClassOf>	<https://w3id.org/pmd/co/PMD_0020025>
<https://w3id.org/pmd/co/PMD_0000808>	<http://www.w3.org/2000/01/rdf-schema#subClassOf>	<https://w3id.org/pmd/co/PMD_0000806>
<https://w3id.org/pmd/co/PMD_0001008>	<http://www.w3.org/2000/01/rdf-schema#subClassOf>	<https://w3id.org/pmd/co/PMD_0000802>
<http://purl.obolibrary.org/obo/CHEBI_27698>	<http://www.w3.org/2000/01/rdf-schema#subClassOf>	<http://purl.obolibrary.org/obo/CHEBI_24431>
<http://purl.obolibrary.org/obo/CHEBI_33331>	<http://www.w3.org/2000/01/rdf-schema#subClassOf>	<http://purl.obolibrary.org/obo/CHEBI_24431>
<https://w3id.org/pmd/co/PMD_0000805>	<http://www.w3.org/2000/01/rdf-schema#subClassOf>	<http://purl.obolibrary.org/obo/BFO_0000034>
<https://w3id.org/pmd/co/PMD_0000601>	<http://www.w3.org/2000/01/rdf-schema#subClassOf>	<https://w3id.org/pmd/co/PMD_0000931>
<http://purl.obolibrary.org/obo/CHEBI_30501>	<http://www.w3.org/2000/01/rdf-schema#subClassOf>	<http://purl.obolibrary.org/obo/CHEBI_24431>
<http://purl.obolibrary.org/obo/CHEBI_28984>	<http://www.w3.org/2000/01/rdf-schema#subClassOf>	<http://purl.obolibrary.org/obo/CHEBI_24431>
<https://w3id.org/pmd/co/PMD_0000818>	<http://www.w3.org/2000/01/rdf-schema#subClassOf>	<https://w3id.org/pmd/co/PMD_0000648>
<https://w3id.org/pmd/co/PMD_0020038>	<http://www.w3.org/2000/01/rdf-schema#subClassOf>	<https://w3id.org/pmd/co/PMD_0020025>
<https://w3id.org/pmd/co/PMD_0000942>	<http://www.w3.org/2000/01/rdf-schema#subClassOf>	<https://w3id.org/pmd/co/PMD_0000863>
<http://purl.obolibrary.org/obo/BFO_0000182>	<http://www.w3.org/2000/01/rdf-schema#subClassOf>	<http://purl.obolibrary.org/obo/BFO_0000015>
<https://w3id.org/pmd/co/PMD_0000958>	<http://www.w3.org/2000/01/rdf-schema#subClassOf>	<https://w3id.org/pmd/co/PMD_0000006>
<https://w3id.org/pmd/co/PMD_0020101>	<http://www.w3.org/2000/01/rdf-schema#subClassOf>	<http://purl.obolibrary.org/obo/BFO_0000145>
<https://w3id.org/pmd/co/PMD_0000935>	<http://www.w3.org/2000/01/rdf-schema#subClassOf>	<https://w3id.org/pmd/co/PMD_0000558>
<https://w3id.org/pmd/co/PMD_0000609>	<http://www.w3.org/2000/01/rdf-schema#subClassOf>	<https://w3id.org/pmd/co/PMD_0000846>
<https://w3id.org/pmd/co/PMD_0000590>	<http://www.w3.org/2000/01/rdf-schema#subClassOf>	<https://w3id.org/pmd/co/PMD_0000968>
<https://w3id.org/pmd/co/PMD_0000879>	<http://www.w3.org/2000/01/rdf-schema#subClassOf>	<http://purl.obolibrary.org/obo/BFO_0000141>
<https://w3id.org/pmd/co/PMD_0001020>	<http://www.w3.org/2000/01/rdf-schema#subClassOf>	<https://w3id.org/pmd/co/PMD_0000602>
<http://purl.obolibrary.org/obo/CHEBI_33390>	<http://www.w3.org/2000/01/rdf-schema#subClassOf>	<http://purl.obolibrary.org/obo/CHEBI_24431>
<https://w3id.org/pmd/co/PMD_0050001>	<http://www.w3.org/2000/01/rdf-schema#subClassOf>	<https://w3id.org/pmd/co/PMD_0050000>
<https://w3id.org/pmd/co/PMD_0000857>	<http://www.w3.org/2000/01/rdf-schema#subClassOf>	<https://w3id.org/pmd/co/PMD_0000006>
<https://w3id.org/pmd/co/PMD_0000582>	<http://www.w3.org/2000/01/rdf-schema#subClassOf>	<https://w3id.org/pmd/co/PMD_0000602>
<https://w3id.org/pmd/co/PMD_0000938>	<http://www.w3.org/2000/01/rdf-schema#subClassOf>	<https://w3id.org/pmd/co/PMD_0000603>
<https://w3id.org/pmd/co/PMD_0000820>	<http://www.w3.org/2000/01/rdf-schema#subClassOf>	<https://w3id.org/pmd/co/PMD_0000602>
<https://w3id.org/pmd/co/PMD_0000647>	<http://www.w3.org/2000/01/rdf-schema#subClassOf>	<https://w3id.org/pmd/co/PMD_0000646>
<https://w3id.org/pmd/co/PMD_0000983>	<http://www.w3.org/2000/01/rdf-schema#subClassOf>	<https://w3id.org/pmd/co/PMD_0000602>
<https://w3id.org/pmd/co/PMD_0001009>	<http://www.w3.org/2000/01/rdf-schema#subClassOf>	<https://w3id.org/pmd/co/PMD_0000602>
<https://w3id.org/pmd/co/PMD_0020082>	<http://www.w3.org/2000/01/rdf-schema#subClassOf>	<https://w3id.org/pmd/co/PMD_0020025>
<https://w3id.org/pmd/co/PMD_0000988>	<http://www.w3.org/2000/01/rdf-schema#subClassOf>	<https://w3id.org/pmd/co/PMD_0000550>
<https://w3id.org/pmd/co/PMD_0000534>	<http://www.w3.org/2000/01/rdf-schema#subClassOf>	<http://purl.obolibrary.org/obo/BFO_0000023>
<https://w3id.org/pmd/co/PMD_0020067>	<http://www.w3.org/2000/01/rdf-schema#subClassOf>	<https://w3id.org/pmd/co/PMD_0020025>
<https://w3id.org/pmd/co/PMD_0000550>	<http://www.w3.org/2000/01/rdf-schema#subClassOf>	<https://w3id.org/pmd/co/PMD_0000833>
<http://purl.obolibrary.org/obo/BFO_0000003>	<http://www.w3.org/2000/01/rdf-schema#subClassOf>	<http://purl.obolibrary.org/obo/BFO_0000001>
<http://purl.obolibrary.org/obo/CHEBI_28685>	<http://www.w3.org/2000/01/rdf-schema#subClassOf>	<http://purl.obolibrary.org/obo/CHEBI_24431>
<https://w3id.org/pmd/co/PMD_0020053>	<http://www.w3.org/2000/01/rdf-schema#subClassOf>	<https://w3id.org/pmd/co/PMD_0020025>
<http://purl.obolibrary.org/obo/CHEBI_33387>	<http://www.w3.org/2000/01/rdf-schema#subClassOf>	<http://purl.obolibrary.org/obo/CHEBI_24431>
<https://w3id.org/pmd/co/PMD_0020074>	<http://www.w3.org/2000/01/rdf-schema#subClassOf>	<https://w3id.org/pmd/co/PMD_0020025>
<http://purl.obolibrary.org/obo/CHEBI_33359>	<http://www.w3.org/2000/01/rdf-schema#subClassOf>	<http://purl.obolibrary.org/obo/CHEBI_24431>
<https://w3id.org/pmd/co/PMD_0000856>	<http://www.w3.org/2000/01/rdf-schema#subClassOf>	<https://w3id.org/pmd/co/PMD_0000957>
<https://w3id.org/pmd/co/PMD_0000542>	<http://www.w3.org/2000/01/rdf-schema#subClassOf>	<https://w3id.org/pmd/co/PMD_0001011>
<http://purl.obolibrary.org/obo/CHEBI_28694>	<http://www.w3.org/2000/01/rdf-schema#subClassOf>	<http://purl.obolibrary.org/obo/CHEBI_24431>
<https://w3id.org/pmd/co/PMD_0020045>	<http://www.w3.org/2000/01/rdf-schema#subClassOf>	<https://w3id.org/pmd/co/PMD_0020025>
<https://w3id.org/pmd/co/PMD_0000989>	<http://www.w3.org/2000/01/rdf-schema#subClassOf>	<https://w3id.org/pmd/co/PMD_0000556>
<https://w3id.org/pmd/co/PMD_0000654>	<http://www.w3.org/2000/01/rdf-schema#subClassOf>	_:Bea59bd4aX2Ddb32X2D4152X2D89c0X2D18befc8940c5genid309
<https://w3id.org/pmd/co/PMD_0000632>	<http://www.w3.org/2000/01/rdf-schema#subClassOf>	<https://w3id.org/pmd/co/PMD_0000001>
<https://w3id.org/pmd/co/PMD_0020099>	<http://www.w3.org/2000/01/rdf-schema#subClassOf>	<https://w3id.org/pmd/co/PMD_0020098>
<https://w3id.org/pmd/co/PMD_0000864>	<http://www.w3.org/2000/01/rdf-schema#subClassOf>	<https://w3id.org/pmd/co/PMD_0000005>
<https://w3id.org/pmd/co/PMD_0000927>	<http://www.w3.org/2000/01/rdf-schema#subClassOf>	<https://w3id.org/pmd/co/PMD_0000833>
<https://w3id.org/pmd/co/PMD_0020103>	<http://www.w3.org/2000/01/rdf-schema#subClassOf>	<https://w3id.org/pmd/co/PMD_0020101>
<https://w3id.org/pmd/co/PMD_0000616>	<http://www.w3.org/2000/01/rdf-schema#subClassOf>	<https://w3id.org/pmd/co/PMD_0000849>
<https://w3id.org/pmd/co/PMD_0000904>	<http://www.w3.org/2000/01/rdf-schema#subClassOf>	<https://w3id.org/pmd/co/PMD_0000899>
<https://w3id.org/pmd/co/PMD_0000987>	<http://www.w3.org/2000/01/rdf-schema#subClassOf>	<https://w3id.org/pmd/co/PMD_0000849>
<https://w3id.org/pmd/co/PMD_0000985>	<http://www.w3.org/2000/01/rdf-schema#subClassOf>	_:Bea59bd4aX2Ddb32X2D4152X2D89c0X2D18befc8940c5genid465
<https://w3id.org/pmd/co/PMD_0000549>	<http://www.w3.org/2000/01/rdf-schema#subClassOf>	<http://purl.obolibrary.org/obo/BFO_0000015>
<https://w3id.org/pmd/co/PMD_0000005>	<http://www.w3.org/2000/01/rdf-schema#subClassOf>	_:Bea59bd4aX2Ddb32X2D4152X2D89c0X2D18befc8940c5genid229
<https://w3id.org/pmd/co/PMD_0000892>	<http://www.w3.org/2000/01/rdf-schema#subClassOf>	<https://w3id.org/pmd/co/PMD_0000004>
<https://w3id.org/pmd/co/PMD_0000605>	<http://www.w3.org/2000/01/rdf-schema#subClassOf>	<https://w3id.org/pmd/co/PMD_0000602>
<https://w3id.org/pmd/co/PMD_0000963>	<http://www.w3.org/2000/01/rdf-schema#subClassOf>	<https://w3id.org/pmd/co/PMD_0000557>
<https://w3id.org/pmd/co/PMD_0000565>	<http://www.w3.org/2000/01/rdf-schema#subClassOf>	<https://w3id.org/pmd/co/PMD_0000563>
<https://w3id.org/pmd/co/PMD_0001003>	<http://www.w3.org/2000/01/rdf-schema#subClassOf>	<https://w3id.org/pmd/co/PMD_0000821>
<https://w3id.org/pmd/co/PMD_0000863>	<http://www.w3.org/2000/01/rdf-schema#subClassOf>	_:Bea59bd4aX2Ddb32X2D4152X2D89c0X2D18befc8940c5genid374
<https://w3id.org/pmd/co/PMD_0000792>	<http://www.w3.org/2000/01/rdf-schema#subClassOf>	<https://w3id.org/pmd/co/PMD_0000881>
<https://w3id.org/pmd/co/PMD_0000661>	<http://www.w3.org/2000/01/rdf-schema#subClassOf>	<https://w3id.org/pmd/co/PMD_0000632>
<https://w3id.org/pmd/co/PMD_0000541>	<http://www.w3.org/2000/01/rdf-schema#subClassOf>	<https://w3id.org/pmd/co/PMD_0000648>
<https://w3id.org/pmd/co/PMD_0020060>	<http://www.w3.org/2000/01/rdf-schema#subClassOf>	<https://w3id.org/pmd/co/PMD_0020025>
<https://w3id.org/pmd/co/PMD_0000951>	<http://www.w3.org/2000/01/rdf-schema#subClassOf>	<https://w3id.org/pmd/co/PMD_0000931>
<https://w3id.org/pmd/co/PMD_0000976>	<http://www.w3.org/2000/01/rdf-schema#subClassOf>	<http://purl.obolibrary.org/obo/BFO_0000034>
<https://w3id.org/pmd/co/PMD_0050000>	<http://www.w3.org/2000/01/rdf-schema#subClassOf>	<http://purl.obolibrary.org/obo/BFO_0000145>
<http://purl.obolibrary.org/obo/CHEBI_27998>	<http://www.w3.org/2000/01/rdf-schema#subClassOf>	<http://purl.obolibrary.org/obo/CHEBI_24431>
<http://purl.obolibrary.org/obo/CHEBI_33381>	<http://www.w3.org/2000/01/rdf-schema#subClassOf>	<http://purl.obolibrary.org/obo/CHEBI_24431>
<https://w3id.org/pmd/co/PMD_0000503>	<http://www.w3.org/2000/01/rdf-schema#subClassOf>	<https://w3id.org/pmd/co/PMD_0000921>
<https://w3id.org/pmd/co/PMD_0000614>	<http://www.w3.org/2000/01/rdf-schema#subClassOf>	<https://w3id.org/pmd/co/PMD_0000927>
<http://purl.obolibrary.org/obo/CHEBI_33325>	<http://www.w3.org/2000/01/rdf-schema#subClassOf>	<http://purl.obolibrary.org/obo/CHEBI_24431>
<http://purl.obolibrary.org/obo/CHEBI_33395>	<http://www.w3.org/2000/01/rdf-schema#subClassOf>	<http://purl.obolibrary.org/obo/CHEBI_24431>
<https://w3id.org/pmd/co/PMD_0000002>	<http://www.w3.org/2000/01/rdf-schema#subClassOf>	_:Bea59bd4aX2Ddb32X2D4152X2D89c0X2D18befc8940c5genid224
<https://w3id.org/pmd/co/PMD_0000822>	<http://www.w3.org/2000/01/rdf-schema#subClassOf>	<https://w3id.org/pmd/co/PMD_0000927>
<https://w3id.org/pmd/co/PMD_0000650>	<http://www.w3.org/2000/01/rdf-schema#subClassOf>	<https://w3id.org/pmd/co/PMD_0000646>
<http://purl.obolibrary.org/obo/CHEBI_33376>	<http://www.w3.org/2000/01/rdf-schema#subClassOf>	<http://purl.obolibrary.org/obo/CHEBI_24431>
<http://purl.obolibrary.org/obo/CHEBI_24061>	<http://www.w3.org/2000/01/rdf-schema#subClassOf>	<http://purl.obolibrary.org/obo/CHEBI_24431>
<https://w3id.org/pmd/co/PMD_0000889>	<http://www.w3.org/2000/01/rdf-schema#subClassOf>	<https://w3id.org/pmd/co/PMD_0000635>
<https://w3id.org/pmd/co/PMD_0000629>	<http://www.w3.org/2000/01/rdf-schema#subClassOf>	<http://purl.obolibrary.org/obo/BFO_0000015>
<http://purl.obolibrary.org/obo/BFO_0000040>	<http://www.w3.org/2000/01/rdf-schema#subClassOf>	<http://purl.obolibrary.org/obo/BFO_0000004>
<https://w3id.org/pmd/co/PMD_0000997>	<http://www.w3.org/2000/01/rdf-schema#subClassOf>	<https://w3id.org/pmd/co/PMD_0000561>
<https://w3id.org/pmd/co/PMD_0000626>	<http://www.w3.org/2000/01/rdf-schema#subClassOf>	<https://w3id.org/pmd/co/PMD_0000945>
<https://w3id.org/pmd/co/PMD_0000926>	<http://www.w3.org/2000/01/rdf-schema#subClassOf>	<https://w3id.org/pmd/co/PMD_0000849>
<https://w3id.org/pmd/co/PMD_0000660>	<http://www.w3.org/2000/01/rdf-schema#subClassOf>	<https://w3id.org/pmd/co/PMD_0000594>
<http://purl.obolibrary.org/obo/CHEBI_33348>	<http://www.w3.org/2000/01/rdf-schema#subClassOf>	<http://purl.obolibrary.org/obo/CHEBI_24431>
<http://purl.obolibrary.org/obo/IAO_0000109>	<http://www.w3.org/2000/01/rdf-schema#subClassOf>	<http://purl.obolibrary.org/obo/IAO_0000027>
<https://w3id.org/pmd/co/PMD_0001010>	<http://www.w3.org/2000/01/rdf-schema#subClassOf>	<https://w3id.org/pmd/co/PMD_0000849>
<https://w3id.org/pmd/co/PMD_0000886>	<http://www.w3.org/2000/01/rdf-schema#subClassOf>	<https://w3id.org/pmd/co/PMD_0000648>
<https://w3id.org/pmd/co/PMD_0020037>	<http://www.w3.org/2000/01/rdf-schema#subClassOf>	<https://w3id.org/pmd/co/PMD_0020025>
<http://purl.obolibrary.org/obo/CHEBI_27007>	<http://www.w3.org/2000/01/rdf-schema#subClassOf>	<http://purl.obolibrary.org/obo/CHEBI_24431>
<https://w3id.org/pmd/co/PMD_0020003>	<http://www.w3.org/2000/01/rdf-schema#subClassOf>	<http://purl.obolibrary.org/obo/BFO_0000030>
<https://w3id.org/pmd/co/PMD_0000981>	<http://www.w3.org/2000/01/rdf-schema#subClassOf>	<https://w3id.org/pmd/co/PMD_0000005>
<https://w3id.org/pmd/co/PMD_0000618>	<http://www.w3.org/2000/01/rdf-schema#subClassOf>	<https://w3id.org/pmd/co/PMD_0000949>
<https://w3id.org/pmd/co/PMD_0000653>	<http://www.w3.org/2000/01/rdf-schema#subClassOf>	<https://w3id.org/pmd/co/PMD_0000849>
<https://w3id.org/pmd/co/PMD_0000622>	<http://www.w3.org/2000/01/rdf-schema#subClassOf>	<https://w3id.org/pmd/co/PMD_0001025>
<http://purl.obolibrary.org/obo/CHEBI_27214>	<http://www.w3.org/2000/01/rdf-schema#subClassOf>	<http://purl.obolibrary.org/obo/CHEBI_24431>
<https://w3id.org/pmd/co/PMD_0000998>	<http://www.w3.org/2000/01/rdf-schema#subClassOf>	<https://w3id.org/pmd/co/PMD_0000602>
<https://w3id.org/pmd/co/PMD_0000815>	<http://www.w3.org/2000/01/rdf-schema#subClassOf>	<http://purl.obolibrary.org/obo/BFO_0000023>
<https://w3id.org/pmd/co/PMD_0000624>	<http://www.w3.org/2000/01/rdf-schema#subClassOf>	<https://w3id.org/pmd/co/PMD_0000855>
<https://w3id.org/pmd/co/PMD_0000657>	<http://www.w3.org/2000/01/rdf-schema#subClassOf>	<https://w3id.org/pmd/co/PMD_0000557>
<http://purl.obolibrary.org/obo/CHEBI_33353>	<http://www.w3.org/2000/01/rdf-schema#subClassOf>	<http://purl.obolibrary.org/obo/CHEBI_24431>
<https://w3id.org/pmd/co/PMD_0000581>	<http://www.w3.org/2000/01/rdf-schema#subClassOf>	<https://w3id.org/pmd/co/PMD_0000849>
<https://w3id.org/pmd/co/PMD_0001022>	<http://www.w3.org/2000/01/rdf-schema#subClassOf>	<https://w3id.org/pmd/co/PMD_0000602>
<http://purl.obolibrary.org/obo/BFO_0000018>	<http://www.w3.org/2000/01/rdf-schema#subClassOf>	<http://purl.obolibrary.org/obo/BFO_0000006>
<http://purl.obolibrary.org/obo/CHEBI_33361>	<http://www.w3.org/2000/01/rdf-schema#subClassOf>	<http://purl.obolibrary.org/obo/CHEBI_24431>
<https://w3id.org/pmd/co/PMD_0020095>	<http://www.w3.org/2000/01/rdf-schema#subClassOf>	<https://w3id.org/pmd/co/PMD_0020025>
<http://purl.obolibrary.org/obo/CHEBI_194537>	<http://www.w3.org/2000/01/rdf-schema#subClassOf>	<http://purl.obolibrary.org/obo/CHEBI_24431>
<https://w3id.org/pmd/co/PMD_0000796>	<http://www.w3.org/2000/01/rdf-schema#subClassOf>	<https://w3id.org/pmd/co/PMD_0000557>
<https://w3id.org/pmd/co/PMD_0000944>	<http://www.w3.org/2000/01/rdf-schema#subClassOf>	<https://w3id.org/pmd/co/PMD_0000602>
<https://w3id.org/pmd/co/PMD_0000615>	<http://www.w3.org/2000/01/rdf-schema#subClassOf>	<https://w3id.org/pmd/co/PMD_0000648>
<https://w3id.org/pmd/co/PMD_0000649>	<http://www.w3.org/2000/01/rdf-schema#subClassOf>	<https://w3id.org/pmd/co/PMD_0000646>
<https://w3id.org/pmd/co/PMD_0000961>	<http://www.w3.org/2000/01/rdf-schema#subClassOf>	<https://w3id.org/pmd/co/PMD_0000882>
<https://w3id.org/pmd/co/PMD_0000850>	<http://www.w3.org/2000/01/rdf-schema#subClassOf>	<http://purl.obolibrary.org/obo/BFO_0000019>
<https://w3id.org/pmd/co/PMD_0000780>	<http://www.w3.org/2000/01/rdf-schema#subClassOf>	<https://w3id.org/pmd/co/PMD_0000602>
<https://w3id.org/pmd/co/PMD_0020066>	<http://www.w3.org/2000/01/rdf-schema#subClassOf>	<https://w3id.org/pmd/co/PMD_0020025>
<https://w3id.org/pmd/co/PMD_0020087>	<http://www.w3.org/2000/01/rdf-schema#subClassOf>	<https://w3id.org/pmd/co/PMD_0020025>
<https://w3id.org/pmd/co/PMD_0000570>	<http://www.w3.org/2000/01/rdf-schema#subClassOf>	<https://w3id.org/pmd/co/PMD_0000563>
<https://w3id.org/pmd/co/PMD_0020073>	<http://www.w3.org/2000/01/rdf-schema#subClassOf>	<https://w3id.org/pmd/co/PMD_0020025>
<http://purl.obolibrary.org/obo/CHEBI_33314>	<http://www.w3.org/2000/01/rdf-schema#subClassOf>	<http://purl.obolibrary.org/obo/CHEBI_24431>
<https://w3id.org/pmd/co/PMD_0020058>	<http://www.w3.org/2000/01/rdf-schema#subClassOf>	<https://w3id.org/pmd/co/PMD_0020025>
<https://w3id.org/pmd/co/PMD_0000975>	<http://www.w3.org/2000/01/rdf-schema#subClassOf>	_:Bea59bd4aX2Ddb32X2D4152X2D89c0X2D18befc8940c5genid444
<https://w3id.org/pmd/co/PMD_0000824>	<http://www.w3.org/2000/01/rdf-schema#subClassOf>	<https://w3id.org/pmd/co/PMD_0000006>
<https://w3id.org/pmd/co/PMD_0000936>	<http://www.w3.org/2000/01/rdf-schema#subClassOf>	<https://w3id.org/pmd/co/PMD_0000602>
<http://purl.obolibrary.org/obo/BFO_0000008>	<http://www.w3.org/2000/01/rdf-schema#subClassOf>	<http://purl.obolibrary.org/obo/BFO_0000003>
<https://w3id.org/pmd/co/PMD_0020044>	<http://www.w3.org/2000/01/rdf-schema#subClassOf>	<https://w3id.org/pmd/co/PMD_0020025>
<https://w3id.org/pmd/co/PMD_0000898>	<http://www.w3.org/2000/01/rdf-schema#subClassOf>	<https://w3id.org/pmd/co/PMD_0000847>
<https://w3id.org/pmd/co/PMD_0000888>	<http://www.w3.org/2000/01/rdf-schema#subClassOf>	<https://w3id.org/pmd/co/PMD_0000632>
<https://w3id.org/pmd/co/PMD_0020031>	<http://www.w3.org/2000/01/rdf-schema#subClassOf>	<https://w3id.org/pmd/co/PMD_0020025>
<https://w3id.org/pmd/co/PMD_0000990>	<http://www.w3.org/2000/01/rdf-schema#subClassOf>	<https://w3id.org/pmd/co/PMD_0000557>
<https://w3id.org/pmd/co/PMD_0000826>	<http://www.w3.org/2000/01/rdf-schema#subClassOf>	<https://w3id.org/pmd/co/PMD_0000550>
<http://purl.obolibrary.org/obo/BFO_0000146>	<http://www.w3.org/2000/01/rdf-schema#subClassOf>	<http://purl.obolibrary.org/obo/BFO_0000140>
<https://w3id.org/pmd/co/PMD_0000953>	<http://www.w3.org/2000/01/rdf-schema#subClassOf>	<https://w3id.org/pmd/co/PMD_0000635>
<https://w3id.org/pmd/co/PMD_0000883>	<http://www.w3.org/2000/01/rdf-schema#subClassOf>	<https://w3id.org/pmd/co/PMD_0000550>
<http://purl.obolibrary.org/obo/CHEBI_49637>	<http://www.w3.org/2000/01/rdf-schema#subClassOf>	<http://purl.obolibrary.org/obo/CHEBI_24431>
<https://w3id.org/pmd/co/PMD_0000875>	<http://www.w3.org/2000/01/rdf-schema#subClassOf>	<https://w3id.org/pmd/co/PMD_0000856>
<https://w3id.org/pmd/co/PMD_0000658>	<http://www.w3.org/2000/01/rdf-schema#subClassOf>	<https://w3id.org/pmd/co/PMD_0000556>
<https://w3id.org/pmd/co/PMD_0001019>	<http://www.w3.org/2000/01/rdf-schema#subClassOf>	<https://w3id.org/pmd/co/PMD_0000945>
<https://w3id.org/pmd/co/PMD_0000612>	<http://www.w3.org/2000/01/rdf-schema#subClassOf>	<https://w3id.org/pmd/co/PMD_0000927>
<http://purl.obolibrary.org/obo/IAO_0000078>	<http://www.w3.org/2000/01/rdf-schema#subClassOf>	<http://purl.obolibrary.org/obo/IAO_0000102>
<https://w3id.org/pmd/co/PMD_0000603>	<http://www.w3.org/2000/01/rdf-schema#subClassOf>	<http://purl.obolibrary.org/obo/BFO_0000023>
<https://w3id.org/pmd/co/PMD_0000508>	<http://www.w3.org/2000/01/rdf-schema#subClassOf>	<https://w3id.org/pmd/co/PMD_0000602>
<http://purl.obolibrary.org/obo/CHEBI_49696>	<http://www.w3.org/2000/01/rdf-schema#subClassOf>	<http://purl.obolibrary.org/obo/CHEBI_24431>
<https://w3id.org/pmd/co/PMD_0000810>	<http://www.w3.org/2000/01/rdf-schema#subClassOf>	<https://w3id.org/pmd/co/PMD_0000806>
<https://w3id.org/pmd/co/PMD_0000593>	<http://www.w3.org/2000/01/rdf-schema#subClassOf>	<https://w3id.org/pmd/co/PMD_0000603>
<https://w3id.org/pmd/co/PMD_0000869>	<http://www.w3.org/2000/01/rdf-schema#subClassOf>	<http://purl.obolibrary.org/obo/BFO_0000015>
<http://purl.obolibrary.org/obo/CHEBI_30512>	<http://www.w3.org/2000/01/rdf-schema#subClassOf>	<http://purl.obolibrary.org/obo/CHEBI_24431>
<https://w3id.org/pmd/co/PMD_0000803>	<http://www.w3.org/2000/01/rdf-schema#subClassOf>	<https://w3id.org/pmd/co/PMD_0000602>
<http://purl.obolibrary.org/obo/BFO_0000019>	<http://www.w3.org/2000/01/rdf-schema#subClassOf>	<http://purl.obolibrary.org/obo/BFO_0000020>
<https://w3id.org/pmd/co/PMD_0020081>	<http://www.w3.org/2000/01/rdf-schema#subClassOf>	<https://w3id.org/pmd/co/PMD_0020025>
<https://w3id.org/pmd/co/PMD_0000833>	<http://www.w3.org/2000/01/rdf-schema#subClassOf>	_:Bea59bd4aX2Ddb32X2D4152X2D89c0X2D18befc8940c5genid359
<https://w3id.org/pmd/co/PMD_0000667>	<http://www.w3.org/2000/01/rdf-schema#subClassOf>	<https://w3id.org/pmd/co/PMD_0000648>
<http://purl.obolibrary.org/obo/BFO_0000140>	<http://www.w3.org/2000/01/rdf-schema#subClassOf>	<http://purl.obolibrary.org/obo/BFO_0000141>
<http://purl.obolibrary.org/obo/CHEBI_33342>	<http://www.w3.org/2000/01/rdf-schema#subClassOf>	<http://purl.obolibrary.org/obo/CHEBI_24431>
<https://w3id.org/pmd/co/PMD_0000834>	<http://www.w3.org/2000/01/rdf-schema#subClassOf>	<https://w3id.org/pmd/co/PMD_0000502>
<https://w3id.org/pmd/co/PMD_0001011>	<http://www.w3.org/2000/01/rdf-schema#subClassOf>	<https://w3id.org/pmd/co/PMD_0000602>
<https://w3id.org/pmd/co/PMD_0020052>	<http://www.w3.org/2000/01/rdf-schema#subClassOf>	<https://w3id.org/pmd/co/PMD_0020025>
<https://w3id.org/pmd/co/PMD_0020004>	<http://www.w3.org/2000/01/rdf-schema#subClassOf>	<http://purl.obolibrary.org/obo/IAO_0000030>
<https://w3id.org/pmd/co/PMD_0000544>	<http://www.w3.org/2000/01/rdf-schema#subClassOf>	<https://w3id.org/pmd/co/PMD_0000602>
<http://purl.obolibrary.org/obo/CHEBI_27363>	<http://www.w3.org/2000/01/rdf-schema#subClassOf>	<http://purl.obolibrary.org/obo/CHEBI_24431>
<https://w3id.org/pmd/co/PMD_0000910>	<http://www.w3.org/2000/01/rdf-schema#subClassOf>	<https://w3id.org/pmd/co/PMD_0000773>
<https://w3id.org/pmd/co/PMD_0000783>	<http://www.w3.org/2000/01/rdf-schema#subClassOf>	<https://w3id.org/pmd/co/PMD_0000933>
<https://w3id.org/pmd/co/PMD_0000652>	<http://www.w3.org/2000/01/rdf-schema#subClassOf>	<https://w3id.org/pmd/co/PMD_0000646>
<http://purl.obolibrary.org/obo/CHEBI_30430>	<http://www.w3.org/2000/01/rdf-schema#subClassOf>	<http://purl.obolibrary.org/obo/CHEBI_24431>
<https://w3id.org/pmd/co/PMD_0000620>	<http://www.w3.org/2000/01/rdf-schema#subClassOf>	<https://w3id.org/pmd/co/PMD_0000621>
<https://w3id.org/pmd/co/PMD_0000911>	<http://www.w3.org/2000/01/rdf-schema#subClassOf>	<https://w3id.org/pmd/co/PMD_0000877>
<https://w3id.org/pmd/co/PMD_0020102>	<http://www.w3.org/2000/01/rdf-schema#subClassOf>	<https://w3id.org/pmd/co/PMD_0020101>
<https://w3id.org/pmd/co/PMD_0001025>	<http://www.w3.org/2000/01/rdf-schema#subClassOf>	_:Bea59bd4aX2Ddb32X2D4152X2D89c0X2D18befc8940c5genid473
<https://w3id.org/pmd/co/PMD_0000528>	<http://www.w3.org/2000/01/rdf-schema#subClassOf>	<https://w3id.org/pmd/co/PMD_0000920>
<http://purl.obolibrary.org/obo/CHEBI_49475>	<http://www.w3.org/2000/01/rdf-schema#subClassOf>	<http://purl.obolibrary.org/obo/CHEBI_24431>
<https://w3id.org/pmd/co/PMD_0000925>	<http://www.w3.org/2000/01/rdf-schema#subClassOf>	<https://w3id.org/pmd/co/PMD_0000602>
<http://purl.obolibrary.org/obo/CHEBI_49631>	<http://www.w3.org/2000/01/rdf-schema#subClassOf>	<http://purl.obolibrary.org/obo/CHEBI_24431>
<https://w3id.org/pmd/co/PMD_0020079>	<http://www.w3.org/2000/01/rdf-schema#subClassOf>	<https://w3id.org/pmd/co/PMD_0020025>
<https://w3id.org/pmd/co/PMD_0000924>	<http://www.w3.org/2000/01/rdf-schema#subClassOf>	<https://w3id.org/pmd/co/PMD_0000773>
<https://w3id.org/pmd/co/PMD_0000502>	<http://www.w3.org/2000/01/rdf-schema#subClassOf>	<http://purl.obolibrary.org/obo/IAO_0000030>
<https://w3id.org/pmd/co/PMD_0000613>	<http://www.w3.org/2000/01/rdf-schema#subClassOf>	<https://w3id.org/pmd/co/PMD_0000931>
<https://w3id.org/pmd/co/PMD_0000931>	<http://www.w3.org/2000/01/rdf-schema#subClassOf>	<https://w3id.org/pmd/co/PMD_0000583>
<http://purl.obolibrary.org/obo/CHEBI_27573>	<http://www.w3.org/2000/01/rdf-schema#subClassOf>	<http://purl.obolibrary.org/obo/CHEBI_24431>
<https://w3id.org/pmd/co/PMD_0000558>	<http://www.w3.org/2000/01/rdf-schema#subClassOf>	<https://w3id.org/pmd/co/PMD_0000920>
<https://w3id.org/pmd/co/PMD_0000909>	<http://www.w3.org/2000/01/rdf-schema#subClassOf>	_:Bea59bd4aX2Ddb32X2D4152X2D89c0X2D18befc8940c5genid395
<https://w3id.org/pmd/co/PMD_0000591>	<http://www.w3.org/2000/01/rdf-schema#subClassOf>	<https://w3id.org/pmd/co/PMD_0000863>
<https://w3id.org/pmd/co/PMD_0000668>	<http://www.w3.org/2000/01/rdf-schema#subClassOf>	<https://w3id.org/pmd/co/PMD_0000602>
<https://w3id.org/pmd/co/PMD_0000870>	<http://www.w3.org/2000/01/rdf-schema#subClassOf>	<http://purl.obolibrary.org/obo/BFO_0000015>
<https://w3id.org/pmd/co/PMD_0000782>	<http://www.w3.org/2000/01/rdf-schema#subClassOf>	<https://w3id.org/pmd/co/PMD_0000556>
<https://w3id.org/pmd/co/PMD_0000929>	<http://www.w3.org/2000/01/rdf-schema#subClassOf>	<https://w3id.org/pmd/co/PMD_0000849>
<http://purl.obolibrary.org/obo/CHEBI_27638>	<http://www.w3.org/2000/01/rdf-schema#subClassOf>	<http://purl.obolibrary.org/obo/CHEBI_24431>
<https://w3id.org/pmd/co/PMD_0000563>	<http://www.w3.org/2000/01/rdf-schema#subClassOf>	<https://w3id.org/pmd/co/PMD_0000833>
<https://w3id.org/pmd/co/PMD_0000799>	<http://www.w3.org/2000/01/rdf-schema#subClassOf>	<https://w3id.org/pmd/co/PMD_0000602>
<https://w3id.org/pmd/co/PMD_0001007>	<http://www.w3.org/2000/01/rdf-schema#subClassOf>	_:Bea59bd4aX2Ddb32X2D4152X2D89c0X2D18befc8940c5genid469
<https://w3id.org/pmd/co/PMD_0000599>	<http://www.w3.org/2000/01/rdf-schema#subClassOf>	<http://purl.obolibrary.org/obo/BFO_0000023>
<https://w3id.org/pmd/co/PMD_0000848>	<http://www.w3.org/2000/01/rdf-schema#subClassOf>	<https://w3id.org/pmd/co/PMD_0000005>
<http://purl.obolibrary.org/obo/CHEBI_49648>	<http://www.w3.org/2000/01/rdf-schema#subClassOf>	<http://purl.obolibrary.org/obo/CHEBI_24431>
<https://w3id.org/pmd/co/PMD_0000643>	<http://www.w3.org/2000/01/rdf-schema#subClassOf>	<https://w3id.org/pmd/co/PMD_0000846>
<http://purl.obolibrary.org/obo/BFO_0000023>	<http://www.w3.org/2000/01/rdf-schema#subClassOf>	<http://purl.obolibrary.org/obo/BFO_0000017>
<https://w3id.org/pmd/co/PMD_0000969>	<http://www.w3.org/2000/01/rdf-schema#subClassOf>	<http://purl.obolibrary.org/obo/BFO_0000034>
<http://purl.obolibrary.org/obo/CHEBI_33375>	<http://www.w3.org/2000/01/rdf-schema#subClassOf>	<http://purl.obolibrary.org/obo/CHEBI_24431>
<http://purl.obolibrary.org/obo/CHEBI_30145>	<http://www.w3.org/2000/01/rdf-schema#subClassOf>	<http://purl.obolibrary.org/obo/CHEBI_24431>
<https://w3id.org/pmd/co/PMD_0000630>	<http://www.w3.org/2000/01/rdf-schema#subClassOf>	<https://w3id.org/pmd/co/PMD_0000629>
<http://purl.obolibrary.org/obo/CHEBI_25107>	<http://www.w3.org/2000/01/rdf-schema#subClassOf>	<http://purl.obolibrary.org/obo/CHEBI_24431>
<https://w3id.org/pmd/co/PMD_0000509>	<http://www.w3.org/2000/01/rdf-schema#subClassOf>	<https://w3id.org/pmd/co/PMD_0000849>
<http://purl.obolibrary.org/obo/CHEBI_18248>	<http://www.w3.org/2000/01/rdf-schema#subClassOf>	<http://purl.obolibrary.org/obo/CHEBI_24431>
<https://w3id.org/pmd/co/PMD_0020086>	<http://www.w3.org/2000/01/rdf-schema#subClassOf>	<https://w3id.org/pmd/co/PMD_0020025>
<https://w3id.org/pmd/co/PMD_0000572>	<http://www.w3.org/2000/01/rdf-schema#subClassOf>	<https://w3id.org/pmd/co/PMD_0000563>
<https://w3id.org/pmd/co/PMD_0000656>	<http://www.w3.org/2000/01/rdf-schema#subClassOf>	<https://w3id.org/pmd/co/PMD_0000556>
<https://w3id.org/pmd/co/PMD_0020057>	<http://www.w3.org/2000/01/rdf-schema#subClassOf>	<https://w3id.org/pmd/co/PMD_0020025>
<https://w3id.org/pmd/co/PMD_0000974>	<http://www.w3.org/2000/01/rdf-schema#subClassOf>	<https://w3id.org/pmd/co/PMD_0000849>
<http://purl.obolibrary.org/obo/CHEBI_33392>	<http://www.w3.org/2000/01/rdf-schema#subClassOf>	<http://purl.obolibrary.org/obo/CHEBI_24431>
<http://purl.obolibrary.org/obo/CHEBI_33367>	<http://www.w3.org/2000/01/rdf-schema#subClassOf>	<http://purl.obolibrary.org/obo/CHEBI_24431>
<http://purl.obolibrary.org/obo/CHEBI_33397>	<http://www.w3.org/2000/01/rdf-schema#subClassOf>	<http://purl.obolibrary.org/obo/CHEBI_24431>
<http://purl.obolibrary.org/obo/CHEBI_22927>	<http://www.w3.org/2000/01/rdf-schema#subClassOf>	<http://purl.obolibrary.org/obo/CHEBI_24431>
<https://w3id.org/pmd/co/PMD_0000584>	<http://www.w3.org/2000/01/rdf-schema#subClassOf>	<https://w3id.org/pmd/co/PMD_0000833>
<https://w3id.org/pmd/co/PMD_0000847>	<http://www.w3.org/2000/01/rdf-schema#subClassOf>	<http://purl.obolibrary.org/obo/BFO_0000034>
<https://w3id.org/pmd/co/PMD_0000523>	<http://www.w3.org/2000/01/rdf-schema#subClassOf>	<http://purl.obolibrary.org/obo/BFO_0000015>
<https://w3id.org/pmd/co/PMD_0020036>	<http://www.w3.org/2000/01/rdf-schema#subClassOf>	<https://w3id.org/pmd/co/PMD_0020025>
<https://w3id.org/pmd/co/PMD_0000896>	<http://www.w3.org/2000/01/rdf-schema#subClassOf>	<https://w3id.org/pmd/co/PMD_0000985>
<https://w3id.org/pmd/co/PMD_0000930>	<http://www.w3.org/2000/01/rdf-schema#subClassOf>	<http://purl.obolibrary.org/obo/IAO_0000030>
<https://w3id.org/pmd/co/PMD_0000585>	<http://www.w3.org/2000/01/rdf-schema#subClassOf>	<https://w3id.org/pmd/co/PMD_0000931>
<http://purl.obolibrary.org/obo/CHEBI_30217>	<http://www.w3.org/2000/01/rdf-schema#subClassOf>	<http://purl.obolibrary.org/obo/CHEBI_24431>
<http://purl.obolibrary.org/obo/CHEBI_33319>	<http://www.w3.org/2000/01/rdf-schema#subClassOf>	<http://purl.obolibrary.org/obo/CHEBI_24431>
<https://w3id.org/pmd/co/PMD_0000604>	<http://www.w3.org/2000/01/rdf-schema#subClassOf>	<https://w3id.org/pmd/co/PMD_0000621>
<https://w3id.org/pmd/co/PMD_0000648>	<http://www.w3.org/2000/01/rdf-schema#subClassOf>	<https://w3id.org/pmd/co/PMD_0000602>
<https://w3id.org/pmd/co/PMD_0000655>	<http://www.w3.org/2000/01/rdf-schema#subClassOf>	<https://w3id.org/pmd/co/PMD_0000602>
<http://purl.obolibrary.org/obo/CHEBI_33517>	<http://www.w3.org/2000/01/rdf-schema#subClassOf>	<http://purl.obolibrary.org/obo/CHEBI_24431>
<https://w3id.org/pmd/co/PMD_0000885>	<http://www.w3.org/2000/01/rdf-schema#subClassOf>	_:Bea59bd4aX2Ddb32X2D4152X2D89c0X2D18befc8940c5genid390
<https://w3id.org/pmd/co/PMD_0000828>	<http://www.w3.org/2000/01/rdf-schema#subClassOf>	<http://purl.obolibrary.org/obo/BFO_0000034>
<https://w3id.org/pmd/co/PMD_0000645>	<http://www.w3.org/2000/01/rdf-schema#subClassOf>	<http://purl.obolibrary.org/obo/BFO_0000015>
<https://w3id.org/pmd/co/PMD_0000580>	<http://www.w3.org/2000/01/rdf-schema#subClassOf>	<https://w3id.org/pmd/co/PMD_0000602>
<https://w3id.org/pmd/co/PMD_0020094>	<http://www.w3.org/2000/01/rdf-schema#subClassOf>	<https://w3id.org/pmd/co/PMD_0020025>
<https://w3id.org/pmd/co/PMD_0000597>	<http://www.w3.org/2000/01/rdf-schema#subClassOf>	<https://w3id.org/pmd/co/PMD_0000863>
<https://w3id.org/pmd/co/PMD_0000610>	<http://www.w3.org/2000/01/rdf-schema#subClassOf>	<https://w3id.org/pmd/co/PMD_0000847>
<https://w3id.org/pmd/co/PMD_0020080>	<http://www.w3.org/2000/01/rdf-schema#subClassOf>	<https://w3id.org/pmd/co/PMD_0020025>
<https://w3id.org/pmd/co/PMD_0000506>	<http://www.w3.org/2000/01/rdf-schema#subClassOf>	<https://w3id.org/pmd/co/PMD_0000848>
<https://w3id.org/pmd/co/PMD_0000819>	<http://www.w3.org/2000/01/rdf-schema#subClassOf>	<https://w3id.org/pmd/co/PMD_0000875>
<https://w3id.org/pmd/co/PMD_0000014>	<http://www.w3.org/2000/01/rdf-schema#subClassOf>	<http://purl.obolibrary.org/obo/BFO_0000017>
<https://w3id.org/pmd/co/PMD_0020065>	<http://www.w3.org/2000/01/rdf-schema#subClassOf>	<https://w3id.org/pmd/co/PMD_0020025>
<https://w3id.org/pmd/co/PMD_0000773>	<http://www.w3.org/2000/01/rdf-schema#subClassOf>	<https://w3id.org/pmd/co/PMD_0000848>
<https://w3id.org/pmd/co/PMD_0000798>	<http://www.w3.org/2000/01/rdf-schema#subClassOf>	<https://w3id.org/pmd/co/PMD_0000856>
<https://w3id.org/pmd/co/PMD_0000811>	<http://www.w3.org/2000/01/rdf-schema#subClassOf>	<https://w3id.org/pmd/co/PMD_0000602>
<https://w3id.org/pmd/co/PMD_0020105>	<http://www.w3.org/2000/01/rdf-schema#subClassOf>	<https://w3id.org/pmd/co/PMD_0000001>
<http://purl.obolibrary.org/obo/CHEBI_30687>	<http://www.w3.org/2000/01/rdf-schema#subClassOf>	<http://purl.obolibrary.org/obo/CHEBI_24431>
<https://w3id.org/pmd/co/PMD_0020051>	<http://www.w3.org/2000/01/rdf-schema#subClassOf>	<https://w3id.org/pmd/co/PMD_0020025>
<http://purl.obolibrary.org/obo/CHEBI_33313>	<http://www.w3.org/2000/01/rdf-schema#subClassOf>	<http://purl.obolibrary.org/obo/CHEBI_24431>
<https://w3id.org/pmd/co/PMD_0000564>	<http://www.w3.org/2000/01/rdf-schema#subClassOf>	<https://w3id.org/pmd/co/PMD_0000575>
<https://w3id.org/pmd/co/PMD_0020072>	<http://www.w3.org/2000/01/rdf-schema#subClassOf>	<https://w3id.org/pmd/co/PMD_0020025>
<https://w3id.org/pmd/co/PMD_0000524>	<http://www.w3.org/2000/01/rdf-schema#subClassOf>	<https://w3id.org/pmd/co/PMD_0000833>
<https://w3id.org/pmd/co/PMD_0020096>	<http://www.w3.org/2000/01/rdf-schema#subClassOf>	<https://w3id.org/pmd/co/PMD_0000639>
<http://purl.obolibrary.org/obo/CHEBI_33364>	<http://www.w3.org/2000/01/rdf-schema#subClassOf>	<http://purl.obolibrary.org/obo/CHEBI_24431>
<https://w3id.org/pmd/co/PMD_0000967>	<http://www.w3.org/2000/01/rdf-schema#subClassOf>	<https://w3id.org/pmd/co/PMD_0000985>
<http://purl.obolibrary.org/obo/CHEBI_33372>	<http://www.w3.org/2000/01/rdf-schema#subClassOf>	<http://purl.obolibrary.org/obo/CHEBI_24431>
<https://w3id.org/pmd/co/PMD_0020030>	<http://www.w3.org/2000/01/rdf-schema#subClassOf>	<https://w3id.org/pmd/co/PMD_0020025>
<https://w3id.org/pmd/co/PMD_0000769>	<http://www.w3.org/2000/01/rdf-schema#subClassOf>	<https://w3id.org/pmd/co/PMD_0000603>
<https://w3id.org/pmd/co/PMD_0001013>	<http://www.w3.org/2000/01/rdf-schema#subClassOf>	<https://w3id.org/pmd/co/PMD_0000812>
<https://w3id.org/pmd/co/PMD_0000545>	<http://www.w3.org/2000/01/rdf-schema#subClassOf>	<http://purl.obolibrary.org/obo/BFO_0000019>
<http://purl.obolibrary.org/obo/BFO_0000142>	<http://www.w3.org/2000/01/rdf-schema#subClassOf>	<http://purl.obolibrary.org/obo/BFO_0000140>
<http://purl.obolibrary.org/obo/BFO_0000147>	<http://www.w3.org/2000/01/rdf-schema#subClassOf>	<http://purl.obolibrary.org/obo/BFO_0000140>
<https://w3id.org/pmd/co/PMD_0000965>	<http://www.w3.org/2000/01/rdf-schema#subClassOf>	<http://purl.obolibrary.org/obo/BFO_0000024>
<http://purl.obolibrary.org/obo/BFO_0000035>	<http://www.w3.org/2000/01/rdf-schema#subClassOf>	<http://purl.obolibrary.org/obo/BFO_0000003>
<http://purl.obolibrary.org/obo/BFO_0000006>	<http://www.w3.org/2000/01/rdf-schema#subClassOf>	<http://purl.obolibrary.org/obo/BFO_0000141>
<https://w3id.org/pmd/co/PMD_0000574>	<http://www.w3.org/2000/01/rdf-schema#subClassOf>	<https://w3id.org/pmd/co/PMD_0000563>
<https://w3id.org/pmd/co/PMD_0000770>	<http://www.w3.org/2000/01/rdf-schema#subClassOf>	_:Bea59bd4aX2Ddb32X2D4152X2D89c0X2D18befc8940c5genid319
<http://purl.obolibrary.org/obo/CHEBI_33386>	<http://www.w3.org/2000/01/rdf-schema#subClassOf>	<http://purl.obolibrary.org/obo/CHEBI_24431>
<https://w3id.org/pmd/co/PMD_0000501>	<http://www.w3.org/2000/01/rdf-schema#subClassOf>	<http://purl.obolibrary.org/obo/IAO_0000030>
<https://w3id.org/pmd/co/PMD_0000887>	<http://www.w3.org/2000/01/rdf-schema#subClassOf>	<https://w3id.org/pmd/co/PMD_0000863>
<https://w3id.org/pmd/co/PMD_0001017>	<http://www.w3.org/2000/01/rdf-schema#subClassOf>	<https://w3id.org/pmd/co/PMD_0001014>
<http://purl.obolibrary.org/obo/CHEBI_30452>	<http://www.w3.org/2000/01/rdf-schema#subClassOf>	<http://purl.obolibrary.org/obo/CHEBI_24431>
<https://w3id.org/pmd/co/PMD_0000518>	<http://www.w3.org/2000/01/rdf-schema#subClassOf>	<https://w3id.org/pmd/co/PMD_0000522>
<http://purl.obolibrary.org/obo/BFO_0000141>	<http://www.w3.org/2000/01/rdf-schema#subClassOf>	<http://purl.obolibrary.org/obo/BFO_0000004>
<https://w3id.org/pmd/co/PMD_0000639>	<http://www.w3.org/2000/01/rdf-schema#subClassOf>	<https://w3id.org/pmd/co/PMD_0000852>
<https://w3id.org/pmd/co/PMD_0000813>	<http://www.w3.org/2000/01/rdf-schema#subClassOf>	_:Bea59bd4aX2Ddb32X2D4152X2D89c0X2D18befc8940c5genid333
<https://w3id.org/pmd/co/PMD_0000627>	<http://www.w3.org/2000/01/rdf-schema#subClassOf>	<https://w3id.org/pmd/co/PMD_0000596>
<https://w3id.org/pmd/co/PMD_0000546>	<http://www.w3.org/2000/01/rdf-schema#subClassOf>	<https://w3id.org/pmd/co/PMD_0000632>
<https://w3id.org/pmd/co/PMD_0000795>	<http://www.w3.org/2000/01/rdf-schema#subClassOf>	<https://w3id.org/pmd/co/PMD_0000556>
<https://w3id.org/pmd/co/PMD_0000646>	<http://www.w3.org/2000/01/rdf-schema#subClassOf>	<https://w3id.org/pmd/co/PMD_0000833>
<https://w3id.org/pmd/co/PMD_0000611>	<http://www.w3.org/2000/01/rdf-schema#subClassOf>	<https://w3id.org/pmd/co/PMD_0000957>
<http://purl.obolibrary.org/obo/CHEBI_32999>	<http://www.w3.org/2000/01/rdf-schema#subClassOf>	<http://purl.obolibrary.org/obo/CHEBI_24431>
<https://w3id.org/pmd/co/PMD_0000641>	<http://www.w3.org/2000/01/rdf-schema#subClassOf>	<https://w3id.org/pmd/co/PMD_0000806>
<http://purl.obolibrary.org/obo/BFO_0000004>	<http://www.w3.org/2000/01/rdf-schema#subClassOf>	<http://purl.obolibrary.org/obo/BFO_0000002>
<http://purl.obolibrary.org/obo/CHEBI_23116>	<http://www.w3.org/2000/01/rdf-schema#subClassOf>	<http://purl.obolibrary.org/obo/CHEBI_24431>
<https://w3id.org/pmd/co/PMD_0000903>	<http://www.w3.org/2000/01/rdf-schema#subClassOf>	<https://w3id.org/pmd/co/PMD_0000899>
<https://w3id.org/pmd/co/PMD_0000547>	<http://www.w3.org/2000/01/rdf-schema#subClassOf>	<https://w3id.org/pmd/co/PMD_0000548>
<https://w3id.org/pmd/co/PMD_0020024>	<http://www.w3.org/2000/01/rdf-schema#subClassOf>	<https://w3id.org/pmd/co/PMD_0050000>
<https://w3id.org/pmd/co/PMD_0000644>	<http://www.w3.org/2000/01/rdf-schema#subClassOf>	<https://w3id.org/pmd/co/PMD_0000847>
<https://w3id.org/pmd/co/PMD_0000891>	<http://www.w3.org/2000/01/rdf-schema#subClassOf>	<https://w3id.org/pmd/co/PMD_0000004>
<http://purl.obolibrary.org/obo/IAO_0000003>	<http://www.w3.org/2000/01/rdf-schema#subClassOf>	<http://purl.obolibrary.org/obo/IAO_0000009>
<http://purl.obolibrary.org/obo/CHEBI_25016>	<http://www.w3.org/2000/01/rdf-schema#subClassOf>	<http://purl.obolibrary.org/obo/CHEBI_24431>
<https://w3id.org/pmd/co/PMD_0000940>	<http://www.w3.org/2000/01/rdf-schema#subClassOf>	<https://w3id.org/pmd/co/PMD_0000602>
<https://w3id.org/pmd/co/PMD_0000635>	<http://www.w3.org/2000/01/rdf-schema#subClassOf>	<http://purl.obolibrary.org/obo/BFO_0000015>
<https://w3id.org/pmd/co/PMD_0000561>	<http://www.w3.org/2000/01/rdf-schema#subClassOf>	<https://w3id.org/pmd/co/PMD_0000602>
<https://w3id.org/pmd/co/PMD_0000519>	<http://www.w3.org/2000/01/rdf-schema#subClassOf>	<http://purl.obolibrary.org/obo/BFO_0000015>
<https://w3id.org/pmd/co/PMD_0000527>	<http://www.w3.org/2000/01/rdf-schema#subClassOf>	<https://w3id.org/pmd/co/PMD_0000862>
<https://w3id.org/pmd/co/PMD_0000001>	<http://www.w3.org/2000/01/rdf-schema#subClassOf>	<https://w3id.org/pmd/co/PMD_0000892>
<https://w3id.org/pmd/co/PMD_0000908>	<http://www.w3.org/2000/01/rdf-schema#subClassOf>	<https://w3id.org/pmd/co/PMD_0000899>
<http://purl.obolibrary.org/obo/CHEBI_29287>	<http://www.w3.org/2000/01/rdf-schema#subClassOf>	<http://purl.obolibrary.org/obo/CHEBI_24431>
<https://w3id.org/pmd/co/PMD_0020078>	<http://www.w3.org/2000/01/rdf-schema#subClassOf>	<https://w3id.org/pmd/co/PMD_0020025>
<https://w3id.org/pmd/co/PMD_0000513>	<http://www.w3.org/2000/01/rdf-schema#subClassOf>	<https://w3id.org/pmd/co/PMD_0000833>
<https://w3id.org/pmd/co/PMD_0000984>	<http://www.w3.org/2000/01/rdf-schema#subClassOf>	<https://w3id.org/pmd/co/PMD_0000968>
<https://w3id.org/pmd/co/PMD_0000858>	<http://www.w3.org/2000/01/rdf-schema#subClassOf>	<https://w3id.org/pmd/co/PMD_0000602>
<https://w3id.org/pmd/co/PMD_0000659>	<http://www.w3.org/2000/01/rdf-schema#subClassOf>	<https://w3id.org/pmd/co/PMD_0000557>
<https://w3id.org/pmd/co/PMD_0000637>	<http://www.w3.org/2000/01/rdf-schema#subClassOf>	<https://w3id.org/pmd/co/PMD_0000602>
<https://w3id.org/pmd/co/PMD_0000809>	<http://www.w3.org/2000/01/rdf-schema#subClassOf>	<https://w3id.org/pmd/co/PMD_0000806>
<https://w3id.org/pmd/co/PMD_0001014>	<http://www.w3.org/2000/01/rdf-schema#subClassOf>	<https://w3id.org/pmd/co/PMD_0000957>
<https://w3id.org/pmd/co/PMD_0000505>	<http://www.w3.org/2000/01/rdf-schema#subClassOf>	<https://w3id.org/pmd/co/PMD_0000506>
<https://w3id.org/pmd/co/PMD_0000665>	<http://www.w3.org/2000/01/rdf-schema#subClassOf>	<https://w3id.org/pmd/co/PMD_0000602>
<https://w3id.org/pmd/co/PMD_0020049>	<http://www.w3.org/2000/01/rdf-schema#subClassOf>	<https://w3id.org/pmd/co/PMD_0020025>
<https://w3id.org/pmd/co/PMD_0000949>	<http://www.w3.org/2000/01/rdf-schema#subClassOf>	<https://w3id.org/pmd/co/PMD_0000848>
<https://w3id.org/pmd/co/PMD_0000871>	<http://www.w3.org/2000/01/rdf-schema#subClassOf>	<http://purl.obolibrary.org/obo/BFO_0000015>
<https://w3id.org/pmd/co/PMD_0020035>	<http://www.w3.org/2000/01/rdf-schema#subClassOf>	<https://w3id.org/pmd/co/PMD_0020025>
<https://w3id.org/pmd/co/PMD_0000913>	<http://www.w3.org/2000/01/rdf-schema#subClassOf>	<https://w3id.org/pmd/co/PMD_0000594>
<https://w3id.org/pmd/co/PMD_0000594>	<http://www.w3.org/2000/01/rdf-schema#subClassOf>	<https://w3id.org/pmd/co/PMD_0000933>
<https://w3id.org/pmd/co/PMD_0000628>	<http://www.w3.org/2000/01/rdf-schema#subClassOf>	<https://w3id.org/pmd/co/PMD_0000629>
<http://purl.obolibrary.org/obo/CHEBI_25585>	<http://www.w3.org/2000/01/rdf-schema#subClassOf>	<http://purl.obolibrary.org/obo/CHEBI_24431>
<https://w3id.org/pmd/co/PMD_0000006>	<http://www.w3.org/2000/01/rdf-schema#subClassOf>	<http://purl.obolibrary.org/obo/BFO_0000027>
<http://purl.obolibrary.org/obo/CHEBI_30441>	<http://www.w3.org/2000/01/rdf-schema#subClassOf>	<http://purl.obolibrary.org/obo/CHEBI_24431>
<http://purl.obolibrary.org/obo/CHEBI_33389>	<http://www.w3.org/2000/01/rdf-schema#subClassOf>	<http://purl.obolibrary.org/obo/CHEBI_24431>
<https://w3id.org/pmd/co/PMD_0000902>	<http://www.w3.org/2000/01/rdf-schema#subClassOf>	<https://w3id.org/pmd/co/PMD_0000899>
<https://w3id.org/pmd/co/PMD_0000004>	<http://www.w3.org/2000/01/rdf-schema#subClassOf>	<http://purl.obolibrary.org/obo/BFO_0000040>
<http://purl.obolibrary.org/obo/IAO_0000409>	<http://www.w3.org/2000/01/rdf-schema#subClassOf>	<http://purl.obolibrary.org/obo/IAO_0000102>
<https://w3id.org/pmd/co/PMD_0000966>	<http://www.w3.org/2000/01/rdf-schema#subClassOf>	<https://w3id.org/pmd/co/PMD_0000602>
<https://w3id.org/pmd/co/PMD_0001024>	<http://www.w3.org/2000/01/rdf-schema#subClassOf>	<https://w3id.org/pmd/co/PMD_0000602>
<https://w3id.org/pmd/co/PMD_0000933>	<http://www.w3.org/2000/01/rdf-schema#subClassOf>	<https://w3id.org/pmd/co/PMD_0000583>
<https://w3id.org/pmd/co/PMD_0000861>	<http://www.w3.org/2000/01/rdf-schema#subClassOf>	<https://w3id.org/pmd/co/PMD_0000921>
<https://w3id.org/pmd/co/PMD_0000884>	<http://www.w3.org/2000/01/rdf-schema#subClassOf>	<https://w3id.org/pmd/co/PMD_0000931>
<https://w3id.org/pmd/co/PMD_0020093>	<http://www.w3.org/2000/01/rdf-schema#subClassOf>	<https://w3id.org/pmd/co/PMD_0020025>
<https://w3id.org/pmd/co/PMD_0000781>	<http://www.w3.org/2000/01/rdf-schema#subClassOf>	<http://purl.obolibrary.org/obo/BFO_0000034>
<https://w3id.org/pmd/co/PMD_0000539>	<http://www.w3.org/2000/01/rdf-schema#subClassOf>	<https://w3id.org/pmd/co/PMD_0000618>
<https://w3id.org/pmd/co/PMD_0000786>	<http://www.w3.org/2000/01/rdf-schema#subClassOf>	<https://w3id.org/pmd/co/PMD_0000931>
<http://purl.obolibrary.org/obo/BFO_0000038>	<http://www.w3.org/2000/01/rdf-schema#subClassOf>	<http://purl.obolibrary.org/obo/BFO_0000008>
<http://purl.obolibrary.org/obo/BFO_0000202>	<http://www.w3.org/2000/01/rdf-schema#subClassOf>	<http://purl.obolibrary.org/obo/BFO_0000038>
<https://w3id.org/pmd/co/PMD_0000830>	<http://www.w3.org/2000/01/rdf-schema#subClassOf>	<https://w3id.org/pmd/co/PMD_0000879>
<https://w3id.org/pmd/co/PMD_0020025>	<http://www.w3.org/2000/01/rdf-schema#subClassOf>	<https://w3id.org/pmd/co/PMD_0000892>
<https://w3id.org/pmd/co/PMD_0020064>	<http://www.w3.org/2000/01/rdf-schema#subClassOf>	<https://w3id.org/pmd/co/PMD_0020025>
<https://w3id.org/pmd/co/PMD_0020085>	<http://www.w3.org/2000/01/rdf-schema#subClassOf>	<https://w3id.org/pmd/co/PMD_0020025>
<https://w3id.org/pmd/co/PMD_0000571>	<http://www.w3.org/2000/01/rdf-schema#subClassOf>	<https://w3id.org/pmd/co/PMD_0000563>
<https://w3id.org/pmd/co/PMD_0000003>	<http://www.w3.org/2000/01/rdf-schema#subClassOf>	<http://purl.obolibrary.org/obo/IAO_0000030>
<http://purl.obolibrary.org/obo/CHEBI_18291>	<http://www.w3.org/2000/01/rdf-schema#subClassOf>	<http://purl.obolibrary.org/obo/CHEBI_24431>
<https://w3id.org/pmd/co/PMD_0020056>	<http://www.w3.org/2000/01/rdf-schema#subClassOf>	<https://w3id.org/pmd/co/PMD_0020025>
<http://purl.obolibrary.org/obo/CHEBI_33322>	<http://www.w3.org/2000/01/rdf-schema#subClassOf>	<http://purl.obolibrary.org/obo/CHEBI_24431>
<http://purl.obolibrary.org/obo/CHEBI_30415>	<http://www.w3.org/2000/01/rdf-schema#subClassOf>	<http://purl.obolibrary.org/obo/CHEBI_24431>
<http://purl.obolibrary.org/obo/CHEBI_33391>	<http://www.w3.org/2000/01/rdf-schema#subClassOf>	<http://purl.obolibrary.org/obo/CHEBI_24431>
<http://purl.obolibrary.org/obo/CHEBI_26216>	<http://www.w3.org/2000/01/rdf-schema#subClassOf>	<http://purl.obolibrary.org/obo/CHEBI_24431>
<https://w3id.org/pmd/co/PMD_0020043>	<http://www.w3.org/2000/01/rdf-schema#subClassOf>	<https://w3id.org/pmd/co/PMD_0020025>
<http://purl.obolibrary.org/obo/IAO_0000102>	<http://www.w3.org/2000/01/rdf-schema#subClassOf>	<http://purl.obolibrary.org/obo/IAO_0000027>
<https://w3id.org/pmd/co/PMD_0000880>	<http://www.w3.org/2000/01/rdf-schema#subClassOf>	<http://purl.obolibrary.org/obo/BFO_0000015>
<https://w3id.org/pmd/co/PMD_0000791>	<http://www.w3.org/2000/01/rdf-schema#subClassOf>	<https://w3id.org/pmd/co/PMD_0000655>
<https://w3id.org/pmd/co/PMD_0000894>	<http://www.w3.org/2000/01/rdf-schema#subClassOf>	<https://w3id.org/pmd/co/PMD_0000818>
<https://w3id.org/pmd/co/PMD_0000829>	<http://www.w3.org/2000/01/rdf-schema#subClassOf>	<https://w3id.org/pmd/co/PMD_0001025>
<http://purl.obolibrary.org/obo/CHEBI_22977>	<http://www.w3.org/2000/01/rdf-schema#subClassOf>	<http://purl.obolibrary.org/obo/CHEBI_24431>
<https://w3id.org/pmd/co/PMD_0000768>	<http://www.w3.org/2000/01/rdf-schema#subClassOf>	<https://w3id.org/pmd/co/PMD_0000972>
<https://w3id.org/pmd/co/PMD_0000559>	<http://www.w3.org/2000/01/rdf-schema#subClassOf>	<https://w3id.org/pmd/co/PMD_0000558>
<https://w3id.org/pmd/co/PMD_0000507>	<http://www.w3.org/2000/01/rdf-schema#subClassOf>	<https://w3id.org/pmd/co/PMD_0001025>
<https://w3id.org/pmd/co/PMD_0000916>	<http://www.w3.org/2000/01/rdf-schema#subClassOf>	<https://w3id.org/pmd/co/PMD_0000849>
<https://w3id.org/pmd/co/PMD_0000855>	<http://www.w3.org/2000/01/rdf-schema#subClassOf>	<https://w3id.org/pmd/co/PMD_0000602>
<http://purl.obolibrary.org/obo/BFO_0000026>	<http://www.w3.org/2000/01/rdf-schema#subClassOf>	<http://purl.obolibrary.org/obo/BFO_0000006>
<https://w3id.org/pmd/co/PMD_0000588>	<http://www.w3.org/2000/01/rdf-schema#subClassOf>	<https://w3id.org/pmd/co/PMD_0000602>
<http://purl.obolibrary.org/obo/BFO_0000020>	<http://www.w3.org/2000/01/rdf-schema#subClassOf>	<http://purl.obolibrary.org/obo/BFO_0000002>
<http://purl.obolibrary.org/obo/CHEBI_33394>	<http://www.w3.org/2000/01/rdf-schema#subClassOf>	<http://purl.obolibrary.org/obo/CHEBI_24431>
<http://purl.obolibrary.org/obo/CHEBI_33369>	<http://www.w3.org/2000/01/rdf-schema#subClassOf>	<http://purl.obolibrary.org/obo/CHEBI_24431>
<https://w3id.org/pmd/co/PMD_0000881>	<http://www.w3.org/2000/01/rdf-schema#subClassOf>	<http://purl.obolibrary.org/obo/BFO_0000030>
<http://purl.obolibrary.org/obo/CHEBI_194531>	<http://www.w3.org/2000/01/rdf-schema#subClassOf>	<http://purl.obolibrary.org/obo/CHEBI_24431>
<https://w3id.org/pmd/co/PMD_0000893>	<http://www.w3.org/2000/01/rdf-schema#subClassOf>	<https://w3id.org/pmd/co/PMD_0000891>
<http://purl.obolibrary.org/obo/CHEBI_32594>	<http://www.w3.org/2000/01/rdf-schema#subClassOf>	<http://purl.obolibrary.org/obo/CHEBI_24431>
<https://w3id.org/pmd/co/PMD_0000852>	<http://www.w3.org/2000/01/rdf-schema#subClassOf>	_:Bea59bd4aX2Ddb32X2D4152X2D89c0X2D18befc8940c5genid366
<https://w3id.org/pmd/co/PMD_0000921>	<http://www.w3.org/2000/01/rdf-schema#subClassOf>	<http://purl.obolibrary.org/obo/IAO_0000030>
<https://w3id.org/pmd/co/PMD_0001006>	<http://www.w3.org/2000/01/rdf-schema#subClassOf>	<https://w3id.org/pmd/co/PMD_0000602>
<https://w3id.org/pmd/co/PMD_0020050>	<http://www.w3.org/2000/01/rdf-schema#subClassOf>	<https://w3id.org/pmd/co/PMD_0020025>
<https://w3id.org/pmd/co/PMD_0000979>	<http://www.w3.org/2000/01/rdf-schema#subClassOf>	<https://w3id.org/pmd/co/PMD_0000982>
<https://w3id.org/pmd/co/PMD_0000957>	<http://www.w3.org/2000/01/rdf-schema#subClassOf>	<https://w3id.org/pmd/co/PMD_0001025>
<https://w3id.org/pmd/co/PMD_0000807>	<http://www.w3.org/2000/01/rdf-schema#subClassOf>	<https://w3id.org/pmd/co/PMD_0000806>
<https://w3id.org/pmd/co/PMD_0000960>	<http://www.w3.org/2000/01/rdf-schema#subClassOf>	<https://w3id.org/pmd/co/PMD_0000603>
<https://w3id.org/pmd/co/PMD_0000540>	<http://www.w3.org/2000/01/rdf-schema#subClassOf>	<https://w3id.org/pmd/co/PMD_0000550>
<http://purl.obolibrary.org/obo/CHEBI_28659>	<http://www.w3.org/2000/01/rdf-schema#subClassOf>	<http://purl.obolibrary.org/obo/CHEBI_24431>
<https://w3id.org/pmd/co/PMD_0000823>	<http://www.w3.org/2000/01/rdf-schema#subClassOf>	<https://w3id.org/pmd/co/PMD_0000927>
<https://w3id.org/pmd/co/PMD_0000817>	<http://www.w3.org/2000/01/rdf-schema#subClassOf>	_:Bea59bd4aX2Ddb32X2D4152X2D89c0X2D18befc8940c5genid343
<http://purl.obolibrary.org/obo/CHEBI_194533>	<http://www.w3.org/2000/01/rdf-schema#subClassOf>	<http://purl.obolibrary.org/obo/CHEBI_24431>
<https://w3id.org/pmd/co/PMD_0000510>	<http://www.w3.org/2000/01/rdf-schema#subClassOf>	<https://w3id.org/pmd/co/PMD_0000603>
<https://w3id.org/pmd/co/PMD_0000536>	<http://www.w3.org/2000/01/rdf-schema#subClassOf>	<https://w3id.org/pmd/co/PMD_0000537>
<http://purl.obolibrary.org/obo/CHEBI_33341>	<http://www.w3.org/2000/01/rdf-schema#subClassOf>	<http://purl.obolibrary.org/obo/CHEBI_24431>
<https://w3id.org/pmd/co/PMD_0000520>	<http://www.w3.org/2000/01/rdf-schema#subClassOf>	<http://purl.obolibrary.org/obo/BFO_0000015>
<https://w3id.org/pmd/co/PMD_0000666>	<http://www.w3.org/2000/01/rdf-schema#subClassOf>	<https://w3id.org/pmd/co/PMD_0000957>
<http://purl.obolibrary.org/obo/IAO_0000027>	<http://www.w3.org/2000/01/rdf-schema#subClassOf>	<http://purl.obolibrary.org/obo/IAO_0000030>
<https://w3id.org/pmd/co/PMD_0000573>	<http://www.w3.org/2000/01/rdf-schema#subClassOf>	<https://w3id.org/pmd/co/PMD_0000563>
<https://w3id.org/pmd/co/PMD_0000814>	<http://www.w3.org/2000/01/rdf-schema#subClassOf>	<http://purl.obolibrary.org/obo/BFO_0000029>
<https://w3id.org/pmd/co/PMD_0020077>	<http://www.w3.org/2000/01/rdf-schema#subClassOf>	<https://w3id.org/pmd/co/PMD_0020025>
<http://purl.obolibrary.org/obo/CHEBI_33380>	<http://www.w3.org/2000/01/rdf-schema#subClassOf>	<http://purl.obolibrary.org/obo/CHEBI_24431>
<http://purl.obolibrary.org/obo/CHEBI_33355>	<http://www.w3.org/2000/01/rdf-schema#subClassOf>	<http://purl.obolibrary.org/obo/CHEBI_24431>
<https://w3id.org/pmd/co/PMD_0000947>	<http://www.w3.org/2000/01/rdf-schema#subClassOf>	<https://w3id.org/pmd/co/PMD_0000506>
<http://purl.obolibrary.org/obo/BFO_0000016>	<http://www.w3.org/2000/01/rdf-schema#subClassOf>	<http://purl.obolibrary.org/obo/BFO_0000017>
<https://w3id.org/pmd/co/PMD_0000664>	<http://www.w3.org/2000/01/rdf-schema#subClassOf>	<https://w3id.org/pmd/co/PMD_0000501>
<https://w3id.org/pmd/co/PMD_0000560>	<http://www.w3.org/2000/01/rdf-schema#subClassOf>	<https://w3id.org/pmd/co/PMD_0000927>
<http://purl.obolibrary.org/obo/CHEBI_33324>	<http://www.w3.org/2000/01/rdf-schema#subClassOf>	<http://purl.obolibrary.org/obo/CHEBI_24431>
<https://w3id.org/pmd/co/PMD_0000827>	<http://www.w3.org/2000/01/rdf-schema#subClassOf>	<https://w3id.org/pmd/co/PMD_0000602>
<https://w3id.org/pmd/co/PMD_0000918>	<http://www.w3.org/2000/01/rdf-schema#subClassOf>	<https://w3id.org/pmd/co/PMD_0000916>
<https://w3id.org/pmd/co/PMD_0000517>	<http://www.w3.org/2000/01/rdf-schema#subClassOf>	<https://w3id.org/pmd/co/PMD_0000522>
<https://w3id.org/pmd/co/PMD_0000577>	<http://www.w3.org/2000/01/rdf-schema#subClassOf>	_:Bea59bd4aX2Ddb32X2D4152X2D89c0X2D18befc8940c5genid269
<https://w3id.org/pmd/co/PMD_0020048>	<http://www.w3.org/2000/01/rdf-schema#subClassOf>	<https://w3id.org/pmd/co/PMD_0020025>
<http://purl.obolibrary.org/obo/CHEBI_24859>	<http://www.w3.org/2000/01/rdf-schema#subClassOf>	<http://purl.obolibrary.org/obo/CHEBI_24431>
<https://w3id.org/pmd/co/PMD_0000821>	<http://www.w3.org/2000/01/rdf-schema#subClassOf>	<https://w3id.org/pmd/co/PMD_0000933>
<https://w3id.org/pmd/co/PMD_0000553>	<http://www.w3.org/2000/01/rdf-schema#subClassOf>	<https://w3id.org/pmd/co/PMD_0000985>
<https://w3id.org/pmd/co/PMD_0000797>	<http://www.w3.org/2000/01/rdf-schema#subClassOf>	<https://w3id.org/pmd/co/PMD_0000855>
<https://w3id.org/pmd/co/PMD_0000876>	<http://www.w3.org/2000/01/rdf-schema#subClassOf>	<https://w3id.org/pmd/co/PMD_0000966>
<https://w3id.org/pmd/co/PMD_0000895>	<http://www.w3.org/2000/01/rdf-schema#subClassOf>	<https://w3id.org/pmd/co/PMD_0000806>
<http://purl.obolibrary.org/obo/BFO_0000031>	<http://www.w3.org/2000/01/rdf-schema#subClassOf>	<http://purl.obolibrary.org/obo/BFO_0000002>
<https://w3id.org/pmd/co/PMD_0000907>	<http://www.w3.org/2000/01/rdf-schema#subClassOf>	<https://w3id.org/pmd/co/PMD_0000899>
<http://purl.obolibrary.org/obo/CHEBI_49957>	<http://www.w3.org/2000/01/rdf-schema#subClassOf>	<http://purl.obolibrary.org/obo/CHEBI_24431>
<http://purl.obolibrary.org/obo/CHEBI_27594>	<http://www.w3.org/2000/01/rdf-schema#subClassOf>	<http://purl.obolibrary.org/obo/CHEBI_24431>
<https://w3id.org/pmd/co/PMD_0000901>	<http://www.w3.org/2000/01/rdf-schema#subClassOf>	<https://w3id.org/pmd/co/PMD_0000899>
<https://w3id.org/pmd/co/PMD_0000890>	<http://www.w3.org/2000/01/rdf-schema#subClassOf>	<https://w3id.org/pmd/co/PMD_0000004>
<https://w3id.org/pmd/co/PMD_0000583>	<http://www.w3.org/2000/01/rdf-schema#subClassOf>	_:Bea59bd4aX2Ddb32X2D4152X2D89c0X2D18befc8940c5genid285
<http://purl.obolibrary.org/obo/BFO_0000028>	<http://www.w3.org/2000/01/rdf-schema#subClassOf>	<http://purl.obolibrary.org/obo/BFO_0000006>
<https://w3id.org/pmd/co/PMD_0000010>	<http://www.w3.org/2000/01/rdf-schema#subClassOf>	<http://purl.obolibrary.org/obo/IAO_0000030>
<https://w3id.org/pmd/co/PMD_0000867>	<http://www.w3.org/2000/01/rdf-schema#subClassOf>	<https://w3id.org/pmd/co/PMD_0000849>
<http://purl.obolibrary.org/obo/OBI_0000379>	<http://www.w3.org/2000/01/rdf-schema#subClassOf>	<http://purl.obolibrary.org/obo/BFO_0000034>
<https://w3id.org/pmd/co/PMD_0000586>	<http://www.w3.org/2000/01/rdf-schema#subClassOf>	<https://w3id.org/pmd/co/PMD_0000802>
<http://purl.obolibrary.org/obo/BFO_0000024>	<http://www.w3.org/2000/01/rdf-schema#subClassOf>	<http://purl.obolibrary.org/obo/BFO_0000040>
<https://w3id.org/pmd/co/PMD_0001004>	<http://www.w3.org/2000/01/rdf-schema#subClassOf>	<https://w3id.org/pmd/co/PMD_0000602>
<https://w3id.org/pmd/co/PMD_0000825>	<http://www.w3.org/2000/01/rdf-schema#subClassOf>	<https://w3id.org/pmd/co/PMD_0000005>
<https://w3id.org/pmd/co/PMD_0000991>	<http://www.w3.org/2000/01/rdf-schema#subClassOf>	<https://w3id.org/pmd/co/PMD_0000508>
<https://w3id.org/pmd/co/PMD_0000776>	<http://www.w3.org/2000/01/rdf-schema#subClassOf>	<https://w3id.org/pmd/co/PMD_0000849>
<https://w3id.org/pmd/co/PMD_0020084>	<http://www.w3.org/2000/01/rdf-schema#subClassOf>	<https://w3id.org/pmd/co/PMD_0020025>
<https://w3id.org/pmd/co/PMD_0020069>	<http://www.w3.org/2000/01/rdf-schema#subClassOf>	<https://w3id.org/pmd/co/PMD_0020025>
<http://purl.obolibrary.org/obo/BFO_0000145>	<http://www.w3.org/2000/01/rdf-schema#subClassOf>	<http://purl.obolibrary.org/obo/BFO_0000019>
<https://w3id.org/pmd/co/PMD_0000793>	<http://www.w3.org/2000/01/rdf-schema#subClassOf>	<http://purl.obolibrary.org/obo/BFO_0000023>
<https://w3id.org/pmd/co/PMD_0020071>	<http://www.w3.org/2000/01/rdf-schema#subClassOf>	<https://w3id.org/pmd/co/PMD_0020025>
<https://w3id.org/pmd/co/PMD_0000636>	<http://www.w3.org/2000/01/rdf-schema#subClassOf>	<https://w3id.org/pmd/co/PMD_0000602>
<http://purl.obolibrary.org/obo/CHEBI_33330>	<http://www.w3.org/2000/01/rdf-schema#subClassOf>	<http://purl.obolibrary.org/obo/CHEBI_24431>
<https://w3id.org/pmd/co/PMD_0000767>	<http://www.w3.org/2000/01/rdf-schema#subClassOf>	<https://w3id.org/pmd/co/PMD_0000920>
<https://w3id.org/pmd/co/PMD_0020042>	<http://www.w3.org/2000/01/rdf-schema#subClassOf>	<https://w3id.org/pmd/co/PMD_0020025>
<https://w3id.org/pmd/co/PMD_0020034>	<http://www.w3.org/2000/01/rdf-schema#subClassOf>	<https://w3id.org/pmd/co/PMD_0020025>
<http://purl.obolibrary.org/obo/CHEBI_30514>	<http://www.w3.org/2000/01/rdf-schema#subClassOf>	<http://purl.obolibrary.org/obo/CHEBI_24431>
<https://w3id.org/pmd/co/PMD_0000600>	<http://www.w3.org/2000/01/rdf-schema#subClassOf>	<https://w3id.org/pmd/co/PMD_0000005>
<http://purl.obolibrary.org/obo/CHEBI_33344>	<http://www.w3.org/2000/01/rdf-schema#subClassOf>	<http://purl.obolibrary.org/obo/CHEBI_24431>
<https://w3id.org/pmd/co/PMD_0000556>	<http://www.w3.org/2000/01/rdf-schema#subClassOf>	<https://w3id.org/pmd/co/PMD_0000957>
<https://w3id.org/pmd/co/PMD_0000504>	<http://www.w3.org/2000/01/rdf-schema#subClassOf>	<https://w3id.org/pmd/co/PMD_0000933>
<http://purl.obolibrary.org/obo/CHEBI_27560>	<http://www.w3.org/2000/01/rdf-schema#subClassOf>	<http://purl.obolibrary.org/obo/CHEBI_24431>
<http://purl.obolibrary.org/obo/CHEBI_30440>	<http://www.w3.org/2000/01/rdf-schema#subClassOf>	<http://purl.obolibrary.org/obo/CHEBI_24431>
<https://w3id.org/pmd/co/PMD_0000845>	<http://www.w3.org/2000/01/rdf-schema#subClassOf>	<http://purl.obolibrary.org/obo/BFO_0000023>
<https://w3id.org/pmd/co/PMD_0000789>	<http://www.w3.org/2000/01/rdf-schema#subClassOf>	<https://w3id.org/pmd/co/PMD_0000773>
<https://w3id.org/pmd/co/PMD_0001018>	<http://www.w3.org/2000/01/rdf-schema#subClassOf>	<https://w3id.org/pmd/co/PMD_0001014>
<https://w3id.org/pmd/co/PMD_0000800>	<http://www.w3.org/2000/01/rdf-schema#subClassOf>	<https://w3id.org/pmd/co/PMD_0000945>
<https://w3id.org/pmd/co/PMD_0020092>	<http://www.w3.org/2000/01/rdf-schema#subClassOf>	<https://w3id.org/pmd/co/PMD_0020025>
<https://w3id.org/pmd/co/PMD_0000595>	<http://www.w3.org/2000/01/rdf-schema#subClassOf>	<https://w3id.org/pmd/co/PMD_0000863>
<https://w3id.org/pmd/co/PMD_0000779>	<http://www.w3.org/2000/01/rdf-schema#subClassOf>	<https://w3id.org/pmd/co/PMD_0000550>
<http://purl.obolibrary.org/obo/BFO_0000015>	<http://www.w3.org/2000/01/rdf-schema#subClassOf>	<http://purl.obolibrary.org/obo/BFO_0000003>
<https://w3id.org/pmd/co/PMD_0020029>	<http://www.w3.org/2000/01/rdf-schema#subClassOf>	<https://w3id.org/pmd/co/PMD_0020025>
<https://w3id.org/pmd/co/PMD_0000662>	<http://www.w3.org/2000/01/rdf-schema#subClassOf>	<https://w3id.org/pmd/co/PMD_0000806>
<https://w3id.org/pmd/co/PMD_0000994>	<http://www.w3.org/2000/01/rdf-schema#subClassOf>	<https://w3id.org/pmd/co/PMD_0000602>
<https://w3id.org/pmd/co/PMD_0020063>	<http://www.w3.org/2000/01/rdf-schema#subClassOf>	<https://w3id.org/pmd/co/PMD_0020025>
<https://w3id.org/pmd/co/PMD_0000972>	<http://www.w3.org/2000/01/rdf-schema#subClassOf>	<https://w3id.org/pmd/co/PMD_0000005>
<https://w3id.org/pmd/co/PMD_0000964>	<http://www.w3.org/2000/01/rdf-schema#subClassOf>	<https://w3id.org/pmd/co/PMD_0000821>
<https://w3id.org/pmd/co/PMD_0000774>	<http://www.w3.org/2000/01/rdf-schema#subClassOf>	<https://w3id.org/pmd/co/PMD_0000775>
<https://w3id.org/pmd/co/PMD_0000607>	<http://www.w3.org/2000/01/rdf-schema#subClassOf>	<https://w3id.org/pmd/co/PMD_0000982>
<http://purl.obolibrary.org/obo/CHEBI_33349>	<http://www.w3.org/2000/01/rdf-schema#subClassOf>	<http://purl.obolibrary.org/obo/CHEBI_24431>
<https://www.tib.eu/digitrubber#DIGITRUBBER_000035>	<http://www.w3.org/2000/01/rdf-schema#subClassOf>	<https://www.tib.eu/digitrubber#DIGITRUBBER_000149>
<http://purl.obolibrary.org/obo/CHEBI_23367>	<http://www.w3.org/2000/01/rdf-schema#subClassOf>	<http://purl.obolibrary.org/obo/CHEBI_24431>
<https://www.tib.eu/digitrubber#DIGITRUBBER_0000004>	<http://www.w3.org/2000/01/rdf-schema#subClassOf>	<https://www.tib.eu/digitrubber#DIGITRUBBER_000149>
<https://www.tib.eu/digitrubber#DIGITRUBBER_000611>	<http://www.w3.org/2000/01/rdf-schema#subClassOf>	<http://purl.obolibrary.org/obo/IAO_0000003>
<https://www.tib.eu/digitrubber#DIGITRUBBER_000056>	<http://www.w3.org/2000/01/rdf-schema#subClassOf>	<https://www.tib.eu/digitrubber#DIGITRUBBER_000149>
<https://www.tib.eu/digitrubber#DIGITRUBBER_000027>	<http://www.w3.org/2000/01/rdf-schema#subClassOf>	<http://purl.obolibrary.org/obo/BFO_0000023>
<https://www.tib.eu/digitrubber#DIGITRUBBER_000294>	<http://www.w3.org/2000/01/rdf-schema#subClassOf>	<https://www.tib.eu/digitrubber#DIGITRUBBER_000645>
<https://www.tib.eu/digitrubber#DIGITRUBBER_000242>	<http://www.w3.org/2000/01/rdf-schema#subClassOf>	<https://www.tib.eu/digitrubber#DIGITRUBBER_000149>
<https://www.tib.eu/digitrubber#DIGITRUBBER_000649>	<http://www.w3.org/2000/01/rdf-schema#subClassOf>	<http://purl.obolibrary.org/obo/CHEBI_28798>
<https://www.tib.eu/digitrubber#DIGITRUBBER_000351>	<http://www.w3.org/2000/01/rdf-schema#subClassOf>	<http://purl.obolibrary.org/obo/IAO_0000003>
<https://www.tib.eu/digitrubber#DIGITRUBBER_000108>	<http://www.w3.org/2000/01/rdf-schema#subClassOf>	<https://www.tib.eu/digitrubber#DIGITRUBBER_0000001>
<https://www.tib.eu/digitrubber#DIGITRUBBER_000621>	<http://www.w3.org/2000/01/rdf-schema#subClassOf>	<http://purl.obolibrary.org/obo/IAO_0000003>
<https://www.tib.eu/digitrubber#DIGITRUBBER_000195>	<http://www.w3.org/2000/01/rdf-schema#subClassOf>	<https://www.tib.eu/digitrubber#DIGITRUBBER_0000001>
<http://purl.obolibrary.org/obo/CHEBI_36828>	<http://www.w3.org/2000/01/rdf-schema#subClassOf>	<http://purl.obolibrary.org/obo/CHEBI_36829>
<https://www.tib.eu/digitrubber#DIGITRUBBER_000207>	<http://www.w3.org/2000/01/rdf-schema#subClassOf>	<https://www.tib.eu/digitrubber#DIGITRUBBER_0000001>
<https://www.tib.eu/digitrubber#DIGITRUBBER_000279>	<http://www.w3.org/2000/01/rdf-schema#subClassOf>	<https://www.tib.eu/digitrubber#DIGITRUBBER_000149>
<https://www.tib.eu/digitrubber#DIGITRUBBER_000614>	<http://www.w3.org/2000/01/rdf-schema#subClassOf>	<http://purl.obolibrary.org/obo/IAO_0000003>
<http://purl.obolibrary.org/obo/CHEBI_50860>	<http://www.w3.org/2000/01/rdf-schema#subClassOf>	<http://purl.obolibrary.org/obo/CHEBI_33582>
<http://purl.obolibrary.org/obo/OBI_0000067>	<http://www.w3.org/2000/01/rdf-schema#subClassOf>	<http://purl.obolibrary.org/obo/BFO_0000023>
<https://www.tib.eu/digitrubber#DIGITRUBBER_000549>	<http://www.w3.org/2000/01/rdf-schema#subClassOf>	<https://www.tib.eu/digitrubber#DIGITRUBBER_0000001>
<https://www.tib.eu/digitrubber#DIGITRUBBER_000455>	<http://www.w3.org/2000/01/rdf-schema#subClassOf>	<https://www.tib.eu/digitrubber#DIGITRUBBER_000453>
<http://purl.obolibrary.org/obo/CHEBI_33304>	<http://www.w3.org/2000/01/rdf-schema#subClassOf>	<http://purl.obolibrary.org/obo/CHEBI_33675>
<https://www.tib.eu/digitrubber#DIGITRUBBER_000462>	<http://www.w3.org/2000/01/rdf-schema#subClassOf>	<http://www.w3.org/2002/07/owl#Thing>
<http://purl.obolibrary.org/obo/CHEBI_84291>	<http://www.w3.org/2000/01/rdf-schema#subClassOf>	<http://purl.obolibrary.org/obo/CHEBI_25696>
<https://www.tib.eu/digitrubber#DIGITRUBBER_000646>	<http://www.w3.org/2000/01/rdf-schema#subClassOf>	<https://www.tib.eu/digitrubber#DIGITRUBBER_000290>
<http://purl.obolibrary.org/obo/UO_0000001>	<http://www.w3.org/2000/01/rdf-schema#subClassOf>	<http://purl.obolibrary.org/obo/IAO_0000003>
<https://www.tib.eu/digitrubber#DIGITRUBBER_000250>	<http://www.w3.org/2000/01/rdf-schema#subClassOf>	<https://www.tib.eu/digitrubber#DIGITRUBBER_000149>
<http://purl.obolibrary.org/obo/OBI_0000700>	<http://www.w3.org/2000/01/rdf-schema#subClassOf>	<http://purl.obolibrary.org/obo/OBI_0000663>
<https://www.tib.eu/digitrubber#DIGITRUBBER_000034>	<http://www.w3.org/2000/01/rdf-schema#subClassOf>	<https://www.tib.eu/digitrubber#DIGITRUBBER_000149>
<https://www.tib.eu/digitrubber#DIGITRUBBER_000617>	<http://www.w3.org/2000/01/rdf-schema#subClassOf>	<http://purl.obolibrary.org/obo/IAO_0000003>
<https://www.tib.eu/digitrubber#DIGITRUBBER_000396>	<http://www.w3.org/2000/01/rdf-schema#subClassOf>	<https://www.tib.eu/digitrubber#DIGITRUBBER_0000001>
<https://www.tib.eu/digitrubber#DIGITRUBBER_000224>	<http://www.w3.org/2000/01/rdf-schema#subClassOf>	<https://www.tib.eu/digitrubber#DIGITRUBBER_000149>
<https://www.tib.eu/digitrubber#DIGITRUBBER_000599>	<http://www.w3.org/2000/01/rdf-schema#subClassOf>	<https://www.tib.eu/digitrubber#DIGITRUBBER_000601>
<https://www.tib.eu/digitrubber#DIGITRUBBER_000326>	<http://www.w3.org/2000/01/rdf-schema#subClassOf>	<http://purl.obolibrary.org/obo/CHEBI_84292>
<http://purl.obolibrary.org/obo/OBI_0000707>	<http://www.w3.org/2000/01/rdf-schema#subClassOf>	<http://purl.obolibrary.org/obo/OBI_0200000>
<https://www.tib.eu/digitrubber#DIGITRUBBER_000541>	<http://www.w3.org/2000/01/rdf-schema#subClassOf>	<http://purl.obolibrary.org/obo/IAO_0000003>
<https://www.tib.eu/digitrubber#DIGITRUBBER_000610>	<http://www.w3.org/2000/01/rdf-schema#subClassOf>	<http://purl.obolibrary.org/obo/IAO_0000003>
<https://www.tib.eu/digitrubber#DIGITRUBBER_000221>	<http://www.w3.org/2000/01/rdf-schema#subClassOf>	<https://www.tib.eu/digitrubber#DIGITRUBBER_0000001>
<http://purl.obolibrary.org/obo/OBI_0000749>	<http://www.w3.org/2000/01/rdf-schema#subClassOf>	<http://purl.obolibrary.org/obo/OBI_0000707>
<https://www.tib.eu/digitrubber#DIGITRUBBER_000482>	<http://www.w3.org/2000/01/rdf-schema#subClassOf>	<https://www.tib.eu/digitrubber#DIGITRUBBER_0000001>
<https://www.tib.eu/digitrubber#DIGITRUBBER_000647>	<http://www.w3.org/2000/01/rdf-schema#subClassOf>	<https://www.tib.eu/digitrubber#DIGITRUBBER_000290>
<http://purl.obolibrary.org/obo/CHEBI_33302>	<http://www.w3.org/2000/01/rdf-schema#subClassOf>	<http://purl.obolibrary.org/obo/CHEBI_33675>
<https://www.tib.eu/digitrubber#DIGITRUBBER_000260>	<http://www.w3.org/2000/01/rdf-schema#subClassOf>	<https://www.tib.eu/digitrubber#DIGITRUBBER_000149>
<https://www.tib.eu/digitrubber#DIGITRUBBER_000644>	<http://www.w3.org/2000/01/rdf-schema#subClassOf>	<https://www.tib.eu/digitrubber#DIGITRUBBER_000290>
<http://purl.obolibrary.org/obo/OBI_0200000>	<http://www.w3.org/2000/01/rdf-schema#subClassOf>	<http://purl.obolibrary.org/obo/OBI_0000011>
<http://purl.obolibrary.org/obo/APOLLO_SV_00000008>	<http://www.w3.org/2000/01/rdf-schema#subClassOf>	<http://purl.obolibrary.org/obo/OBI_0000011>
<http://purl.obolibrary.org/obo/OBI_0001930>	<http://www.w3.org/2000/01/rdf-schema#subClassOf>	<http://purl.obolibrary.org/obo/OBI_0001933>
<https://www.tib.eu/digitrubber#DIGITRUBBER_000484>	<http://www.w3.org/2000/01/rdf-schema#subClassOf>	<https://www.tib.eu/digitrubber#DIGITRUBBER_000149>
<http://purl.obolibrary.org/obo/IAO_0000009>	<http://www.w3.org/2000/01/rdf-schema#subClassOf>	<https://www.tib.eu/digitrubber#DIGITRUBBER_0000001>
<https://www.tib.eu/digitrubber#DIGITRUBBER_000144>	<http://www.w3.org/2000/01/rdf-schema#subClassOf>	<https://www.tib.eu/digitrubber#DIGITRUBBER_000149>
<http://purl.obolibrary.org/obo/CHEBI_60004>	<http://www.w3.org/2000/01/rdf-schema#subClassOf>	<http://purl.obolibrary.org/obo/CHEBI_59999>
<https://www.tib.eu/digitrubber#DIGITRUBBER_000542>	<http://www.w3.org/2000/01/rdf-schema#subClassOf>	<http://purl.obolibrary.org/obo/IAO_0000003>
<https://www.tib.eu/digitrubber#DIGITRUBBER_000130>	<http://www.w3.org/2000/01/rdf-schema#subClassOf>	<http://purl.obolibrary.org/obo/BFO_0000023>
<https://www.tib.eu/digitrubber#DIGITRUBBER_000170>	<http://www.w3.org/2000/01/rdf-schema#subClassOf>	<https://www.tib.eu/digitrubber#DIGITRUBBER_000149>
<https://www.tib.eu/digitrubber#DIGITRUBBER_000179>	<http://www.w3.org/2000/01/rdf-schema#subClassOf>	<http://purl.obolibrary.org/obo/CHEBI_28798>
<http://purl.obolibrary.org/obo/IAO_0000309>	<http://www.w3.org/2000/01/rdf-schema#subClassOf>	<http://purl.obolibrary.org/obo/IAO_0000308>
<https://www.tib.eu/digitrubber#DIGITRUBBER_000237>	<http://www.w3.org/2000/01/rdf-schema#subClassOf>	<https://www.tib.eu/digitrubber#DIGITRUBBER_000149>
<http://purl.obolibrary.org/obo/CHEBI_133602>	<http://www.w3.org/2000/01/rdf-schema#subClassOf>	<http://purl.obolibrary.org/obo/CHEBI_50803>
<http://purl.obolibrary.org/obo/CHEBI_24532>	<http://www.w3.org/2000/01/rdf-schema#subClassOf>	<http://purl.obolibrary.org/obo/CHEBI_33832>
<https://www.tib.eu/digitrubber#DIGITRUBBER_000050>	<http://www.w3.org/2000/01/rdf-schema#subClassOf>	<https://www.tib.eu/digitrubber#DIGITRUBBER_000149>
<https://www.tib.eu/digitrubber#DIGITRUBBER_000490>	<http://www.w3.org/2000/01/rdf-schema#subClassOf>	<https://www.tib.eu/digitrubber#DIGITRUBBER_0000001>
<https://www.tib.eu/digitrubber#DIGITRUBBER_000451>	<http://www.w3.org/2000/01/rdf-schema#subClassOf>	<https://www.tib.eu/digitrubber#DIGITRUBBER_000149>
<https://www.tib.eu/digitrubber#DIGITRUBBER_000087>	<http://www.w3.org/2000/01/rdf-schema#subClassOf>	<https://www.tib.eu/digitrubber#DIGITRUBBER_000149>
<https://www.tib.eu/digitrubber#DIGITRUBBER_000187>	<http://www.w3.org/2000/01/rdf-schema#subClassOf>	<https://www.tib.eu/digitrubber#DIGITRUBBER_0000001>
<https://www.tib.eu/digitrubber#DIGITRUBBER_000406>	<http://www.w3.org/2000/01/rdf-schema#subClassOf>	<http://purl.obolibrary.org/obo/IAO_0000003>
<https://www.tib.eu/digitrubber#DIGITRUBBER_000348>	<http://www.w3.org/2000/01/rdf-schema#subClassOf>	<http://purl.obolibrary.org/obo/IAO_0000003>
<http://purl.obolibrary.org/obo/UO_0000270>	<http://www.w3.org/2000/01/rdf-schema#subClassOf>	<http://purl.obolibrary.org/obo/IAO_0000003>
<https://www.tib.eu/digitrubber#DIGITRUBBER_000398>	<http://www.w3.org/2000/01/rdf-schema#subClassOf>	<https://www.tib.eu/digitrubber#DIGITRUBBER_0000001>
<http://purl.obolibrary.org/obo/CHEBI_33415>	<http://www.w3.org/2000/01/rdf-schema#subClassOf>	<http://purl.obolibrary.org/obo/CHEBI_50860>
<http://purl.obolibrary.org/obo/OBI_0200041>	<http://www.w3.org/2000/01/rdf-schema#subClassOf>	<http://purl.obolibrary.org/obo/OBI_0200171>
<https://www.tib.eu/digitrubber#DIGITRUBBER_000038>	<http://www.w3.org/2000/01/rdf-schema#subClassOf>	<https://www.tib.eu/digitrubber#DIGITRUBBER_000149>
<http://purl.obolibrary.org/obo/OBI_0000953>	<http://www.w3.org/2000/01/rdf-schema#subClassOf>	<http://purl.obolibrary.org/obo/OBI_0000047>
<https://www.tib.eu/digitrubber#DIGITRUBBER_000322>	<http://www.w3.org/2000/01/rdf-schema#subClassOf>	<https://www.tib.eu/digitrubber#DIGITRUBBER_000321>
<http://purl.obolibrary.org/obo/UO_0000280>	<http://www.w3.org/2000/01/rdf-schema#subClassOf>	<http://purl.obolibrary.org/obo/IAO_0000003>
<https://www.tib.eu/digitrubber#DIGITRUBBER_000176>	<http://www.w3.org/2000/01/rdf-schema#subClassOf>	<https://www.tib.eu/digitrubber#DIGITRUBBER_000149>
<http://purl.obolibrary.org/obo/IAO_0000100>	<http://www.w3.org/2000/01/rdf-schema#subClassOf>	<http://purl.obolibrary.org/obo/IAO_0000027>
<http://purl.obolibrary.org/obo/OBI_0000792>	<http://www.w3.org/2000/01/rdf-schema#subClassOf>	<http://purl.obolibrary.org/obo/OBI_0200171>
<https://www.tib.eu/digitrubber#DIGITRUBBER_000006>	<http://www.w3.org/2000/01/rdf-schema#subClassOf>	<https://www.tib.eu/digitrubber#DIGITRUBBER_0000001>
<https://www.tib.eu/digitrubber#DIGITRUBBER_000407>	<http://www.w3.org/2000/01/rdf-schema#subClassOf>	<http://purl.obolibrary.org/obo/IAO_0000003>
<https://www.tib.eu/digitrubber#DIGITRUBBER_000042>	<http://www.w3.org/2000/01/rdf-schema#subClassOf>	<https://www.tib.eu/digitrubber#DIGITRUBBER_000149>
<http://purl.obolibrary.org/obo/CHEBI_36962>	<http://www.w3.org/2000/01/rdf-schema#subClassOf>	<http://purl.obolibrary.org/obo/CHEBI_33285>
<https://www.tib.eu/digitrubber#DIGITRUBBER_000192>	<http://www.w3.org/2000/01/rdf-schema#subClassOf>	<https://www.tib.eu/digitrubber#DIGITRUBBER_0000001>
<https://www.tib.eu/digitrubber#DIGITRUBBER_000053>	<http://www.w3.org/2000/01/rdf-schema#subClassOf>	<https://www.tib.eu/digitrubber#DIGITRUBBER_000149>
<http://purl.obolibrary.org/obo/OBI_0000017>	<http://www.w3.org/2000/01/rdf-schema#subClassOf>	<http://purl.obolibrary.org/obo/BFO_0000023>
<https://www.tib.eu/digitrubber#DIGITRUBBER_000290>	<http://www.w3.org/2000/01/rdf-schema#subClassOf>	<http://purl.obolibrary.org/obo/CHEBI_28798>
<http://purl.obolibrary.org/obo/OBI_0200041>	<http://www.w3.org/2000/01/rdf-schema#subClassOf>	<http://purl.obolibrary.org/obo/APOLLO_SV_00000796>
<https://www.tib.eu/digitrubber#DIGITRUBBER_000007>	<http://www.w3.org/2000/01/rdf-schema#subClassOf>	<https://www.tib.eu/digitrubber#DIGITRUBBER_000149>
<http://purl.obolibrary.org/obo/IAO_0000064>	<http://www.w3.org/2000/01/rdf-schema#subClassOf>	<https://www.tib.eu/digitrubber#DIGITRUBBER_000149>
<http://purl.obolibrary.org/obo/CHEBI_38179>	<http://www.w3.org/2000/01/rdf-schema#subClassOf>	<http://purl.obolibrary.org/obo/CHEBI_33833>
<https://www.tib.eu/digitrubber#DIGITRUBBER_000604>	<http://www.w3.org/2000/01/rdf-schema#subClassOf>	<https://www.tib.eu/digitrubber#DIGITRUBBER_000607>
<https://www.tib.eu/digitrubber#DIGITRUBBER_000033>	<http://www.w3.org/2000/01/rdf-schema#subClassOf>	<https://www.tib.eu/digitrubber#DIGITRUBBER_000149>
<http://purl.obolibrary.org/obo/IAO_0000101>	<http://www.w3.org/2000/01/rdf-schema#subClassOf>	<http://purl.obolibrary.org/obo/IAO_0000308>
<http://purl.obolibrary.org/obo/OBI_0000726>	<http://www.w3.org/2000/01/rdf-schema#subClassOf>	<http://purl.obolibrary.org/obo/OBI_0200000>
<https://www.tib.eu/digitrubber#DIGITRUBBER_000019>	<http://www.w3.org/2000/01/rdf-schema#subClassOf>	<https://www.tib.eu/digitrubber#DIGITRUBBER_0000001>
<http://purl.obolibrary.org/obo/OBI_0000272>	<http://www.w3.org/2000/01/rdf-schema#subClassOf>	<https://www.tib.eu/digitrubber#DIGITRUBBER_0000001>
<https://www.tib.eu/digitrubber#DIGITRUBBER_000174>	<http://www.w3.org/2000/01/rdf-schema#subClassOf>	<https://www.tib.eu/digitrubber#DIGITRUBBER_000149>
<https://www.tib.eu/digitrubber#DIGITRUBBER_000236>	<http://www.w3.org/2000/01/rdf-schema#subClassOf>	<https://www.tib.eu/digitrubber#DIGITRUBBER_000149>
<http://purl.obolibrary.org/obo/IAO_0000180>	<http://www.w3.org/2000/01/rdf-schema#subClassOf>	<http://purl.obolibrary.org/obo/IAO_0000038>
<https://www.tib.eu/digitrubber#DIGITRUBBER_000240>	<http://www.w3.org/2000/01/rdf-schema#subClassOf>	<https://www.tib.eu/digitrubber#DIGITRUBBER_000149>
<http://purl.obolibrary.org/obo/CHEBI_33659>	<http://www.w3.org/2000/01/rdf-schema#subClassOf>	<http://purl.obolibrary.org/obo/CHEBI_33832>
<http://purl.obolibrary.org/obo/CHEBI_72695>	<http://www.w3.org/2000/01/rdf-schema#subClassOf>	<http://purl.obolibrary.org/obo/CHEBI_50860>
<https://www.tib.eu/digitrubber#DIGITRUBBER_000402>	<http://www.w3.org/2000/01/rdf-schema#subClassOf>	<https://www.tib.eu/digitrubber#DIGITRUBBER_000149>
<https://www.tib.eu/digitrubber#DIGITRUBBER_000217>	<http://www.w3.org/2000/01/rdf-schema#subClassOf>	<https://www.tib.eu/digitrubber#DIGITRUBBER_0000001>
<https://www.tib.eu/digitrubber#DIGITRUBBER_000359>	<http://www.w3.org/2000/01/rdf-schema#subClassOf>	<https://www.tib.eu/digitrubber#DIGITRUBBER_0000001>
<http://purl.obolibrary.org/obo/PATO_0001291>	<http://www.w3.org/2000/01/rdf-schema#subClassOf>	<http://purl.obolibrary.org/obo/PATO_0001739>
<https://www.tib.eu/digitrubber#DIGITRUBBER_000277>	<http://www.w3.org/2000/01/rdf-schema#subClassOf>	<https://www.tib.eu/digitrubber#DIGITRUBBER_000149>
<https://www.tib.eu/digitrubber#DIGITRUBBER_000122>	<http://www.w3.org/2000/01/rdf-schema#subClassOf>	<https://www.tib.eu/digitrubber#DIGITRUBBER_000149>
<http://purl.obolibrary.org/obo/OBI_0200042>	<http://www.w3.org/2000/01/rdf-schema#subClassOf>	<http://purl.obolibrary.org/obo/APOLLO_SV_00000796>
<https://www.tib.eu/digitrubber#DIGITRUBBER_000127>	<http://www.w3.org/2000/01/rdf-schema#subClassOf>	<https://www.tib.eu/digitrubber#DIGITRUBBER_000149>
<http://purl.obolibrary.org/obo/CHEBI_59999>	<http://www.w3.org/2000/01/rdf-schema#subClassOf>	<http://purl.obolibrary.org/obo/CHEBI_24431>
<https://www.tib.eu/digitrubber#DIGITRUBBER_000135>	<http://www.w3.org/2000/01/rdf-schema#subClassOf>	<http://purl.obolibrary.org/obo/BFO_0000023>
<http://purl.obolibrary.org/obo/CHEBI_25696>	<http://www.w3.org/2000/01/rdf-schema#subClassOf>	<http://purl.obolibrary.org/obo/CHEBI_22563>
<https://www.tib.eu/digitrubber#DIGITRUBBER_000024>	<http://www.w3.org/2000/01/rdf-schema#subClassOf>	<https://www.tib.eu/digitrubber#DIGITRUBBER_0000001>
<https://www.tib.eu/digitrubber#DIGITRUBBER_000256>	<http://www.w3.org/2000/01/rdf-schema#subClassOf>	<https://www.tib.eu/digitrubber#DIGITRUBBER_0000001>
<https://www.tib.eu/digitrubber#DIGITRUBBER_000504>	<http://www.w3.org/2000/01/rdf-schema#subClassOf>	<https://www.tib.eu/digitrubber#DIGITRUBBER_0000001>
<https://www.tib.eu/digitrubber#DIGITRUBBER_000532>	<http://www.w3.org/2000/01/rdf-schema#subClassOf>	<https://www.tib.eu/digitrubber#DIGITRUBBER_0000001>
<https://www.tib.eu/digitrubber#DIGITRUBBER_000605>	<http://www.w3.org/2000/01/rdf-schema#subClassOf>	<http://purl.obolibrary.org/obo/CHEBI_24431>
<https://www.tib.eu/digitrubber#DIGITRUBBER_000510>	<http://www.w3.org/2000/01/rdf-schema#subClassOf>	<http://purl.obolibrary.org/obo/IAO_0000003>
<https://www.tib.eu/digitrubber#DIGITRUBBER_000265>	<http://www.w3.org/2000/01/rdf-schema#subClassOf>	<https://www.tib.eu/digitrubber#DIGITRUBBER_0000001>
<https://www.tib.eu/digitrubber#DIGITRUBBER_000425>	<http://www.w3.org/2000/01/rdf-schema#subClassOf>	<https://www.tib.eu/digitrubber#DIGITRUBBER_000424>
<https://www.tib.eu/digitrubber#DIGITRUBBER_000203>	<http://www.w3.org/2000/01/rdf-schema#subClassOf>	<https://www.tib.eu/digitrubber#DIGITRUBBER_0000001>
<https://www.tib.eu/digitrubber#DIGITRUBBER_000020>	<http://www.w3.org/2000/01/rdf-schema#subClassOf>	<https://www.tib.eu/digitrubber#DIGITRUBBER_0000001>
<https://www.tib.eu/digitrubber#DIGITRUBBER_000128>	<http://www.w3.org/2000/01/rdf-schema#subClassOf>	<https://www.tib.eu/digitrubber#DIGITRUBBER_000149>
<https://www.tib.eu/digitrubber#DIGITRUBBER_000564>	<http://www.w3.org/2000/01/rdf-schema#subClassOf>	<https://www.tib.eu/digitrubber#DIGITRUBBER_000149>
<http://purl.obolibrary.org/obo/CHEBI_33261>	<http://www.w3.org/2000/01/rdf-schema#subClassOf>	<http://purl.obolibrary.org/obo/CHEBI_26835>
<https://www.tib.eu/digitrubber#DIGITRUBBER_000219>	<http://www.w3.org/2000/01/rdf-schema#subClassOf>	<https://www.tib.eu/digitrubber#DIGITRUBBER_000149>
<https://www.tib.eu/digitrubber#DIGITRUBBER_000360>	<http://www.w3.org/2000/01/rdf-schema#subClassOf>	<https://www.tib.eu/digitrubber#DIGITRUBBER_0000001>
<http://purl.obolibrary.org/obo/IAO_0000037>	<http://www.w3.org/2000/01/rdf-schema#subClassOf>	<http://purl.obolibrary.org/obo/IAO_0000038>
<https://www.tib.eu/digitrubber#DIGITRUBBER_000120>	<http://www.w3.org/2000/01/rdf-schema#subClassOf>	<https://www.tib.eu/digitrubber#DIGITRUBBER_000149>
<https://www.tib.eu/digitrubber#DIGITRUBBER_000008>	<http://www.w3.org/2000/01/rdf-schema#subClassOf>	<https://www.tib.eu/digitrubber#DIGITRUBBER_0000001>
<http://purl.obolibrary.org/obo/OBI_0200051>	<http://www.w3.org/2000/01/rdf-schema#subClassOf>	<http://purl.obolibrary.org/obo/OBI_0200050>
<https://www.tib.eu/digitrubber#DIGITRUBBER_000609>	<http://www.w3.org/2000/01/rdf-schema#subClassOf>	<http://purl.obolibrary.org/obo/IAO_0000003>
<https://www.tib.eu/digitrubber#DIGITRUBBER_000268>	<http://www.w3.org/2000/01/rdf-schema#subClassOf>	<https://www.tib.eu/digitrubber#DIGITRUBBER_0000001>
<https://www.tib.eu/digitrubber#DIGITRUBBER_000151>	<http://www.w3.org/2000/01/rdf-schema#subClassOf>	<https://www.tib.eu/digitrubber#DIGITRUBBER_000149>
<https://www.tib.eu/digitrubber#DIGITRUBBER_000107>	<http://www.w3.org/2000/01/rdf-schema#subClassOf>	<https://www.tib.eu/digitrubber#DIGITRUBBER_0000001>
<http://purl.obolibrary.org/obo/CHEBI_38106>	<http://www.w3.org/2000/01/rdf-schema#subClassOf>	<http://purl.obolibrary.org/obo/CHEBI_24532>
<https://www.tib.eu/digitrubber#DIGITRUBBER_000597>	<http://www.w3.org/2000/01/rdf-schema#subClassOf>	<https://www.tib.eu/digitrubber#DIGITRUBBER_000599>
<https://www.tib.eu/digitrubber#DIGITRUBBER_000560>	<http://www.w3.org/2000/01/rdf-schema#subClassOf>	<http://www.w3.org/2002/07/owl#Thing>
<https://www.tib.eu/digitrubber#DIGITRUBBER_000206>	<http://www.w3.org/2000/01/rdf-schema#subClassOf>	<https://www.tib.eu/digitrubber#DIGITRUBBER_0000001>
<https://www.tib.eu/digitrubber#DIGITRUBBER_000292>	<http://www.w3.org/2000/01/rdf-schema#subClassOf>	<http://purl.obolibrary.org/obo/CHEBI_28798>
<https://www.tib.eu/digitrubber#DIGITRUBBER_000442>	<http://www.w3.org/2000/01/rdf-schema#subClassOf>	<https://www.tib.eu/digitrubber#DIGITRUBBER_000149>
<http://purl.obolibrary.org/obo/CHEBI_33579>	<http://www.w3.org/2000/01/rdf-schema#subClassOf>	<http://purl.obolibrary.org/obo/CHEBI_23367>
<https://www.tib.eu/digitrubber#DIGITRUBBER_000379>	<http://www.w3.org/2000/01/rdf-schema#subClassOf>	<https://www.tib.eu/digitrubber#DIGITRUBBER_000149>
<http://purl.obolibrary.org/obo/CHEBI_84291>	<http://www.w3.org/2000/01/rdf-schema#subClassOf>	<http://purl.obolibrary.org/obo/CHEBI_26835>
<http://purl.obolibrary.org/obo/OBI_0200171>	<http://www.w3.org/2000/01/rdf-schema#subClassOf>	<http://purl.obolibrary.org/obo/OBI_0200000>
<https://www.tib.eu/digitrubber#DIGITRUBBER_000546>	<http://www.w3.org/2000/01/rdf-schema#subClassOf>	<https://www.tib.eu/digitrubber#DIGITRUBBER_0000001>
<http://purl.obolibrary.org/obo/APOLLO_SV_00000796>	<http://www.w3.org/2000/01/rdf-schema#subClassOf>	<http://purl.obolibrary.org/obo/OBI_0000011>
<http://purl.obolibrary.org/obo/CHEBI_24870>	<http://www.w3.org/2000/01/rdf-schema#subClassOf>	<http://purl.obolibrary.org/obo/CHEBI_23367>
<http://purl.obolibrary.org/obo/CHEBI_36358>	<http://www.w3.org/2000/01/rdf-schema#subClassOf>	<http://purl.obolibrary.org/obo/CHEBI_24870>
<http://purl.obolibrary.org/obo/OBI_0000727>	<http://www.w3.org/2000/01/rdf-schema#subClassOf>	<http://purl.obolibrary.org/obo/APOLLO_SV_00000796>
<https://www.tib.eu/digitrubber#DIGITRUBBER_000047>	<http://www.w3.org/2000/01/rdf-schema#subClassOf>	<https://www.tib.eu/digitrubber#DIGITRUBBER_0000001>
<https://www.tib.eu/digitrubber#DIGITRUBBER_000353>	<http://www.w3.org/2000/01/rdf-schema#subClassOf>	<http://purl.obolibrary.org/obo/IAO_0000003>
<http://purl.obolibrary.org/obo/CHEBI_36830>	<http://www.w3.org/2000/01/rdf-schema#subClassOf>	<http://purl.obolibrary.org/obo/CHEBI_22563>
<https://www.tib.eu/digitrubber#DIGITRUBBER_000142>	<http://www.w3.org/2000/01/rdf-schema#subClassOf>	<https://www.tib.eu/digitrubber#DIGITRUBBER_000149>
<https://www.tib.eu/digitrubber#DIGITRUBBER_000583>	<http://www.w3.org/2000/01/rdf-schema#subClassOf>	<https://www.tib.eu/digitrubber#DIGITRUBBER_000582>
<https://www.tib.eu/digitrubber#DIGITRUBBER_000167>	<http://www.w3.org/2000/01/rdf-schema#subClassOf>	<https://www.tib.eu/digitrubber#DIGITRUBBER_000149>
<https://www.tib.eu/digitrubber#DIGITRUBBER_000146>	<http://www.w3.org/2000/01/rdf-schema#subClassOf>	<https://www.tib.eu/digitrubber#DIGITRUBBER_0000001>
<https://www.tib.eu/digitrubber#DIGITRUBBER_000567>	<http://www.w3.org/2000/01/rdf-schema#subClassOf>	<https://www.tib.eu/digitrubber#DIGITRUBBER_000149>
<http://purl.obolibrary.org/obo/CHEBI_33833>	<http://www.w3.org/2000/01/rdf-schema#subClassOf>	<http://purl.obolibrary.org/obo/CHEBI_24532>
<https://www.tib.eu/digitrubber#DIGITRUBBER_000013>	<http://www.w3.org/2000/01/rdf-schema#subClassOf>	<https://www.tib.eu/digitrubber#DIGITRUBBER_0000001>
<https://www.tib.eu/digitrubber#DIGITRUBBER_000197>	<http://www.w3.org/2000/01/rdf-schema#subClassOf>	<https://www.tib.eu/digitrubber#DIGITRUBBER_000149>
<https://www.tib.eu/digitrubber#DIGITRUBBER_000346>	<http://www.w3.org/2000/01/rdf-schema#subClassOf>	<https://www.tib.eu/digitrubber#DIGITRUBBER_000349>
<https://www.tib.eu/digitrubber#DIGITRUBBER_000014>	<http://www.w3.org/2000/01/rdf-schema#subClassOf>	<https://www.tib.eu/digitrubber#DIGITRUBBER_000149>
<https://www.tib.eu/digitrubber#DIGITRUBBER_000009>	<http://www.w3.org/2000/01/rdf-schema#subClassOf>	<http://www.w3.org/2002/07/owl#Thing>
<http://purl.obolibrary.org/obo/CHEBI_35489>	<http://www.w3.org/2000/01/rdf-schema#subClassOf>	<http://purl.obolibrary.org/obo/CHEBI_33261>
<http://purl.obolibrary.org/obo/OBI_0000953>	<http://www.w3.org/2000/01/rdf-schema#subClassOf>	<http://purl.obolibrary.org/obo/OBI_0100051>
<https://www.tib.eu/digitrubber#DIGITRUBBER_000073>	<http://www.w3.org/2000/01/rdf-schema#subClassOf>	<https://www.tib.eu/digitrubber#DIGITRUBBER_000149>
<https://www.tib.eu/digitrubber#DIGITRUBBER_000598>	<http://www.w3.org/2000/01/rdf-schema#subClassOf>	<https://www.tib.eu/digitrubber#DIGITRUBBER_000601>
<http://purl.obolibrary.org/obo/OBI_0000018>	<http://www.w3.org/2000/01/rdf-schema#subClassOf>	<http://purl.obolibrary.org/obo/OBI_0000947>
<https://www.tib.eu/digitrubber#DIGITRUBBER_000452>	<http://www.w3.org/2000/01/rdf-schema#subClassOf>	<https://www.tib.eu/digitrubber#DIGITRUBBER_0000001>
<https://www.tib.eu/digitrubber#DIGITRUBBER_000168>	<http://www.w3.org/2000/01/rdf-schema#subClassOf>	<https://www.tib.eu/digitrubber#DIGITRUBBER_000149>
<http://purl.obolibrary.org/obo/OBI_0000371>	<http://www.w3.org/2000/01/rdf-schema#subClassOf>	<http://purl.obolibrary.org/obo/BFO_0000034>
<https://www.tib.eu/digitrubber#DIGITRUBBER_000539>	<http://www.w3.org/2000/01/rdf-schema#subClassOf>	<http://purl.obolibrary.org/obo/IAO_0000003>
<http://purl.obolibrary.org/obo/OBI_0001034>	<http://www.w3.org/2000/01/rdf-schema#subClassOf>	<http://purl.obolibrary.org/obo/OBI_0000968>
<http://purl.obolibrary.org/obo/CHEBI_33832>	<http://www.w3.org/2000/01/rdf-schema#subClassOf>	<http://purl.obolibrary.org/obo/CHEBI_72695>
<http://purl.obolibrary.org/obo/OBI_0000968>	<http://www.w3.org/2000/01/rdf-schema#subClassOf>	<http://purl.obolibrary.org/obo/OBI_0000047>
<https://www.tib.eu/digitrubber#DIGITRUBBER_000489>	<http://www.w3.org/2000/01/rdf-schema#subClassOf>	<https://www.tib.eu/digitrubber#DIGITRUBBER_0000001>
<https://www.tib.eu/digitrubber#DIGITRUBBER_000561>	<http://www.w3.org/2000/01/rdf-schema#subClassOf>	<http://www.w3.org/2002/07/owl#Thing>
<https://www.tib.eu/digitrubber#DIGITRUBBER_000160>	<http://www.w3.org/2000/01/rdf-schema#subClassOf>	<https://www.tib.eu/digitrubber#DIGITRUBBER_000149>
<http://purl.obolibrary.org/obo/OBI_0000946>	<http://www.w3.org/2000/01/rdf-schema#subClassOf>	<http://purl.obolibrary.org/obo/BFO_0000034>
<https://www.tib.eu/digitrubber#DIGITRUBBER_000619>	<http://www.w3.org/2000/01/rdf-schema#subClassOf>	<http://purl.obolibrary.org/obo/UO_0000051>
<https://www.tib.eu/digitrubber#DIGITRUBBER_000039>	<http://www.w3.org/2000/01/rdf-schema#subClassOf>	<https://www.tib.eu/digitrubber#DIGITRUBBER_000149>
<https://www.tib.eu/digitrubber#DIGITRUBBER_000282>	<http://www.w3.org/2000/01/rdf-schema#subClassOf>	<https://www.tib.eu/digitrubber#DIGITRUBBER_0000001>
<https://www.tib.eu/digitrubber#DIGITRUBBER_000446>	<http://www.w3.org/2000/01/rdf-schema#subClassOf>	<https://www.tib.eu/digitrubber#DIGITRUBBER_000149>
<http://purl.obolibrary.org/obo/OBI_0000112>	<http://www.w3.org/2000/01/rdf-schema#subClassOf>	<http://purl.obolibrary.org/obo/BFO_0000023>
<http://purl.obolibrary.org/obo/BFO_0000023>	<http://www.w3.org/2000/01/rdf-schema#subClassOf>	<https://www.tib.eu/digitrubber#DIGITRUBBER_000149>
<http://purl.obolibrary.org/obo/IAO_0000183>	<http://www.w3.org/2000/01/rdf-schema#subClassOf>	<http://purl.obolibrary.org/obo/IAO_0000038>
<https://www.tib.eu/digitrubber#DIGITRUBBER_000410>	<http://www.w3.org/2000/01/rdf-schema#subClassOf>	<https://www.tib.eu/digitrubber#DIGITRUBBER_000149>
<https://www.tib.eu/digitrubber#DIGITRUBBER_000031>	<http://www.w3.org/2000/01/rdf-schema#subClassOf>	<https://www.tib.eu/digitrubber#DIGITRUBBER_000149>
<https://www.tib.eu/digitrubber#DIGITRUBBER_000622>	<http://www.w3.org/2000/01/rdf-schema#subClassOf>	<http://purl.obolibrary.org/obo/IAO_0000003>
<https://www.tib.eu/digitrubber#DIGITRUBBER_000352>	<http://www.w3.org/2000/01/rdf-schema#subClassOf>	<http://purl.obolibrary.org/obo/IAO_0000003>
<https://www.tib.eu/digitrubber#DIGITRUBBER_000253>	<http://www.w3.org/2000/01/rdf-schema#subClassOf>	<https://www.tib.eu/digitrubber#DIGITRUBBER_000149>
<https://www.tib.eu/digitrubber#DIGITRUBBER_000456>	<http://www.w3.org/2000/01/rdf-schema#subClassOf>	<https://www.tib.eu/digitrubber#DIGITRUBBER_000453>
<https://www.tib.eu/digitrubber#DIGITRUBBER_000113>	<http://www.w3.org/2000/01/rdf-schema#subClassOf>	<https://www.tib.eu/digitrubber#DIGITRUBBER_000149>
<https://www.tib.eu/digitrubber#DIGITRUBBER_000080>	<http://www.w3.org/2000/01/rdf-schema#subClassOf>	<https://www.tib.eu/digitrubber#DIGITRUBBER_0000001>
<https://www.tib.eu/digitrubber#DIGITRUBBER_000284>	<http://www.w3.org/2000/01/rdf-schema#subClassOf>	<https://www.tib.eu/digitrubber#DIGITRUBBER_000149>
<https://www.tib.eu/digitrubber#DIGITRUBBER_000086>	<http://www.w3.org/2000/01/rdf-schema#subClassOf>	<https://www.tib.eu/digitrubber#DIGITRUBBER_000149>
<http://purl.obolibrary.org/obo/CHEBI_24532>	<http://www.w3.org/2000/01/rdf-schema#subClassOf>	<http://purl.obolibrary.org/obo/CHEBI_33285>
<http://purl.obolibrary.org/obo/UO_0000095>	<http://www.w3.org/2000/01/rdf-schema#subClassOf>	<http://purl.obolibrary.org/obo/IAO_0000003>
<https://www.tib.eu/digitrubber#DIGITRUBBER_000613>	<http://www.w3.org/2000/01/rdf-schema#subClassOf>	<http://purl.obolibrary.org/obo/IAO_0000003>
<http://purl.obolibrary.org/obo/PATO_0001548>	<http://www.w3.org/2000/01/rdf-schema#subClassOf>	<http://purl.obolibrary.org/obo/PATO_0002198>
<https://www.tib.eu/digitrubber#DIGITRUBBER_000200>	<http://www.w3.org/2000/01/rdf-schema#subClassOf>	<https://www.tib.eu/digitrubber#DIGITRUBBER_0000001>
<https://www.tib.eu/digitrubber#DIGITRUBBER_000548>	<http://www.w3.org/2000/01/rdf-schema#subClassOf>	<https://www.tib.eu/digitrubber#DIGITRUBBER_0000001>
<http://purl.obolibrary.org/obo/OBI_0200111>	<http://www.w3.org/2000/01/rdf-schema#subClassOf>	<http://purl.obolibrary.org/obo/OBI_0000011>
<https://www.tib.eu/digitrubber#DIGITRUBBER_000133>	<http://www.w3.org/2000/01/rdf-schema#subClassOf>	<http://purl.obolibrary.org/obo/BFO_0000023>
<https://www.tib.eu/digitrubber#DIGITRUBBER_000441>	<http://www.w3.org/2000/01/rdf-schema#subClassOf>	<https://www.tib.eu/digitrubber#DIGITRUBBER_0000001>
<http://purl.obolibrary.org/obo/CHEBI_36358>	<http://www.w3.org/2000/01/rdf-schema#subClassOf>	<http://purl.obolibrary.org/obo/CHEBI_36357>
<https://www.tib.eu/digitrubber#DIGITRUBBER_000077>	<http://www.w3.org/2000/01/rdf-schema#subClassOf>	<https://www.tib.eu/digitrubber#DIGITRUBBER_000149>
<http://purl.obolibrary.org/obo/PATO_0000051>	<http://www.w3.org/2000/01/rdf-schema#subClassOf>	<http://purl.obolibrary.org/obo/PATO_0001241>
<https://www.tib.eu/digitrubber#DIGITRUBBER_000616>	<http://www.w3.org/2000/01/rdf-schema#subClassOf>	<http://purl.obolibrary.org/obo/IAO_0000003>
<https://www.tib.eu/digitrubber#DIGITRUBBER_000395>	<http://www.w3.org/2000/01/rdf-schema#subClassOf>	<https://www.tib.eu/digitrubber#DIGITRUBBER_0000001>
<http://purl.obolibrary.org/obo/OBI_0000450>	<http://www.w3.org/2000/01/rdf-schema#subClassOf>	<http://purl.obolibrary.org/obo/OBI_0000245>
<http://purl.obolibrary.org/obo/CHEBI_25696>	<http://www.w3.org/2000/01/rdf-schema#subClassOf>	<http://purl.obolibrary.org/obo/CHEBI_25699>
<http://purl.obolibrary.org/obo/OBI_0000963>	<http://www.w3.org/2000/01/rdf-schema#subClassOf>	<http://purl.obolibrary.org/obo/IAO_0000009>
<https://www.tib.eu/digitrubber#DIGITRUBBER_000223>	<http://www.w3.org/2000/01/rdf-schema#subClassOf>	<https://www.tib.eu/digitrubber#DIGITRUBBER_000149>
<http://purl.obolibrary.org/obo/CHEBI_35489>	<http://www.w3.org/2000/01/rdf-schema#subClassOf>	<http://purl.obolibrary.org/obo/CHEBI_48343>
<https://www.tib.eu/digitrubber#DIGITRUBBER_000325>	<http://www.w3.org/2000/01/rdf-schema#subClassOf>	<https://www.tib.eu/digitrubber#DIGITRUBBER_000324>
<https://www.tib.eu/digitrubber#DIGITRUBBER_000182>	<http://www.w3.org/2000/01/rdf-schema#subClassOf>	<https://www.tib.eu/digitrubber#DIGITRUBBER_000149>
<https://www.tib.eu/digitrubber#DIGITRUBBER_000068>	<http://www.w3.org/2000/01/rdf-schema#subClassOf>	<https://www.tib.eu/digitrubber#DIGITRUBBER_000149>
<https://www.tib.eu/digitrubber#DIGITRUBBER_000152>	<http://www.w3.org/2000/01/rdf-schema#subClassOf>	<https://www.tib.eu/digitrubber#DIGITRUBBER_000107>
<http://purl.obolibrary.org/obo/UO_0000003>	<http://www.w3.org/2000/01/rdf-schema#subClassOf>	<http://purl.obolibrary.org/obo/IAO_0000003>
<https://www.tib.eu/digitrubber#DIGITRUBBER_000300>	<http://www.w3.org/2000/01/rdf-schema#subClassOf>	<https://www.tib.eu/digitrubber#DIGITRUBBER_000298>
<https://www.tib.eu/digitrubber#DIGITRUBBER_000289>	<http://www.w3.org/2000/01/rdf-schema#subClassOf>	<http://purl.obolibrary.org/obo/CHEBI_28798>
<http://purl.obolibrary.org/obo/OBI_0000727>	<http://www.w3.org/2000/01/rdf-schema#subClassOf>	<http://purl.obolibrary.org/obo/OBI_0200171>
<https://www.tib.eu/digitrubber#DIGITRUBBER_000471>	<http://www.w3.org/2000/01/rdf-schema#subClassOf>	<http://www.w3.org/2002/07/owl#Thing>
<https://www.tib.eu/digitrubber#DIGITRUBBER_000114>	<http://www.w3.org/2000/01/rdf-schema#subClassOf>	<https://www.tib.eu/digitrubber#DIGITRUBBER_000149>
<https://www.tib.eu/digitrubber#DIGITRUBBER_000085>	<http://www.w3.org/2000/01/rdf-schema#subClassOf>	<https://www.tib.eu/digitrubber#DIGITRUBBER_000149>
<https://www.tib.eu/digitrubber#DIGITRUBBER_000358>	<http://www.w3.org/2000/01/rdf-schema#subClassOf>	<https://www.tib.eu/digitrubber#DIGITRUBBER_0000001>
<http://purl.obolibrary.org/obo/CHEBI_36357>	<http://www.w3.org/2000/01/rdf-schema#subClassOf>	<http://purl.obolibrary.org/obo/CHEBI_23367>
<https://www.tib.eu/digitrubber#DIGITRUBBER_000612>	<http://www.w3.org/2000/01/rdf-schema#subClassOf>	<http://purl.obolibrary.org/obo/IAO_0000003>
<http://purl.obolibrary.org/obo/PATO_0000122>	<http://www.w3.org/2000/01/rdf-schema#subClassOf>	<http://purl.obolibrary.org/obo/PATO_0000051>
<https://www.tib.eu/digitrubber#DIGITRUBBER_000148>	<http://www.w3.org/2000/01/rdf-schema#subClassOf>	<https://www.tib.eu/digitrubber#DIGITRUBBER_000149>
<https://www.tib.eu/digitrubber#DIGITRUBBER_000079>	<http://www.w3.org/2000/01/rdf-schema#subClassOf>	<https://www.tib.eu/digitrubber#DIGITRUBBER_0000001>
<http://purl.obolibrary.org/obo/CHEBI_68452>	<http://www.w3.org/2000/01/rdf-schema#subClassOf>	<http://purl.obolibrary.org/obo/CHEBI_38179>
<https://www.tib.eu/digitrubber#DIGITRUBBER_000381>	<http://www.w3.org/2000/01/rdf-schema#subClassOf>	<https://www.tib.eu/digitrubber#DIGITRUBBER_000380>
<https://www.tib.eu/digitrubber#DIGITRUBBER_000140>	<http://www.w3.org/2000/01/rdf-schema#subClassOf>	<https://www.tib.eu/digitrubber#DIGITRUBBER_000149>
<https://www.tib.eu/digitrubber#DIGITRUBBER_000404>	<http://www.w3.org/2000/01/rdf-schema#subClassOf>	<https://www.tib.eu/digitrubber#DIGITRUBBER_0000001>
<https://www.tib.eu/digitrubber#DIGITRUBBER_000246>	<http://www.w3.org/2000/01/rdf-schema#subClassOf>	<https://www.tib.eu/digitrubber#DIGITRUBBER_000149>
<https://www.tib.eu/digitrubber#DIGITRUBBER_000022>	<http://www.w3.org/2000/01/rdf-schema#subClassOf>	<https://www.tib.eu/digitrubber#DIGITRUBBER_0000001>
<https://www.tib.eu/digitrubber#DIGITRUBBER_000349>	<http://www.w3.org/2000/01/rdf-schema#subClassOf>	<http://purl.obolibrary.org/obo/IAO_0000003>
<https://www.tib.eu/digitrubber#DIGITRUBBER_000503>	<http://www.w3.org/2000/01/rdf-schema#subClassOf>	<https://www.tib.eu/digitrubber#DIGITRUBBER_0000001>
<https://www.tib.eu/digitrubber#DIGITRUBBER_000054>	<http://www.w3.org/2000/01/rdf-schema#subClassOf>	<https://www.tib.eu/digitrubber#DIGITRUBBER_000149>
<https://www.tib.eu/digitrubber#DIGITRUBBER_000139>	<http://www.w3.org/2000/01/rdf-schema#subClassOf>	<https://www.tib.eu/digitrubber#DIGITRUBBER_000149>
<https://www.tib.eu/digitrubber#DIGITRUBBER_000021>	<http://www.w3.org/2000/01/rdf-schema#subClassOf>	<https://www.tib.eu/digitrubber#DIGITRUBBER_000149>
<http://purl.obolibrary.org/obo/OBI_0000663>	<http://www.w3.org/2000/01/rdf-schema#subClassOf>	<http://purl.obolibrary.org/obo/OBI_0200000>
<http://purl.obolibrary.org/obo/CHEBI_33261>	<http://www.w3.org/2000/01/rdf-schema#subClassOf>	<http://purl.obolibrary.org/obo/CHEBI_36962>
<https://www.tib.eu/digitrubber#DIGITRUBBER_000046>	<http://www.w3.org/2000/01/rdf-schema#subClassOf>	<https://www.tib.eu/digitrubber#DIGITRUBBER_000149>
<https://www.tib.eu/digitrubber#DIGITRUBBER_000209>	<http://www.w3.org/2000/01/rdf-schema#subClassOf>	<https://www.tib.eu/digitrubber#DIGITRUBBER_000149>
<https://www.tib.eu/digitrubber#DIGITRUBBER_000633>	<http://www.w3.org/2000/01/rdf-schema#subClassOf>	<https://www.tib.eu/digitrubber#DIGITRUBBER_000601>
<https://www.tib.eu/digitrubber#DIGITRUBBER_000202>	<http://www.w3.org/2000/01/rdf-schema#subClassOf>	<https://www.tib.eu/digitrubber#DIGITRUBBER_0000001>
<https://www.tib.eu/digitrubber#DIGITRUBBER_000005>	<http://www.w3.org/2000/01/rdf-schema#subClassOf>	<https://www.tib.eu/digitrubber#DIGITRUBBER_000149>
<https://www.tib.eu/digitrubber#DIGITRUBBER_000563>	<http://www.w3.org/2000/01/rdf-schema#subClassOf>	<http://www.w3.org/2002/07/owl#Thing>
<https://www.tib.eu/digitrubber#DIGITRUBBER_000364>	<http://www.w3.org/2000/01/rdf-schema#subClassOf>	<http://purl.obolibrary.org/obo/IAO_0000003>
<http://purl.obolibrary.org/obo/PATO_0002182>	<http://www.w3.org/2000/01/rdf-schema#subClassOf>	<http://purl.obolibrary.org/obo/PATO_0001241>
<https://www.tib.eu/digitrubber#DIGITRUBBER_000175>	<http://www.w3.org/2000/01/rdf-schema#subClassOf>	<https://www.tib.eu/digitrubber#DIGITRUBBER_000149>
<https://www.tib.eu/digitrubber#DIGITRUBBER_000071>	<http://www.w3.org/2000/01/rdf-schema#subClassOf>	<https://www.tib.eu/digitrubber#DIGITRUBBER_000149>
<https://www.tib.eu/digitrubber#DIGITRUBBER_000517>	<http://www.w3.org/2000/01/rdf-schema#subClassOf>	<https://www.tib.eu/digitrubber#DIGITRUBBER_000149>
<https://www.tib.eu/digitrubber#DIGITRUBBER_000640>	<http://www.w3.org/2000/01/rdf-schema#subClassOf>	<https://www.tib.eu/digitrubber#DIGITRUBBER_0000001>
<http://purl.obolibrary.org/obo/UO_0000002>	<http://www.w3.org/2000/01/rdf-schema#subClassOf>	<http://purl.obolibrary.org/obo/IAO_0000003>
<https://www.tib.eu/digitrubber#DIGITRUBBER_000618>	<http://www.w3.org/2000/01/rdf-schema#subClassOf>	<http://purl.obolibrary.org/obo/IAO_0000003>
<https://www.tib.eu/digitrubber#DIGITRUBBER_000186>	<http://www.w3.org/2000/01/rdf-schema#subClassOf>	<https://www.tib.eu/digitrubber#DIGITRUBBER_000149>
<http://purl.obolibrary.org/obo/CHEBI_68452>	<http://www.w3.org/2000/01/rdf-schema#subClassOf>	<http://purl.obolibrary.org/obo/CHEBI_38101>
<https://www.tib.eu/digitrubber#DIGITRUBBER_000315>	<http://www.w3.org/2000/01/rdf-schema#subClassOf>	<https://www.tib.eu/digitrubber#DIGITRUBBER_000313>
<https://www.tib.eu/digitrubber#DIGITRUBBER_000408>	<http://www.w3.org/2000/01/rdf-schema#subClassOf>	<http://purl.obolibrary.org/obo/IAO_0000003>
<https://www.tib.eu/digitrubber#DIGITRUBBER_000239>	<http://www.w3.org/2000/01/rdf-schema#subClassOf>	<https://www.tib.eu/digitrubber#DIGITRUBBER_0000001>
<https://www.tib.eu/digitrubber#DIGITRUBBER_000501>	<http://www.w3.org/2000/01/rdf-schema#subClassOf>	<https://www.tib.eu/digitrubber#DIGITRUBBER_000149>
<https://www.tib.eu/digitrubber#DIGITRUBBER_000301>	<http://www.w3.org/2000/01/rdf-schema#subClassOf>	<https://www.tib.eu/digitrubber#DIGITRUBBER_000297>
<https://www.tib.eu/digitrubber#DIGITRUBBER_000507>	<http://www.w3.org/2000/01/rdf-schema#subClassOf>	<https://www.tib.eu/digitrubber#DIGITRUBBER_000149>
<https://www.tib.eu/digitrubber#DIGITRUBBER_000191>	<http://www.w3.org/2000/01/rdf-schema#subClassOf>	<https://www.tib.eu/digitrubber#DIGITRUBBER_0000001>
<http://purl.obolibrary.org/obo/CHEBI_38106>	<http://www.w3.org/2000/01/rdf-schema#subClassOf>	<http://purl.obolibrary.org/obo/CHEBI_33261>
<http://purl.obolibrary.org/obo/CHEBI_5686>	<http://www.w3.org/2000/01/rdf-schema#subClassOf>	<http://purl.obolibrary.org/obo/CHEBI_33595>
<https://www.tib.eu/digitrubber#DIGITRUBBER_000329>	<http://www.w3.org/2000/01/rdf-schema#subClassOf>	<https://www.tib.eu/digitrubber#DIGITRUBBER_000328>
<https://www.tib.eu/digitrubber#DIGITRUBBER_000052>	<http://www.w3.org/2000/01/rdf-schema#subClassOf>	<https://www.tib.eu/digitrubber#DIGITRUBBER_000149>
<https://www.tib.eu/digitrubber#DIGITRUBBER_000015>	<http://www.w3.org/2000/01/rdf-schema#subClassOf>	<https://www.tib.eu/digitrubber#DIGITRUBBER_000149>
<https://www.tib.eu/digitrubber#DIGITRUBBER_000118>	<http://www.w3.org/2000/01/rdf-schema#subClassOf>	<https://www.tib.eu/digitrubber#DIGITRUBBER_000149>
<https://www.tib.eu/digitrubber#DIGITRUBBER_000296>	<http://www.w3.org/2000/01/rdf-schema#subClassOf>	<http://purl.obolibrary.org/obo/CHEBI_33415>
<https://www.tib.eu/digitrubber#DIGITRUBBER_000335>	<http://www.w3.org/2000/01/rdf-schema#subClassOf>	<http://purl.obolibrary.org/obo/IAO_0000003>
<http://purl.obolibrary.org/obo/CHEBI_25367>	<http://www.w3.org/2000/01/rdf-schema#subClassOf>	<http://purl.obolibrary.org/obo/CHEBI_36357>
<https://www.tib.eu/digitrubber#DIGITRUBBER_000418>	<http://www.w3.org/2000/01/rdf-schema#subClassOf>	<https://www.tib.eu/digitrubber#DIGITRUBBER_0000001>
<https://www.tib.eu/digitrubber#DIGITRUBBER_000601>	<http://www.w3.org/2000/01/rdf-schema#subClassOf>	<http://purl.obolibrary.org/obo/CHEBI_51446>
<https://www.tib.eu/digitrubber#DIGITRUBBER_000320>	<http://www.w3.org/2000/01/rdf-schema#subClassOf>	<http://purl.obolibrary.org/obo/CHEBI_35489>
<https://www.tib.eu/digitrubber#DIGITRUBBER_000173>	<http://www.w3.org/2000/01/rdf-schema#subClassOf>	<https://www.tib.eu/digitrubber#DIGITRUBBER_000149>
<https://www.tib.eu/digitrubber#DIGITRUBBER_000032>	<http://www.w3.org/2000/01/rdf-schema#subClassOf>	<https://www.tib.eu/digitrubber#DIGITRUBBER_000149>
<https://www.tib.eu/digitrubber#DIGITRUBBER_000026>	<http://www.w3.org/2000/01/rdf-schema#subClassOf>	<http://purl.obolibrary.org/obo/BFO_0000023>
<https://www.tib.eu/digitrubber#DIGITRUBBER_000110>	<http://www.w3.org/2000/01/rdf-schema#subClassOf>	<https://www.tib.eu/digitrubber#DIGITRUBBER_000149>
<https://www.tib.eu/digitrubber#DIGITRUBBER_0000001>	<http://www.w3.org/2000/01/rdf-schema#subClassOf>	<http://www.w3.org/2002/07/owl#Thing>
<https://www.tib.eu/digitrubber#DIGITRUBBER_000545>	<http://www.w3.org/2000/01/rdf-schema#subClassOf>	<https://www.tib.eu/digitrubber#DIGITRUBBER_0000001>
<http://purl.obolibrary.org/obo/CHEBI_33675>	<http://www.w3.org/2000/01/rdf-schema#subClassOf>	<http://purl.obolibrary.org/obo/CHEBI_33579>
<https://www.tib.eu/digitrubber#DIGITRUBBER_000129>	<http://www.w3.org/2000/01/rdf-schema#subClassOf>	<http://purl.obolibrary.org/obo/BFO_0000023>
<https://www.tib.eu/digitrubber#DIGITRUBBER_000141>	<http://www.w3.org/2000/01/rdf-schema#subClassOf>	<https://www.tib.eu/digitrubber#DIGITRUBBER_000149>
<https://www.tib.eu/digitrubber#DIGITRUBBER_000463>	<http://www.w3.org/2000/01/rdf-schema#subClassOf>	<http://www.w3.org/2002/07/owl#Thing>
<http://purl.obolibrary.org/obo/CHEBI_51446>	<http://www.w3.org/2000/01/rdf-schema#subClassOf>	<https://www.tib.eu/digitrubber#DIGITRUBBER_000604>
<https://www.tib.eu/digitrubber#DIGITRUBBER_000401>	<http://www.w3.org/2000/01/rdf-schema#subClassOf>	<https://www.tib.eu/digitrubber#DIGITRUBBER_000149>
<https://www.tib.eu/digitrubber#DIGITRUBBER_000216>	<http://www.w3.org/2000/01/rdf-schema#subClassOf>	<https://www.tib.eu/digitrubber#DIGITRUBBER_0000001>
<https://www.tib.eu/digitrubber#DIGITRUBBER_000145>	<http://www.w3.org/2000/01/rdf-schema#subClassOf>	<https://www.tib.eu/digitrubber#DIGITRUBBER_0000001>
<https://www.tib.eu/digitrubber#DIGITRUBBER_000041>	<http://www.w3.org/2000/01/rdf-schema#subClassOf>	<https://www.tib.eu/digitrubber#DIGITRUBBER_000392>
<https://www.tib.eu/digitrubber#DIGITRUBBER_000062>	<http://www.w3.org/2000/01/rdf-schema#subClassOf>	<https://www.tib.eu/digitrubber#DIGITRUBBER_000149>
<https://www.tib.eu/digitrubber#DIGITRUBBER_000147>	<http://www.w3.org/2000/01/rdf-schema#subClassOf>	<https://www.tib.eu/digitrubber#DIGITRUBBER_000149>
<https://www.tib.eu/digitrubber#DIGITRUBBER_000011>	<http://www.w3.org/2000/01/rdf-schema#subClassOf>	<https://www.tib.eu/digitrubber#DIGITRUBBER_0000001>
<https://www.tib.eu/digitrubber#DIGITRUBBER_000028>	<http://www.w3.org/2000/01/rdf-schema#subClassOf>	<https://www.tib.eu/digitrubber#DIGITRUBBER_000149>
<http://purl.obolibrary.org/obo/OBI_0200042>	<http://www.w3.org/2000/01/rdf-schema#subClassOf>	<http://purl.obolibrary.org/obo/OBI_0200175>
<http://purl.obolibrary.org/obo/CHEBI_35352>	<http://www.w3.org/2000/01/rdf-schema#subClassOf>	<http://purl.obolibrary.org/obo/CHEBI_51143>
<https://www.tib.eu/digitrubber#DIGITRUBBER_000641>	<http://www.w3.org/2000/01/rdf-schema#subClassOf>	<https://www.tib.eu/digitrubber#DIGITRUBBER_000149>
<https://www.tib.eu/digitrubber#DIGITRUBBER_000126>	<http://www.w3.org/2000/01/rdf-schema#subClassOf>	<https://www.tib.eu/digitrubber#DIGITRUBBER_000149>
<https://www.tib.eu/digitrubber#DIGITRUBBER_000101>	<http://www.w3.org/2000/01/rdf-schema#subClassOf>	<https://www.tib.eu/digitrubber#DIGITRUBBER_000149>
<http://purl.obolibrary.org/obo/PATO_0001546>	<http://www.w3.org/2000/01/rdf-schema#subClassOf>	<http://purl.obolibrary.org/obo/PATO_0002198>
<http://purl.obolibrary.org/obo/OBI_0000401>	<http://www.w3.org/2000/01/rdf-schema#subClassOf>	<http://purl.obolibrary.org/obo/BFO_0000034>
<https://www.tib.eu/digitrubber#DIGITRUBBER_000136>	<http://www.w3.org/2000/01/rdf-schema#subClassOf>	<http://purl.obolibrary.org/obo/BFO_0000023>
<http://purl.obolibrary.org/obo/CHEBI_22563>	<http://www.w3.org/2000/01/rdf-schema#subClassOf>	<http://purl.obolibrary.org/obo/CHEBI_24870>
<https://www.tib.eu/digitrubber#DIGITRUBBER_000584>	<http://www.w3.org/2000/01/rdf-schema#subClassOf>	<https://www.tib.eu/digitrubber#DIGITRUBBER_000582>
<https://www.tib.eu/digitrubber#DIGITRUBBER_000363>	<http://www.w3.org/2000/01/rdf-schema#subClassOf>	<http://purl.obolibrary.org/obo/IAO_0000003>
<https://www.tib.eu/digitrubber#DIGITRUBBER_000518>	<http://www.w3.org/2000/01/rdf-schema#subClassOf>	<https://www.tib.eu/digitrubber#DIGITRUBBER_000149>
<http://purl.obolibrary.org/obo/CHEBI_84292>	<http://www.w3.org/2000/01/rdf-schema#subClassOf>	<http://purl.obolibrary.org/obo/CHEBI_84291>
<http://purl.obolibrary.org/obo/CHEBI_33259>	<http://www.w3.org/2000/01/rdf-schema#subClassOf>	<http://purl.obolibrary.org/obo/CHEBI_23367>
<https://www.tib.eu/digitrubber#DIGITRUBBER_000131>	<http://www.w3.org/2000/01/rdf-schema#subClassOf>	<http://purl.obolibrary.org/obo/BFO_0000023>
<http://purl.obolibrary.org/obo/IAO_0000038>	<http://www.w3.org/2000/01/rdf-schema#subClassOf>	<http://purl.obolibrary.org/obo/IAO_0000309>
<https://www.tib.eu/digitrubber#DIGITRUBBER_000267>	<http://www.w3.org/2000/01/rdf-schema#subClassOf>	<https://www.tib.eu/digitrubber#DIGITRUBBER_000149>
<https://www.tib.eu/digitrubber#DIGITRUBBER_000075>	<http://www.w3.org/2000/01/rdf-schema#subClassOf>	<https://www.tib.eu/digitrubber#DIGITRUBBER_000149>
<http://purl.obolibrary.org/obo/OBI_0000014>	<http://www.w3.org/2000/01/rdf-schema#subClassOf>	<http://purl.obolibrary.org/obo/OBI_0000017>
<https://www.tib.eu/digitrubber#DIGITRUBBER_000228>	<http://www.w3.org/2000/01/rdf-schema#subClassOf>	<https://www.tib.eu/digitrubber#DIGITRUBBER_0000001>
<https://www.tib.eu/digitrubber#DIGITRUBBER_000650>	<http://www.w3.org/2000/01/rdf-schema#subClassOf>	<https://www.tib.eu/digitrubber#DIGITRUBBER_000290>
<http://purl.obolibrary.org/obo/UO_0000006>	<http://www.w3.org/2000/01/rdf-schema#subClassOf>	<http://purl.obolibrary.org/obo/IAO_0000003>
<https://www.tib.eu/digitrubber#DIGITRUBBER_000450>	<http://www.w3.org/2000/01/rdf-schema#subClassOf>	<http://www.w3.org/2002/07/owl#Thing>
<https://www.tib.eu/digitrubber#DIGITRUBBER_000069>	<http://www.w3.org/2000/01/rdf-schema#subClassOf>	<https://www.tib.eu/digitrubber#DIGITRUBBER_000149>
<http://purl.obolibrary.org/obo/CHEBI_33659>	<http://www.w3.org/2000/01/rdf-schema#subClassOf>	<http://purl.obolibrary.org/obo/CHEBI_33655>
<https://www.tib.eu/digitrubber#DIGITRUBBER_000040>	<http://www.w3.org/2000/01/rdf-schema#subClassOf>	<https://www.tib.eu/digitrubber#DIGITRUBBER_000149>
<https://www.tib.eu/digitrubber#DIGITRUBBER_000153>	<http://www.w3.org/2000/01/rdf-schema#subClassOf>	<https://www.tib.eu/digitrubber#DIGITRUBBER_000107>
<http://purl.obolibrary.org/obo/CHEBI_33655>	<http://www.w3.org/2000/01/rdf-schema#subClassOf>	<http://purl.obolibrary.org/obo/CHEBI_33595>
<https://www.tib.eu/digitrubber#DIGITRUBBER_000258>	<http://www.w3.org/2000/01/rdf-schema#subClassOf>	<https://www.tib.eu/digitrubber#DIGITRUBBER_0000001>
<http://purl.obolibrary.org/obo/CHEBI_35352>	<http://www.w3.org/2000/01/rdf-schema#subClassOf>	<http://purl.obolibrary.org/obo/CHEBI_33285>
<https://www.tib.eu/digitrubber#DIGITRUBBER_000097>	<http://www.w3.org/2000/01/rdf-schema#subClassOf>	<https://www.tib.eu/digitrubber#DIGITRUBBER_000149>
<http://purl.obolibrary.org/obo/OBI_0000832>	<http://www.w3.org/2000/01/rdf-schema#subClassOf>	<http://purl.obolibrary.org/obo/OBI_0000968>
<http://purl.obolibrary.org/obo/OBI_0200050>	<http://www.w3.org/2000/01/rdf-schema#subClassOf>	<http://purl.obolibrary.org/obo/APOLLO_SV_00000796>
<http://purl.obolibrary.org/obo/OBI_0200050>	<http://www.w3.org/2000/01/rdf-schema#subClassOf>	<http://purl.obolibrary.org/obo/OBI_0200175>
<https://www.tib.eu/digitrubber#DIGITRUBBER_000061>	<http://www.w3.org/2000/01/rdf-schema#subClassOf>	<https://www.tib.eu/digitrubber#DIGITRUBBER_000149>
<https://www.tib.eu/digitrubber#DIGITRUBBER_000106>	<http://www.w3.org/2000/01/rdf-schema#subClassOf>	<https://www.tib.eu/digitrubber#DIGITRUBBER_0000001>
<https://www.tib.eu/digitrubber#DIGITRUBBER_000299>	<http://www.w3.org/2000/01/rdf-schema#subClassOf>	<https://www.tib.eu/digitrubber#DIGITRUBBER_000297>
<https://www.tib.eu/digitrubber#DIGITRUBBER_000318>	<http://www.w3.org/2000/01/rdf-schema#subClassOf>	<https://www.tib.eu/digitrubber#DIGITRUBBER_000316>
<http://purl.obolibrary.org/obo/OBI_0000571>	<http://www.w3.org/2000/01/rdf-schema#subClassOf>	<http://purl.obolibrary.org/obo/BFO_0000023>
<https://www.tib.eu/digitrubber#DIGITRUBBER_000205>	<http://www.w3.org/2000/01/rdf-schema#subClassOf>	<https://www.tib.eu/digitrubber#DIGITRUBBER_0000001>
<https://www.tib.eu/digitrubber#DIGITRUBBER_000607>	<http://www.w3.org/2000/01/rdf-schema#subClassOf>	<http://purl.obolibrary.org/obo/CHEBI_24431>
<http://purl.obolibrary.org/obo/OBI_0000094>	<http://www.w3.org/2000/01/rdf-schema#subClassOf>	<http://purl.obolibrary.org/obo/OBI_0000011>
<https://www.tib.eu/digitrubber#DIGITRUBBER_000362>	<http://www.w3.org/2000/01/rdf-schema#subClassOf>	<http://purl.obolibrary.org/obo/IAO_0000003>
<https://www.tib.eu/digitrubber#DIGITRUBBER_000098>	<http://www.w3.org/2000/01/rdf-schema#subClassOf>	<https://www.tib.eu/digitrubber#DIGITRUBBER_000149>
<https://www.tib.eu/digitrubber#DIGITRUBBER_000166>	<http://www.w3.org/2000/01/rdf-schema#subClassOf>	<https://www.tib.eu/digitrubber#DIGITRUBBER_000149>
<https://www.tib.eu/digitrubber#DIGITRUBBER_000309>	<http://www.w3.org/2000/01/rdf-schema#subClassOf>	<https://www.tib.eu/digitrubber#DIGITRUBBER_000149>
<https://www.tib.eu/digitrubber#DIGITRUBBER_000196>	<http://www.w3.org/2000/01/rdf-schema#subClassOf>	<https://www.tib.eu/digitrubber#DIGITRUBBER_0000001>
<https://www.tib.eu/digitrubber#DIGITRUBBER_000012>	<http://www.w3.org/2000/01/rdf-schema#subClassOf>	<https://www.tib.eu/digitrubber#DIGITRUBBER_0000001>
<https://www.tib.eu/digitrubber#DIGITRUBBER_000415>	<http://www.w3.org/2000/01/rdf-schema#subClassOf>	<https://www.tib.eu/digitrubber#DIGITRUBBER_000149>
<https://www.tib.eu/digitrubber#DIGITRUBBER_000208>	<http://www.w3.org/2000/01/rdf-schema#subClassOf>	<https://www.tib.eu/digitrubber#DIGITRUBBER_0000001>
<http://purl.obolibrary.org/obo/CHEBI_33415>	<http://www.w3.org/2000/01/rdf-schema#subClassOf>	<http://purl.obolibrary.org/obo/CHEBI_33259>
<https://www.tib.eu/digitrubber#DIGITRUBBER_000137>	<http://www.w3.org/2000/01/rdf-schema#subClassOf>	<https://www.tib.eu/digitrubber#DIGITRUBBER_000149>
<http://purl.obolibrary.org/obo/UO_0000005>	<http://www.w3.org/2000/01/rdf-schema#subClassOf>	<http://purl.obolibrary.org/obo/IAO_0000003>
<https://www.tib.eu/digitrubber#DIGITRUBBER_000072>	<http://www.w3.org/2000/01/rdf-schema#subClassOf>	<https://www.tib.eu/digitrubber#DIGITRUBBER_000149>
<https://www.tib.eu/digitrubber#DIGITRUBBER_000018>	<http://www.w3.org/2000/01/rdf-schema#subClassOf>	<https://www.tib.eu/digitrubber#DIGITRUBBER_000149>
<http://purl.obolibrary.org/obo/CHEBI_17514>	<http://www.w3.org/2000/01/rdf-schema#subClassOf>	<http://purl.obolibrary.org/obo/CHEBI_36828>
<https://www.tib.eu/digitrubber#DIGITRUBBER_000119>	<http://www.w3.org/2000/01/rdf-schema#subClassOf>	<https://www.tib.eu/digitrubber#DIGITRUBBER_000149>
<https://www.tib.eu/digitrubber#DIGITRUBBER_000225>	<http://www.w3.org/2000/01/rdf-schema#subClassOf>	<https://www.tib.eu/digitrubber#DIGITRUBBER_000149>
<https://www.tib.eu/digitrubber#DIGITRUBBER_000629>	<http://www.w3.org/2000/01/rdf-schema#subClassOf>	<https://www.tib.eu/digitrubber#DIGITRUBBER_000149>
<https://www.tib.eu/digitrubber#DIGITRUBBER_000645>	<http://www.w3.org/2000/01/rdf-schema#subClassOf>	<https://www.tib.eu/digitrubber#DIGITRUBBER_000290>
<https://www.tib.eu/digitrubber#DIGITRUBBER_000251>	<http://www.w3.org/2000/01/rdf-schema#subClassOf>	<https://www.tib.eu/digitrubber#DIGITRUBBER_000149>
<https://www.tib.eu/digitrubber#DIGITRUBBER_000511>	<http://www.w3.org/2000/01/rdf-schema#subClassOf>	<http://purl.obolibrary.org/obo/IAO_0000003>
<https://www.tib.eu/digitrubber#DIGITRUBBER_000642>	<http://www.w3.org/2000/01/rdf-schema#subClassOf>	<https://www.tib.eu/digitrubber#DIGITRUBBER_000290>
<https://www.tib.eu/digitrubber#DIGITRUBBER_000298>	<http://www.w3.org/2000/01/rdf-schema#subClassOf>	<https://www.tib.eu/digitrubber#DIGITRUBBER_000297>
<https://www.tib.eu/digitrubber#DIGITRUBBER_000308>	<http://www.w3.org/2000/01/rdf-schema#subClassOf>	<https://www.tib.eu/digitrubber#DIGITRUBBER_000307>
<http://purl.obolibrary.org/obo/CHEBI_28798>	<http://www.w3.org/2000/01/rdf-schema#subClassOf>	<https://www.tib.eu/digitrubber#DIGITRUBBER_000273>
<http://purl.obolibrary.org/obo/OBI_0000453>	<http://www.w3.org/2000/01/rdf-schema#subClassOf>	<http://purl.obolibrary.org/obo/BFO_0000034>
<https://www.tib.eu/digitrubber#DIGITRUBBER_000065>	<http://www.w3.org/2000/01/rdf-schema#subClassOf>	<https://www.tib.eu/digitrubber#DIGITRUBBER_000149>
<https://www.tib.eu/digitrubber#DIGITRUBBER_000327>	<http://www.w3.org/2000/01/rdf-schema#subClassOf>	<http://purl.obolibrary.org/obo/CHEBI_84292>
<https://www.tib.eu/digitrubber#DIGITRUBBER_000116>	<http://www.w3.org/2000/01/rdf-schema#subClassOf>	<https://www.tib.eu/digitrubber#DIGITRUBBER_000149>
<https://www.tib.eu/digitrubber#DIGITRUBBER_000540>	<http://www.w3.org/2000/01/rdf-schema#subClassOf>	<http://purl.obolibrary.org/obo/IAO_0000003>
<https://www.tib.eu/digitrubber#DIGITRUBBER_000354>	<http://www.w3.org/2000/01/rdf-schema#subClassOf>	<https://www.tib.eu/digitrubber#DIGITRUBBER_000149>
<https://www.tib.eu/digitrubber#DIGITRUBBER_000281>	<http://www.w3.org/2000/01/rdf-schema#subClassOf>	<https://www.tib.eu/digitrubber#DIGITRUBBER_0000001>
<https://www.tib.eu/digitrubber#DIGITRUBBER_000049>	<http://www.w3.org/2000/01/rdf-schema#subClassOf>	<https://www.tib.eu/digitrubber#DIGITRUBBER_000149>
<https://www.tib.eu/digitrubber#DIGITRUBBER_000508>	<http://www.w3.org/2000/01/rdf-schema#subClassOf>	<https://www.tib.eu/digitrubber#DIGITRUBBER_0000001>
<https://www.tib.eu/digitrubber#DIGITRUBBER_000030>	<http://www.w3.org/2000/01/rdf-schema#subClassOf>	<https://www.tib.eu/digitrubber#DIGITRUBBER_000149>
<http://purl.obolibrary.org/obo/CHEBI_33273>	<http://www.w3.org/2000/01/rdf-schema#subClassOf>	<http://purl.obolibrary.org/obo/CHEBI_36358>
<https://www.tib.eu/digitrubber#DIGITRUBBER_000252>	<http://www.w3.org/2000/01/rdf-schema#subClassOf>	<https://www.tib.eu/digitrubber#DIGITRUBBER_000149>
<https://www.tib.eu/digitrubber#DIGITRUBBER_000154>	<http://www.w3.org/2000/01/rdf-schema#subClassOf>	<https://www.tib.eu/digitrubber#DIGITRUBBER_000149>
<https://www.tib.eu/digitrubber#DIGITRUBBER_000514>	<http://www.w3.org/2000/01/rdf-schema#subClassOf>	<http://purl.obolibrary.org/obo/IAO_0000003>
<https://www.tib.eu/digitrubber#DIGITRUBBER_000036>	<http://www.w3.org/2000/01/rdf-schema#subClassOf>	<https://www.tib.eu/digitrubber#DIGITRUBBER_000149>
<https://www.tib.eu/digitrubber#DIGITRUBBER_000377>	<http://www.w3.org/2000/01/rdf-schema#subClassOf>	<https://www.tib.eu/digitrubber#DIGITRUBBER_000149>
<http://purl.obolibrary.org/obo/OBI_0001000>	<http://www.w3.org/2000/01/rdf-schema#subClassOf>	<http://purl.obolibrary.org/obo/IAO_0000310>
<https://www.tib.eu/digitrubber#DIGITRUBBER_000029>	<http://www.w3.org/2000/01/rdf-schema#subClassOf>	<https://www.tib.eu/digitrubber#DIGITRUBBER_000149>
<http://purl.obolibrary.org/obo/OBI_0000457>	<http://www.w3.org/2000/01/rdf-schema#subClassOf>	<http://purl.obolibrary.org/obo/OBI_0000094>
<https://www.tib.eu/digitrubber#DIGITRUBBER_000138>	<http://www.w3.org/2000/01/rdf-schema#subClassOf>	<https://www.tib.eu/digitrubber#DIGITRUBBER_000149>
<https://www.tib.eu/digitrubber#DIGITRUBBER_000059>	<http://www.w3.org/2000/01/rdf-schema#subClassOf>	<https://www.tib.eu/digitrubber#DIGITRUBBER_000149>
<https://www.tib.eu/digitrubber#DIGITRUBBER_000102>	<http://www.w3.org/2000/01/rdf-schema#subClassOf>	<https://www.tib.eu/digitrubber#DIGITRUBBER_000149>
<https://www.tib.eu/digitrubber#DIGITRUBBER_000304>	<http://www.w3.org/2000/01/rdf-schema#subClassOf>	<https://www.tib.eu/digitrubber#DIGITRUBBER_000303>
<https://www.tib.eu/digitrubber#DIGITRUBBER_000361>	<http://www.w3.org/2000/01/rdf-schema#subClassOf>	<https://www.tib.eu/digitrubber#DIGITRUBBER_0000001>
<http://purl.obolibrary.org/obo/CHEBI_33273>	<http://www.w3.org/2000/01/rdf-schema#subClassOf>	<http://purl.obolibrary.org/obo/CHEBI_22563>
<http://purl.obolibrary.org/obo/CHEBI_50812>	<http://www.w3.org/2000/01/rdf-schema#subClassOf>	<http://purl.obolibrary.org/obo/CHEBI_50795>
<http://purl.obolibrary.org/obo/CHEBI_36829>	<http://www.w3.org/2000/01/rdf-schema#subClassOf>	<http://purl.obolibrary.org/obo/CHEBI_36830>
<https://www.tib.eu/digitrubber#DIGITRUBBER_000134>	<http://www.w3.org/2000/01/rdf-schema#subClassOf>	<http://purl.obolibrary.org/obo/BFO_0000023>
<https://www.tib.eu/digitrubber#DIGITRUBBER_000076>	<http://www.w3.org/2000/01/rdf-schema#subClassOf>	<https://www.tib.eu/digitrubber#DIGITRUBBER_000149>
<https://www.tib.eu/digitrubber#DIGITRUBBER_000328>	<http://www.w3.org/2000/01/rdf-schema#subClassOf>	<https://www.tib.eu/digitrubber#DIGITRUBBER_000316>
<https://www.tib.eu/digitrubber#DIGITRUBBER_000051>	<http://www.w3.org/2000/01/rdf-schema#subClassOf>	<https://www.tib.eu/digitrubber#DIGITRUBBER_000149>
<https://www.tib.eu/digitrubber#DIGITRUBBER_000491>	<http://www.w3.org/2000/01/rdf-schema#subClassOf>	<https://www.tib.eu/digitrubber#DIGITRUBBER_0000001>
<https://www.tib.eu/digitrubber#DIGITRUBBER_000185>	<http://www.w3.org/2000/01/rdf-schema#subClassOf>	<https://www.tib.eu/digitrubber#DIGITRUBBER_000149>
<https://www.tib.eu/digitrubber#DIGITRUBBER_000569>	<http://www.w3.org/2000/01/rdf-schema#subClassOf>	<https://www.tib.eu/digitrubber#DIGITRUBBER_0000001>
<https://www.tib.eu/digitrubber#DIGITRUBBER_000551>	<http://www.w3.org/2000/01/rdf-schema#subClassOf>	<https://www.tib.eu/digitrubber#DIGITRUBBER_000149>
<https://www.tib.eu/digitrubber#DIGITRUBBER_000323>	<http://www.w3.org/2000/01/rdf-schema#subClassOf>	<https://www.tib.eu/digitrubber#DIGITRUBBER_000316>
<https://www.tib.eu/digitrubber#DIGITRUBBER_000190>	<http://www.w3.org/2000/01/rdf-schema#subClassOf>	<https://www.tib.eu/digitrubber#DIGITRUBBER_0000001>
<https://www.tib.eu/digitrubber#DIGITRUBBER_000172>	<http://www.w3.org/2000/01/rdf-schema#subClassOf>	<https://www.tib.eu/digitrubber#DIGITRUBBER_000149>
<http://purl.obolibrary.org/obo/CHEBI_50803>	<http://www.w3.org/2000/01/rdf-schema#subClassOf>	<http://purl.obolibrary.org/obo/CHEBI_50795>
<https://www.tib.eu/digitrubber#DIGITRUBBER_000002>	<http://www.w3.org/2000/01/rdf-schema#subClassOf>	<https://www.tib.eu/digitrubber#DIGITRUBBER_000149>
<http://purl.obolibrary.org/obo/CHEBI_72695>	<http://www.w3.org/2000/01/rdf-schema#subClassOf>	<http://purl.obolibrary.org/obo/CHEBI_25367>
<https://www.tib.eu/digitrubber#DIGITRUBBER_000115>	<http://www.w3.org/2000/01/rdf-schema#subClassOf>	<https://www.tib.eu/digitrubber#DIGITRUBBER_000149>
<http://purl.obolibrary.org/obo/CHEBI_38101>	<http://www.w3.org/2000/01/rdf-schema#subClassOf>	<http://purl.obolibrary.org/obo/CHEBI_35352>
<https://www.tib.eu/digitrubber#DIGITRUBBER_000111>	<http://www.w3.org/2000/01/rdf-schema#subClassOf>	<https://www.tib.eu/digitrubber#DIGITRUBBER_000107>
<http://purl.obolibrary.org/obo/OBI_0000387>	<http://www.w3.org/2000/01/rdf-schema#subClassOf>	<http://purl.obolibrary.org/obo/BFO_0000034>
<http://purl.obolibrary.org/obo/OBI_0200190>	<http://www.w3.org/2000/01/rdf-schema#subClassOf>	<http://purl.obolibrary.org/obo/OBI_0200111>
<https://www.tib.eu/digitrubber#DIGITRUBBER_000234>	<http://www.w3.org/2000/01/rdf-schema#subClassOf>	<https://www.tib.eu/digitrubber#DIGITRUBBER_000149>
<https://www.tib.eu/digitrubber#DIGITRUBBER_000165>	<http://www.w3.org/2000/01/rdf-schema#subClassOf>	<https://www.tib.eu/digitrubber#DIGITRUBBER_000149>
<https://www.tib.eu/digitrubber#DIGITRUBBER_000432>	<http://www.w3.org/2000/01/rdf-schema#subClassOf>	<https://www.tib.eu/digitrubber#DIGITRUBBER_000149>
<https://www.tib.eu/digitrubber#DIGITRUBBER_000638>	<http://www.w3.org/2000/01/rdf-schema#subClassOf>	<https://www.tib.eu/digitrubber#DIGITRUBBER_000149>
<https://www.tib.eu/digitrubber#DIGITRUBBER_000417>	<http://www.w3.org/2000/01/rdf-schema#subClassOf>	<https://www.tib.eu/digitrubber#DIGITRUBBER_0000001>
<https://www.tib.eu/digitrubber#DIGITRUBBER_000509>	<http://www.w3.org/2000/01/rdf-schema#subClassOf>	<https://www.tib.eu/digitrubber#DIGITRUBBER_000149>
<https://www.tib.eu/digitrubber#DIGITRUBBER_000067>	<http://www.w3.org/2000/01/rdf-schema#subClassOf>	<https://www.tib.eu/digitrubber#DIGITRUBBER_000149>
<https://www.tib.eu/digitrubber#DIGITRUBBER_000513>	<http://www.w3.org/2000/01/rdf-schema#subClassOf>	<http://purl.obolibrary.org/obo/IAO_0000003>
<https://www.tib.eu/digitrubber#DIGITRUBBER_000037>	<http://www.w3.org/2000/01/rdf-schema#subClassOf>	<https://www.tib.eu/digitrubber#DIGITRUBBER_000149>
<https://www.tib.eu/digitrubber#DIGITRUBBER_000376>	<http://www.w3.org/2000/01/rdf-schema#subClassOf>	<http://purl.obolibrary.org/obo/IAO_0000003>
<https://www.tib.eu/digitrubber#DIGITRUBBER_000143>	<http://www.w3.org/2000/01/rdf-schema#subClassOf>	<https://www.tib.eu/digitrubber#DIGITRUBBER_0000001>
<http://purl.obolibrary.org/obo/CHEBI_51143>	<http://www.w3.org/2000/01/rdf-schema#subClassOf>	<http://purl.obolibrary.org/obo/CHEBI_33302>
<http://purl.obolibrary.org/obo/CHEBI_33832>	<http://www.w3.org/2000/01/rdf-schema#subClassOf>	<http://purl.obolibrary.org/obo/CHEBI_33595>
<https://www.tib.eu/digitrubber#DIGITRUBBER_000416>	<http://www.w3.org/2000/01/rdf-schema#subClassOf>	<https://www.tib.eu/digitrubber#DIGITRUBBER_000149>
<https://www.tib.eu/digitrubber#DIGITRUBBER_000291>	<http://www.w3.org/2000/01/rdf-schema#subClassOf>	<http://purl.obolibrary.org/obo/CHEBI_28798>
<http://purl.obolibrary.org/obo/OBI_0200041>	<http://www.w3.org/2000/01/rdf-schema#subClassOf>	<http://purl.obolibrary.org/obo/OBI_0200175>
<http://purl.obolibrary.org/obo/CHEBI_33833>	<http://www.w3.org/2000/01/rdf-schema#subClassOf>	<http://purl.obolibrary.org/obo/CHEBI_33659>
<https://www.tib.eu/digitrubber#DIGITRUBBER_000409>	<http://www.w3.org/2000/01/rdf-schema#subClassOf>	<https://www.tib.eu/digitrubber#DIGITRUBBER_000149>
<http://purl.obolibrary.org/obo/IAO_0000184>	<http://www.w3.org/2000/01/rdf-schema#subClassOf>	<http://purl.obolibrary.org/obo/IAO_0000038>
<https://www.tib.eu/digitrubber#DIGITRUBBER_000078>	<http://www.w3.org/2000/01/rdf-schema#subClassOf>	<https://www.tib.eu/digitrubber#DIGITRUBBER_0000001>
<http://purl.obolibrary.org/obo/UO_0000051>	<http://www.w3.org/2000/01/rdf-schema#subClassOf>	<http://purl.obolibrary.org/obo/IAO_0000003>
<https://www.tib.eu/digitrubber#DIGITRUBBER_000603>	<http://www.w3.org/2000/01/rdf-schema#subClassOf>	<https://www.tib.eu/digitrubber#DIGITRUBBER_000607>
<https://www.tib.eu/digitrubber#DIGITRUBBER_000461>	<http://www.w3.org/2000/01/rdf-schema#subClassOf>	<http://www.w3.org/2002/07/owl#Thing>
<http://purl.obolibrary.org/obo/CHEBI_50812>	<http://www.w3.org/2000/01/rdf-schema#subClassOf>	<http://purl.obolibrary.org/obo/CHEBI_33415>
<https://www.tib.eu/digitrubber#DIGITRUBBER_000602>	<http://www.w3.org/2000/01/rdf-schema#subClassOf>	<https://www.tib.eu/digitrubber#DIGITRUBBER_000604>
<https://www.tib.eu/digitrubber#DIGITRUBBER_000273>	<http://www.w3.org/2000/01/rdf-schema#subClassOf>	<http://purl.obolibrary.org/obo/CHEBI_60004>
<https://www.tib.eu/digitrubber#DIGITRUBBER_000648>	<http://www.w3.org/2000/01/rdf-schema#subClassOf>	<http://purl.obolibrary.org/obo/CHEBI_28798>
<https://www.tib.eu/digitrubber#DIGITRUBBER_000245>	<http://www.w3.org/2000/01/rdf-schema#subClassOf>	<https://www.tib.eu/digitrubber#DIGITRUBBER_000149>
<https://www.tib.eu/digitrubber#DIGITRUBBER_000317>	<http://www.w3.org/2000/01/rdf-schema#subClassOf>	<https://www.tib.eu/digitrubber#DIGITRUBBER_000316>
<https://www.tib.eu/digitrubber#DIGITRUBBER_000254>	<http://www.w3.org/2000/01/rdf-schema#subClassOf>	<https://www.tib.eu/digitrubber#DIGITRUBBER_0000001>
<https://www.tib.eu/digitrubber#DIGITRUBBER_000109>	<http://www.w3.org/2000/01/rdf-schema#subClassOf>	<https://www.tib.eu/digitrubber#DIGITRUBBER_000149>
<http://purl.obolibrary.org/obo/CHEBI_48901>	<http://www.w3.org/2000/01/rdf-schema#subClassOf>	<http://purl.obolibrary.org/obo/CHEBI_68452>
<http://purl.obolibrary.org/obo/CHEBI_26835>	<http://www.w3.org/2000/01/rdf-schema#subClassOf>	<http://purl.obolibrary.org/obo/CHEBI_33304>
<https://www.tib.eu/digitrubber#DIGITRUBBER_000530>	<http://www.w3.org/2000/01/rdf-schema#subClassOf>	<https://www.tib.eu/digitrubber#DIGITRUBBER_0000001>
<https://www.tib.eu/digitrubber#DIGITRUBBER_000459>	<http://www.w3.org/2000/01/rdf-schema#subClassOf>	<https://www.tib.eu/digitrubber#DIGITRUBBER_0000001>
<https://www.tib.eu/digitrubber#DIGITRUBBER_000639>	<http://www.w3.org/2000/01/rdf-schema#subClassOf>	<https://www.tib.eu/digitrubber#DIGITRUBBER_000149>
<https://www.tib.eu/digitrubber#DIGITRUBBER_000433>	<http://www.w3.org/2000/01/rdf-schema#subClassOf>	<https://www.tib.eu/digitrubber#DIGITRUBBER_000149>
<https://www.tib.eu/digitrubber#DIGITRUBBER_000235>	<http://www.w3.org/2000/01/rdf-schema#subClassOf>	<https://www.tib.eu/digitrubber#DIGITRUBBER_000149>
<https://www.tib.eu/digitrubber#DIGITRUBBER_000201>	<http://www.w3.org/2000/01/rdf-schema#subClassOf>	<https://www.tib.eu/digitrubber#DIGITRUBBER_0000001>
<http://purl.obolibrary.org/obo/OBI_0000070>	<http://www.w3.org/2000/01/rdf-schema#subClassOf>	<http://purl.obolibrary.org/obo/OBI_0000011>
<https://www.tib.eu/digitrubber#DIGITRUBBER_000562>	<http://www.w3.org/2000/01/rdf-schema#subClassOf>	<http://www.w3.org/2002/07/owl#Thing>
<http://purl.obolibrary.org/obo/IAO_0000179>	<http://www.w3.org/2000/01/rdf-schema#subClassOf>	<http://purl.obolibrary.org/obo/IAO_0000038>
<http://purl.obolibrary.org/obo/OBI_0000648>	<http://www.w3.org/2000/01/rdf-schema#subClassOf>	<http://purl.obolibrary.org/obo/IAO_0000100>
<http://purl.obolibrary.org/obo/CHEBI_48343>	<http://www.w3.org/2000/01/rdf-schema#subClassOf>	<http://purl.obolibrary.org/obo/CHEBI_26835>
<https://www.tib.eu/digitrubber#DIGITRUBBER_000070>	<http://www.w3.org/2000/01/rdf-schema#subClassOf>	<https://www.tib.eu/digitrubber#DIGITRUBBER_000149>
<https://www.tib.eu/digitrubber#DIGITRUBBER_000357>	<http://www.w3.org/2000/01/rdf-schema#subClassOf>	<https://www.tib.eu/digitrubber#DIGITRUBBER_000149>
<http://purl.obolibrary.org/obo/CHEBI_25699>	<http://www.w3.org/2000/01/rdf-schema#subClassOf>	<http://purl.obolibrary.org/obo/CHEBI_50860>
<http://purl.obolibrary.org/obo/CHEBI_38101>	<http://www.w3.org/2000/01/rdf-schema#subClassOf>	<http://purl.obolibrary.org/obo/CHEBI_24532>
<https://www.tib.eu/digitrubber#DIGITRUBBER_000257>	<http://www.w3.org/2000/01/rdf-schema#subClassOf>	<https://www.tib.eu/digitrubber#DIGITRUBBER_0000001>
<https://www.tib.eu/digitrubber#DIGITRUBBER_000189>	<http://www.w3.org/2000/01/rdf-schema#subClassOf>	<https://www.tib.eu/digitrubber#DIGITRUBBER_0000001>
<http://purl.obolibrary.org/obo/PATO_0001300>	<http://www.w3.org/2000/01/rdf-schema#subClassOf>	<http://purl.obolibrary.org/obo/PATO_0001291>
<http://purl.obolibrary.org/obo/IAO_0000010>	<http://www.w3.org/2000/01/rdf-schema#subClassOf>	<https://www.tib.eu/digitrubber#DIGITRUBBER_0000001>
<https://www.tib.eu/digitrubber#DIGITRUBBER_000521>	<http://www.w3.org/2000/01/rdf-schema#subClassOf>	<http://purl.obolibrary.org/obo/IAO_0000003>
<https://www.tib.eu/digitrubber#DIGITRUBBER_000238>	<http://www.w3.org/2000/01/rdf-schema#subClassOf>	<https://www.tib.eu/digitrubber#DIGITRUBBER_0000001>
<http://purl.obolibrary.org/obo/CHEBI_25699>	<http://www.w3.org/2000/01/rdf-schema#subClassOf>	<http://purl.obolibrary.org/obo/CHEBI_24870>
<https://www.tib.eu/digitrubber#DIGITRUBBER_000055>	<http://www.w3.org/2000/01/rdf-schema#subClassOf>	<https://www.tib.eu/digitrubber#DIGITRUBBER_0000001>
<https://www.tib.eu/digitrubber#DIGITRUBBER_000606>	<http://www.w3.org/2000/01/rdf-schema#subClassOf>	<http://purl.obolibrary.org/obo/CHEBI_24431>
<https://www.tib.eu/digitrubber#DIGITRUBBER_000266>	<http://www.w3.org/2000/01/rdf-schema#subClassOf>	<https://www.tib.eu/digitrubber#DIGITRUBBER_0000001>
<https://www.tib.eu/digitrubber#DIGITRUBBER_000060>	<http://www.w3.org/2000/01/rdf-schema#subClassOf>	<https://www.tib.eu/digitrubber#DIGITRUBBER_000149>
<http://purl.obolibrary.org/obo/CHEBI_38418>	<http://www.w3.org/2000/01/rdf-schema#subClassOf>	<http://purl.obolibrary.org/obo/CHEBI_48901>
<https://www.tib.eu/digitrubber#DIGITRUBBER_000620>	<http://www.w3.org/2000/01/rdf-schema#subClassOf>	<http://purl.obolibrary.org/obo/UO_0000051>
<https://www.tib.eu/digitrubber#DIGITRUBBER_000426>	<http://www.w3.org/2000/01/rdf-schema#subClassOf>	<https://www.tib.eu/digitrubber#DIGITRUBBER_000424>
<https://www.tib.eu/digitrubber#DIGITRUBBER_000297>	<http://www.w3.org/2000/01/rdf-schema#subClassOf>	<http://purl.obolibrary.org/obo/CHEBI_33415>
<https://www.tib.eu/digitrubber#DIGITRUBBER_000204>	<http://www.w3.org/2000/01/rdf-schema#subClassOf>	<https://www.tib.eu/digitrubber#DIGITRUBBER_0000001>
<http://purl.obolibrary.org/obo/OBI_0000947>	<http://www.w3.org/2000/01/rdf-schema#subClassOf>	<http://purl.obolibrary.org/obo/BFO_0000023>
<https://www.tib.eu/digitrubber#DIGITRUBBER_000248>	<http://www.w3.org/2000/01/rdf-schema#subClassOf>	<https://www.tib.eu/digitrubber#DIGITRUBBER_000149>
<http://purl.obolibrary.org/obo/OBI_0200033>	<http://www.w3.org/2000/01/rdf-schema#subClassOf>	<http://purl.obolibrary.org/obo/OBI_0000792>
<http://purl.obolibrary.org/obo/CHEBI_36962>	<http://www.w3.org/2000/01/rdf-schema#subClassOf>	<http://purl.obolibrary.org/obo/CHEBI_33304>
<https://www.tib.eu/digitrubber#DIGITRUBBER_000048>	<http://www.w3.org/2000/01/rdf-schema#subClassOf>	<https://www.tib.eu/digitrubber#DIGITRUBBER_000273>
<https://www.tib.eu/digitrubber#DIGITRUBBER_000321>	<http://www.w3.org/2000/01/rdf-schema#subClassOf>	<http://purl.obolibrary.org/obo/CHEBI_35489>
<https://www.tib.eu/digitrubber#DIGITRUBBER_000623>	<http://www.w3.org/2000/01/rdf-schema#subClassOf>	<https://www.tib.eu/digitrubber#DIGITRUBBER_0000001>
<https://www.tib.eu/digitrubber#DIGITRUBBER_000312>	<http://www.w3.org/2000/01/rdf-schema#subClassOf>	<https://www.tib.eu/digitrubber#DIGITRUBBER_000311>
<http://purl.obolibrary.org/obo/CHEBI_50795>	<http://www.w3.org/2000/01/rdf-schema#subClassOf>	<http://purl.obolibrary.org/obo/CHEBI_36357>
<https://www.tib.eu/digitrubber#DIGITRUBBER_000043>	<http://www.w3.org/2000/01/rdf-schema#subClassOf>	<https://www.tib.eu/digitrubber#DIGITRUBBER_000149>
<https://www.tib.eu/digitrubber#DIGITRUBBER_000522>	<http://www.w3.org/2000/01/rdf-schema#subClassOf>	<http://purl.obolibrary.org/obo/IAO_0000003>
<http://purl.obolibrary.org/obo/OBI_0000727>	<http://www.w3.org/2000/01/rdf-schema#subClassOf>	<http://purl.obolibrary.org/obo/OBI_0200175>
<https://www.tib.eu/digitrubber#DIGITRUBBER_000193>	<http://www.w3.org/2000/01/rdf-schema#subClassOf>	<https://www.tib.eu/digitrubber#DIGITRUBBER_0000001>
<https://www.tib.eu/digitrubber#DIGITRUBBER_000210>	<http://www.w3.org/2000/01/rdf-schema#subClassOf>	<https://www.tib.eu/digitrubber#DIGITRUBBER_000149>
<http://purl.obolibrary.org/obo/OBI_0000023>	<http://www.w3.org/2000/01/rdf-schema#subClassOf>	<http://purl.obolibrary.org/obo/IAO_0000100>
<https://www.tib.eu/digitrubber#DIGITRUBBER_000293>	<http://www.w3.org/2000/01/rdf-schema#subClassOf>	<http://purl.obolibrary.org/obo/CHEBI_28798>
<https://www.tib.eu/digitrubber#DIGITRUBBER_000066>	<http://www.w3.org/2000/01/rdf-schema#subClassOf>	<https://www.tib.eu/digitrubber#DIGITRUBBER_000149>
<http://purl.obolibrary.org/obo/OBI_0200175>	<http://www.w3.org/2000/01/rdf-schema#subClassOf>	<http://purl.obolibrary.org/obo/OBI_0200000>
<https://www.tib.eu/digitrubber#DIGITRUBBER_000448>	<http://www.w3.org/2000/01/rdf-schema#subClassOf>	<https://www.tib.eu/digitrubber#DIGITRUBBER_0000001>
<https://www.tib.eu/digitrubber#DIGITRUBBER_000519>	<http://www.w3.org/2000/01/rdf-schema#subClassOf>	<https://www.tib.eu/digitrubber#DIGITRUBBER_0000001>
<https://www.tib.eu/digitrubber#DIGITRUBBER_000600>	<http://www.w3.org/2000/01/rdf-schema#subClassOf>	<http://purl.obolibrary.org/obo/CHEBI_51446>
<http://purl.obolibrary.org/obo/CHEBI_33582>	<http://www.w3.org/2000/01/rdf-schema#subClassOf>	<http://purl.obolibrary.org/obo/CHEBI_33675>
<https://www.tib.eu/digitrubber#DIGITRUBBER_000241>	<http://www.w3.org/2000/01/rdf-schema#subClassOf>	<https://www.tib.eu/digitrubber#DIGITRUBBER_000149>
<https://www.tib.eu/digitrubber#DIGITRUBBER_000529>	<http://www.w3.org/2000/01/rdf-schema#subClassOf>	<https://www.tib.eu/digitrubber#DIGITRUBBER_000149>
<http://purl.obolibrary.org/obo/CHEBI_133602>	<http://www.w3.org/2000/01/rdf-schema#subClassOf>	<http://purl.obolibrary.org/obo/CHEBI_50812>
<https://www.tib.eu/digitrubber#DIGITRUBBER_000132>	<http://www.w3.org/2000/01/rdf-schema#subClassOf>	<http://purl.obolibrary.org/obo/BFO_0000023>
<https://www.tib.eu/digitrubber#DIGITRUBBER_000272>	<http://www.w3.org/2000/01/rdf-schema#subClassOf>	<https://www.tib.eu/digitrubber#DIGITRUBBER_000149>
<https://www.tib.eu/digitrubber#DIGITRUBBER_000218>	<http://www.w3.org/2000/01/rdf-schema#subClassOf>	<https://www.tib.eu/digitrubber#DIGITRUBBER_0000001>
<http://purl.obolibrary.org/obo/OBI_0000659>	<http://www.w3.org/2000/01/rdf-schema#subClassOf>	<http://purl.obolibrary.org/obo/OBI_0000011>
<http://purl.obolibrary.org/obo/CHEBI_36829>	<http://www.w3.org/2000/01/rdf-schema#subClassOf>	<http://purl.obolibrary.org/obo/CHEBI_33273>
<https://www.tib.eu/digitrubber#DIGITRUBBER_000074>	<http://www.w3.org/2000/01/rdf-schema#subClassOf>	<https://www.tib.eu/digitrubber#DIGITRUBBER_000149>
<http://purl.obolibrary.org/obo/CHEBI_24532>	<http://www.w3.org/2000/01/rdf-schema#subClassOf>	<http://purl.obolibrary.org/obo/CHEBI_5686>
<https://www.tib.eu/digitrubber#DIGITRUBBER_000198>	<http://www.w3.org/2000/01/rdf-schema#subClassOf>	<https://www.tib.eu/digitrubber#DIGITRUBBER_000149>
<https://www.tib.eu/digitrubber#DIGITRUBBER_000278>	<http://www.w3.org/2000/01/rdf-schema#subClassOf>	<https://www.tib.eu/digitrubber#DIGITRUBBER_000149>
<https://www.tib.eu/digitrubber#DIGITRUBBER_000227>	<http://www.w3.org/2000/01/rdf-schema#subClassOf>	<https://www.tib.eu/digitrubber#DIGITRUBBER_0000001>
<https://www.tib.eu/digitrubber#DIGITRUBBER_000347>	<http://www.w3.org/2000/01/rdf-schema#subClassOf>	<https://www.tib.eu/digitrubber#DIGITRUBBER_000349>
<https://www.tib.eu/digitrubber#DIGITRUBBER_000231>	<http://www.w3.org/2000/01/rdf-schema#subClassOf>	<https://www.tib.eu/digitrubber#DIGITRUBBER_000149>
<http://purl.obolibrary.org/obo/CHEBI_48901>	<http://www.w3.org/2000/01/rdf-schema#subClassOf>	<http://purl.obolibrary.org/obo/CHEBI_38106>
<https://www.tib.eu/digitrubber#DIGITRUBBER_000280>	<http://www.w3.org/2000/01/rdf-schema#subClassOf>	<https://www.tib.eu/digitrubber#DIGITRUBBER_0000001>
<https://www.tib.eu/digitrubber#DIGITRUBBER_000163>	<http://www.w3.org/2000/01/rdf-schema#subClassOf>	<https://www.tib.eu/digitrubber#DIGITRUBBER_000149>
<http://purl.obolibrary.org/obo/CHEBI_33285>	<http://www.w3.org/2000/01/rdf-schema#subClassOf>	<http://purl.obolibrary.org/obo/CHEBI_50860>
<https://www.tib.eu/digitrubber#DIGITRUBBER_000220>	<http://www.w3.org/2000/01/rdf-schema#subClassOf>	<https://www.tib.eu/digitrubber#DIGITRUBBER_0000001>
<https://www.tib.eu/digitrubber#DIGITRUBBER_000423>	<http://www.w3.org/2000/01/rdf-schema#subClassOf>	<https://www.tib.eu/digitrubber#DIGITRUBBER_000149>
<https://www.tib.eu/digitrubber#DIGITRUBBER_000169>	<http://www.w3.org/2000/01/rdf-schema#subClassOf>	<https://www.tib.eu/digitrubber#DIGITRUBBER_000149>
<https://www.tib.eu/digitrubber#DIGITRUBBER_000025>	<http://www.w3.org/2000/01/rdf-schema#subClassOf>	<https://www.tib.eu/digitrubber#DIGITRUBBER_0000001>
<http://purl.obolibrary.org/obo/CHEBI_33595>	<http://www.w3.org/2000/01/rdf-schema#subClassOf>	<http://purl.obolibrary.org/obo/CHEBI_25367>
<https://www.tib.eu/digitrubber#DIGITRUBBER_000350>	<http://www.w3.org/2000/01/rdf-schema#subClassOf>	<http://purl.obolibrary.org/obo/IAO_0000003>
<https://www.tib.eu/digitrubber#DIGITRUBBER_000010>	<http://www.w3.org/2000/01/rdf-schema#subClassOf>	<https://www.tib.eu/digitrubber#DIGITRUBBER_000149>
