?cls	?pred	?val	?synType
<https://w3id.org/pmd/co/PMD_0000630>	<http://www.w3.org/2000/01/rdf-schema#label>	"emission of wave radiation"@en	
<http://purl.obolibrary.org/obo/CHEBI_33368>	<http://www.w3.org/2000/01/rdf-schema#label>	"roentgenium atom"	
<https://w3id.org/pmd/co/PMD_0000529>	<http://www.w3.org/2000/01/rdf-schema#label>	"bending testing machine"@en	
<https://w3id.org/pmd/co/PMD_0000529>	<http://www.w3.org/2000/01/rdf-schema#label>	"Biegeversuchmaschine"@de	
<https://w3id.org/pmd/co/PMD_0050134>	<http://www.w3.org/2000/01/rdf-schema#label>	"conductive glass"@en	
<http://purl.obolibrary.org/obo/BFO_0000016>	<http://www.w3.org/2000/01/rdf-schema#label>	"disposition"@en	
<https://w3id.org/pmd/co/PMD_0010006>	<http://www.w3.org/2000/01/rdf-schema#label>	"chromium steel"@en	
<http://purl.obolibrary.org/obo/IAO_0000033>	<http://www.w3.org/2000/01/rdf-schema#label>	"directive information entity"@en	
<https://w3id.org/pmd/co/PMD_0000101>	<http://www.w3.org/2000/01/rdf-schema#label>	"import path"@en	
<https://w3id.org/pmd/co/PMD_0020112>	<http://www.w3.org/2000/01/rdf-schema#label>	"grain size distribution"@en	
<https://w3id.org/pmd/co/PMD_0000965>	<http://www.w3.org/2000/01/rdf-schema#label>	"surface layer (fiat object part)"@en	
<https://w3id.org/pmd/co/PMD_0000067>	<http://www.w3.org/2000/01/rdf-schema#label>	"output assignment"@en	
<https://w3id.org/pmd/co/PMD_0000008>	<http://www.w3.org/2000/01/rdf-schema#label>	"process attribute"@en	
<https://w3id.org/pmd/co/PMD_0050061>	<http://www.w3.org/2000/01/rdf-schema#label>	"beryllia ceramic"@en	
<https://w3id.org/pmd/co/PMD_0000902>	<http://www.w3.org/2000/01/rdf-schema#label>	"primary shaping from the chip or fiber state"@en	
<https://w3id.org/pmd/co/PMD_0000902>	<http://www.w3.org/2000/01/rdf-schema#label>	"Urformen Aus Dem Spanförmigen Oder Faserförmigen Zustand"@de	
<https://w3id.org/pmd/co/PMD_0000010>	<http://www.w3.org/2000/01/rdf-schema#label>	"workflow function"@en	
<https://w3id.org/pmd/co/PMD_0050148>	<http://www.w3.org/2000/01/rdf-schema#label>	"borate-based bioactive glass"@en	
<http://purl.obolibrary.org/obo/CHEBI_33375>	<http://www.w3.org/2000/01/rdf-schema#label>	"gadolinium atom"	
<http://purl.obolibrary.org/obo/CHEBI_24061>	<http://www.w3.org/2000/01/rdf-schema#label>	"fluorine atom"	
<https://w3id.org/pmd/co/PMD_0020167>	<http://www.w3.org/2000/01/rdf-schema#label>	"structural boundary"@en	
<https://w3id.org/pmd/co/PMD_0050150>	<http://www.w3.org/2000/01/rdf-schema#label>	"iron-based metallic glass"@en	
<https://w3id.org/pmd/co/PMD_0000053>	<http://www.w3.org/2000/01/rdf-schema#label>	"melting process"@en	
<https://w3id.org/pmd/co/PMD_0000053>	<http://www.w3.org/2000/01/rdf-schema#label>	"Schmelzprozess"@de	
<http://purl.obolibrary.org/obo/BFO_0000023>	<http://www.w3.org/2000/01/rdf-schema#label>	"role"@en	
<https://w3id.org/pmd/co/PMD_0000898>	<http://www.w3.org/2000/01/rdf-schema#label>	"pressure measuring function"@en	
<https://w3id.org/pmd/co/PMD_0000898>	<http://www.w3.org/2000/01/rdf-schema#label>	"Druckmessfunktion"@de	
<http://purl.obolibrary.org/obo/BFO_0000145>	<http://www.w3.org/2000/01/rdf-schema#label>	"relational quality"@en	
<https://w3id.org/pmd/co/PMD_0090050>	<http://www.w3.org/2000/01/rdf-schema#label>	"thermosetting polyurethane"@en	
<https://w3id.org/pmd/co/PMD_0020215>	<http://www.w3.org/2000/01/rdf-schema#label>	"wave"@en	
<https://w3id.org/pmd/co/PMD_0000957>	<http://www.w3.org/2000/01/rdf-schema#label>	"structural property analyzing process"@en	
<https://w3id.org/pmd/co/PMD_0000957>	<http://www.w3.org/2000/01/rdf-schema#label>	"Struktur Eigenschaften Analyseverfahren"@de	
<https://w3id.org/pmd/co/PMD_0000848>	<http://www.w3.org/2000/01/rdf-schema#label>	"mechanical property"@en	
<https://w3id.org/pmd/co/PMD_0020197>	<http://www.w3.org/2000/01/rdf-schema#label>	"lattice point"@en	
<https://w3id.org/pmd/co/PMD_0000127>	<http://www.w3.org/2000/01/rdf-schema#label>	"mineral"@en	
<https://w3id.org/pmd/co/PMD_0020003>	<http://www.w3.org/2000/01/rdf-schema#label>	"crystal"@en	
<https://w3id.org/pmd/co/PMD_0020005>	<http://www.w3.org/2000/01/rdf-schema#label>	"porosity"@en	
<https://w3id.org/pmd/co/PMD_0000769>	<http://www.w3.org/2000/01/rdf-schema#label>	"in der Hand haltbar"@de	
<https://w3id.org/pmd/co/PMD_0000769>	<http://www.w3.org/2000/01/rdf-schema#label>	"hand holdable disposition"@en	
<https://w3id.org/pmd/co/PMD_0020147>	<http://www.w3.org/2000/01/rdf-schema#label>	"eutectoid phase transformation"@en	
<https://w3id.org/pmd/co/PMD_0050031>	<http://www.w3.org/2000/01/rdf-schema#label>	"natural rubber"@en	
<https://w3id.org/pmd/co/PMD_0050121>	<http://www.w3.org/2000/01/rdf-schema#label>	"flint glass"@en	
<http://purl.obolibrary.org/obo/COB_0000035>	<http://www.w3.org/2000/01/rdf-schema#label>	"completely executed planned process"@en	
<https://w3id.org/pmd/co/PMD_0000882>	<http://www.w3.org/2000/01/rdf-schema#label>	"phase boundary (realization)"@en	
<https://w3id.org/pmd/co/PMD_0000928>	<http://www.w3.org/2000/01/rdf-schema#label>	"shear testing machine"@en	
<https://w3id.org/pmd/co/PMD_0000928>	<http://www.w3.org/2000/01/rdf-schema#label>	"Schubprüfmaschine"@de	
<https://w3id.org/pmd/co/PMD_0000819>	<http://www.w3.org/2000/01/rdf-schema#label>	"light microscopy"@en	
<https://w3id.org/pmd/co/PMD_0000819>	<http://www.w3.org/2000/01/rdf-schema#label>	"Lichtmikroskopie"@de	
<https://w3id.org/pmd/co/PMD_0000537>	<http://www.w3.org/2000/01/rdf-schema#label>	"brinell hardness"@en	
<https://w3id.org/pmd/co/PMD_0000937>	<http://www.w3.org/2000/01/rdf-schema#label>	"soldering device"@en	
<https://w3id.org/pmd/co/PMD_0000937>	<http://www.w3.org/2000/01/rdf-schema#label>	"Lötgerät"@de	
<http://purl.obolibrary.org/obo/CHEBI_32594>	<http://www.w3.org/2000/01/rdf-schema#label>	"barium atom"	
<https://w3id.org/pmd/co/PMD_0020183>	<http://www.w3.org/2000/01/rdf-schema#label>	"stretch straightener machine"@en	
<https://w3id.org/pmd/co/PMD_0020183>	<http://www.w3.org/2000/01/rdf-schema#label>	"Recker"@de	
<https://w3id.org/pmd/co/PMD_0020207>	<http://www.w3.org/2000/01/rdf-schema#label>	"amount of substance"@en	
<https://w3id.org/pmd/co/PMD_0000611>	<http://www.w3.org/2000/01/rdf-schema#label>	"dimension measuring process"@en	
<https://w3id.org/pmd/co/PMD_0000611>	<http://www.w3.org/2000/01/rdf-schema#label>	"Dimensions Messprozess"@de	
<https://w3id.org/pmd/co/PMD_0020128>	<http://www.w3.org/2000/01/rdf-schema#label>	"thermodynamic system"@en	
<https://w3id.org/pmd/co/PMD_0000973>	<http://www.w3.org/2000/01/rdf-schema#label>	"tensile testing machine"@en	
<https://w3id.org/pmd/co/PMD_0000973>	<http://www.w3.org/2000/01/rdf-schema#label>	"Zugprüfmaschine"@de	
<https://w3id.org/pmd/co/PMD_0050072>	<http://www.w3.org/2000/01/rdf-schema#label>	"titanium diboride ceramic"@en	
<http://purl.obolibrary.org/obo/CHEBI_194531>	<http://www.w3.org/2000/01/rdf-schema#label>	"flerovium atom"	
<https://w3id.org/pmd/co/PMD_0020154>	<http://www.w3.org/2000/01/rdf-schema#label>	"precipitation (phase)"@en	
<http://purl.obolibrary.org/obo/CHEBI_33390>	<http://www.w3.org/2000/01/rdf-schema#label>	"curium atom"	
<https://w3id.org/pmd/co/PMD_0000944>	<http://www.w3.org/2000/01/rdf-schema#label>	"spectrometer"@en	
<https://w3id.org/pmd/co/PMD_0000944>	<http://www.w3.org/2000/01/rdf-schema#label>	"Spektrometer"@de	
<https://w3id.org/pmd/co/PMD_0050007>	<http://www.w3.org/2000/01/rdf-schema#label>	"high-density polyethylene"@en	
<http://purl.obolibrary.org/obo/OBI_0302911>	<http://www.w3.org/2000/01/rdf-schema#label>	"validation"@en	
<https://w3id.org/pmd/co/PMD_0020114>	<http://www.w3.org/2000/01/rdf-schema#label>	"medium role"@en	
<https://w3id.org/pmd/co/PMD_0020079>	<http://www.w3.org/2000/01/rdf-schema#label>	"portion of arsenic"@en	
<https://w3id.org/pmd/co/PMD_0000780>	<http://www.w3.org/2000/01/rdf-schema#label>	"heat treatment device"@en	
<https://w3id.org/pmd/co/PMD_0000780>	<http://www.w3.org/2000/01/rdf-schema#label>	"Wärmebehandlungsgerät"@de	
<https://w3id.org/pmd/co/PMD_0050053>	<http://www.w3.org/2000/01/rdf-schema#label>	"fritted ceramic"@en	
<http://purl.obolibrary.org/obo/CHEBI_33346>	<http://www.w3.org/2000/01/rdf-schema#label>	"rutherfordium atom"	
<https://w3id.org/pmd/co/PMD_0020223>	<http://www.w3.org/2000/01/rdf-schema#label>	"vacancy diffusion"@en	
<https://w3id.org/pmd/co/PMD_0001040>	<http://www.w3.org/2000/01/rdf-schema#label>	"expriment designing process"@en	
<https://w3id.org/pmd/co/PMD_0050037>	<http://www.w3.org/2000/01/rdf-schema#label>	"polylactic acid"@en	
<https://w3id.org/pmd/co/PMD_0000638>	<http://www.w3.org/2000/01/rdf-schema#label>	"fatigue testing process"@en	
<https://w3id.org/pmd/co/PMD_0000638>	<http://www.w3.org/2000/01/rdf-schema#label>	"Ermüdungsprüfverfahren"@de	
<https://w3id.org/pmd/co/PMD_0000869>	<http://www.w3.org/2000/01/rdf-schema#label>	"chemical reaction"@en	
<https://w3id.org/pmd/co/PMD_0000773>	<http://www.w3.org/2000/01/rdf-schema#label>	"hardness"@en	
<http://purl.obolibrary.org/obo/CHEBI_33382>	<http://www.w3.org/2000/01/rdf-schema#label>	"lutetium atom"	
<https://w3id.org/pmd/co/PMD_0000895>	<http://www.w3.org/2000/01/rdf-schema#label>	"pressing on - in"@en	
<https://w3id.org/pmd/co/PMD_0000895>	<http://www.w3.org/2000/01/rdf-schema#label>	"Anpressen - Einpressen"@de	
<http://purl.obolibrary.org/obo/CHEBI_33319>	<http://www.w3.org/2000/01/rdf-schema#label>	"lanthanoid atom"	
<https://w3id.org/pmd/co/PMD_0010020>	<http://www.w3.org/2000/01/rdf-schema#label>	"portion of rhodium"@en	
<http://purl.obolibrary.org/obo/BFO_0000030>	<http://www.w3.org/2000/01/rdf-schema#label>	"object"@en	
<https://w3id.org/pmd/co/PMD_0020052>	<http://www.w3.org/2000/01/rdf-schema#label>	"portion of yttrium"@en	
<https://w3id.org/pmd/co/PMD_0000502>	<http://www.w3.org/2000/01/rdf-schema#label>	"2D"@en	
<https://w3id.org/pmd/co/PMD_0050023>	<http://www.w3.org/2000/01/rdf-schema#label>	"epoxy resin"@en	
<https://w3id.org/pmd/co/PMD_0000624>	<http://www.w3.org/2000/01/rdf-schema#label>	"electron microscope"@en	
<https://w3id.org/pmd/co/PMD_0000624>	<http://www.w3.org/2000/01/rdf-schema#label>	"Elektronenmikroskop"@de	
<https://w3id.org/pmd/co/PMD_0020086>	<http://www.w3.org/2000/01/rdf-schema#label>	"portion of gallium"@en	
<https://w3id.org/pmd/co/PMD_0000575>	<http://www.w3.org/2000/01/rdf-schema#label>	"coating function"@en	
<https://w3id.org/pmd/co/PMD_0000575>	<http://www.w3.org/2000/01/rdf-schema#label>	"Beschichtungsfunktion"@de	
<https://w3id.org/pmd/co/PMD_0020095>	<http://www.w3.org/2000/01/rdf-schema#label>	"portion of titanium"@en	
<http://purl.obolibrary.org/obo/CHEBI_33353>	<http://www.w3.org/2000/01/rdf-schema#label>	"technetium atom"	
<https://w3id.org/pmd/co/PMD_0000584>	<http://www.w3.org/2000/01/rdf-schema#label>	"conditioning process"@en	
<https://w3id.org/pmd/co/PMD_0000584>	<http://www.w3.org/2000/01/rdf-schema#label>	"Konditionierungsprozess"@de	
<https://w3id.org/pmd/co/PMD_0050088>	<http://www.w3.org/2000/01/rdf-schema#label>	"superconducting ceramic"@en	
<https://w3id.org/pmd/co/PMD_0000876>	<http://www.w3.org/2000/01/rdf-schema#label>	"optical profilometer"@en	
<https://w3id.org/pmd/co/PMD_0000876>	<http://www.w3.org/2000/01/rdf-schema#label>	"Optisches Profilometer"@de	
<http://purl.obolibrary.org/obo/BFO_0000001>	<http://www.w3.org/2000/01/rdf-schema#label>	"entity"@en	
<https://w3id.org/pmd/co/PMD_0020023>	<http://www.w3.org/2000/01/rdf-schema#label>	"metallic grain structures"@en	
<http://purl.obolibrary.org/obo/CHEBI_18291>	<http://www.w3.org/2000/01/rdf-schema#label>	"manganese atom"	
<https://w3id.org/pmd/co/PMD_0010000>	<http://www.w3.org/2000/01/rdf-schema#label>	"corrosion resistant"	
<https://w3id.org/pmd/co/PMD_0001016>	<http://www.w3.org/2000/01/rdf-schema#label>	"Beugungsprozess"@de	
<https://w3id.org/pmd/co/PMD_0001016>	<http://www.w3.org/2000/01/rdf-schema#label>	"x-ray diffraction process"@en	
<http://purl.obolibrary.org/obo/CHEBI_28659>	<http://www.w3.org/2000/01/rdf-schema#label>	"phosphorus atom"	
<https://w3id.org/pmd/co/PMD_0010019>	<http://www.w3.org/2000/01/rdf-schema#label>	"rhodium metal"@en	
<https://w3id.org/pmd/co/PMD_0000826>	<http://www.w3.org/2000/01/rdf-schema#label>	"magnetizing"@en	
<https://w3id.org/pmd/co/PMD_0000826>	<http://www.w3.org/2000/01/rdf-schema#label>	"Magnetisieren"@de	
<https://w3id.org/pmd/co/PMD_0020175>	<http://www.w3.org/2000/01/rdf-schema#label>	"coil (coiled sheet)"@en	
<https://w3id.org/pmd/co/PMD_0011032>	<http://www.w3.org/2000/01/rdf-schema#label>	"silicide ceramic"@en	
<https://w3id.org/pmd/co/PMD_0020066>	<http://www.w3.org/2000/01/rdf-schema#label>	"portion of ruthenium"@en	
<https://w3id.org/pmd/co/PMD_0000555>	<http://www.w3.org/2000/01/rdf-schema#label>	"chromatography function"@en	
<https://w3id.org/pmd/co/PMD_0000555>	<http://www.w3.org/2000/01/rdf-schema#label>	"Chromatographiefunktion"@de	
<https://w3id.org/pmd/co/PMD_0000786>	<http://www.w3.org/2000/01/rdf-schema#label>	"hybrid simulation"@en	
<https://w3id.org/pmd/co/PMD_0050059>	<http://www.w3.org/2000/01/rdf-schema#label>	"magnesia-stabilized zirconia ceramic"@en	
<https://w3id.org/pmd/co/PMD_0000002>	<http://www.w3.org/2000/01/rdf-schema#label>	"engineered material"@en	
<https://w3id.org/pmd/co/PMD_0001046>	<http://www.w3.org/2000/01/rdf-schema#label>	"depth"@en	
<https://w3id.org/pmd/co/PMD_0000856>	<http://www.w3.org/2000/01/rdf-schema#label>	"microscopy process"@en	
<https://w3id.org/pmd/co/PMD_0000856>	<http://www.w3.org/2000/01/rdf-schema#label>	"Mikroskopie Verfahren"@de	
<https://w3id.org/pmd/co/PMD_0000862>	<http://www.w3.org/2000/01/rdf-schema#label>	"monte carlo simulation"@en	
<https://w3id.org/pmd/co/PMD_0000862>	<http://www.w3.org/2000/01/rdf-schema#label>	"Monte Carlo Simulation"@de	
<https://w3id.org/pmd/co/PMD_0025020>	<http://www.w3.org/2000/01/rdf-schema#label>	"single fatigue testing process"@en	
<http://purl.obolibrary.org/obo/CHEBI_33374>	<http://www.w3.org/2000/01/rdf-schema#label>	"samarium atom"	
<https://w3id.org/pmd/co/PMD_0000591>	<http://www.w3.org/2000/01/rdf-schema#label>	"crystal structure"@en	
<https://w3id.org/pmd/co/PMD_0000991>	<http://www.w3.org/2000/01/rdf-schema#label>	"3d printer"@en	
<https://w3id.org/pmd/co/PMD_0000991>	<http://www.w3.org/2000/01/rdf-schema#label>	"3D-Drucker"@de	
<http://purl.obolibrary.org/obo/BFO_0000017>	<http://www.w3.org/2000/01/rdf-schema#label>	"realizable entity"@en	
<https://w3id.org/pmd/co/PMD_0020161>	<http://www.w3.org/2000/01/rdf-schema#label>	"activity (thermodynamic)"@en	
<https://w3id.org/pmd/co/PMD_0200003>	<http://www.w3.org/2000/01/rdf-schema#label>	"Spritzpressen"@de	
<https://w3id.org/pmd/co/PMD_0200003>	<http://www.w3.org/2000/01/rdf-schema#label>	"injection-compression molding"@en	
<https://w3id.org/pmd/co/PMD_0000650>	<http://www.w3.org/2000/01/rdf-schema#label>	"forming under compressive conditions"@en	
<https://w3id.org/pmd/co/PMD_0000650>	<http://www.w3.org/2000/01/rdf-schema#label>	"Druckumformen"@de	
<http://purl.obolibrary.org/obo/IAO_0000010>	<http://www.w3.org/2000/01/rdf-schema#label>	"software"@en	
<https://w3id.org/pmd/co/PMD_0000541>	<http://www.w3.org/2000/01/rdf-schema#label>	"cnc machine"@en	
<https://w3id.org/pmd/co/PMD_0000541>	<http://www.w3.org/2000/01/rdf-schema#label>	"CNC-Maschine"@de	
<https://w3id.org/pmd/co/PMD_0050045>	<http://www.w3.org/2000/01/rdf-schema#label>	"porcelain"@en	
<http://purl.obolibrary.org/obo/CHEBI_27594>	<http://www.w3.org/2000/01/rdf-schema#label>	"carbon atom"	
<https://w3id.org/pmd/co/PMD_0010026>	<http://www.w3.org/2000/01/rdf-schema#label>	"organic composition"@en	
<https://w3id.org/pmd/co/PMD_0020058>	<http://www.w3.org/2000/01/rdf-schema#label>	"portion of cerium"@en	
<https://w3id.org/pmd/co/PMD_0000951>	<http://www.w3.org/2000/01/rdf-schema#label>	"stochastic simulation"@en	
<https://w3id.org/pmd/co/PMD_0000508>	<http://www.w3.org/2000/01/rdf-schema#label>	"additive manufacturing device"@en	
<https://w3id.org/pmd/co/PMD_0000508>	<http://www.w3.org/2000/01/rdf-schema#label>	"Additive Fertigungsgerät"@de	
<https://w3id.org/pmd/co/PMD_0001999>	<http://www.w3.org/2000/01/rdf-schema#label>	"hand held device"@en	
<http://purl.obolibrary.org/obo/OBI_0001931>	<http://www.w3.org/2000/01/rdf-schema#label>	"scalar value specification"	
<https://w3id.org/pmd/co/PMD_0000113>	<http://www.w3.org/2000/01/rdf-schema#label>	"conventional ceramics manufacturing"@en	
<https://w3id.org/pmd/co/PMD_0020132>	<http://www.w3.org/2000/01/rdf-schema#label>	"size"@en	
<https://w3id.org/pmd/co/PMD_0090000>	<http://www.w3.org/2000/01/rdf-schema#label>	"semiconductor"@en	
<https://w3id.org/pmd/co/PMD_0020241>	<http://www.w3.org/2000/01/rdf-schema#label>	"angle of misalignment (crystallography)"@en	
<https://w3id.org/pmd/co/PMD_0001003>	<http://www.w3.org/2000/01/rdf-schema#label>	"unsupervised machine learning"@en	
<https://w3id.org/pmd/co/PMD_0001003>	<http://www.w3.org/2000/01/rdf-schema#label>	"unsupervised machine learning"@de	
<https://w3id.org/pmd/co/PMD_0000922>	<http://www.w3.org/2000/01/rdf-schema#label>	"scanning electron microscope"@en	
<https://w3id.org/pmd/co/PMD_0000922>	<http://www.w3.org/2000/01/rdf-schema#label>	"Rasterelektronenmikroskop"@de	
<http://purl.obolibrary.org/obo/IAO_0000109>	<http://www.w3.org/2000/01/rdf-schema#label>	"measurement datum"@en	
<https://w3id.org/pmd/co/PMD_0000813>	<http://www.w3.org/2000/01/rdf-schema#label>	"knife"@en	
<https://w3id.org/pmd/co/PMD_0000813>	<http://www.w3.org/2000/01/rdf-schema#label>	"Messer"@de	
<http://purl.obolibrary.org/obo/IAO_0020010>	<http://www.w3.org/2000/01/rdf-schema#label>	"identifier creating process"@en	
<https://w3id.org/pmd/co/PMD_0020201>	<http://www.w3.org/2000/01/rdf-schema#label>	"section"@en	
<https://w3id.org/pmd/co/PMD_0020188>	<http://www.w3.org/2000/01/rdf-schema#label>	"nickel alloy"@en	
<https://w3id.org/pmd/co/PMD_0050015>	<http://www.w3.org/2000/01/rdf-schema#label>	"flexible polyvinyl chloride"@en	
<https://w3id.org/pmd/co/PMD_0000015>	<http://www.w3.org/2000/01/rdf-schema#label>	"output specification"@en	
<https://w3id.org/pmd/co/PMD_0050112>	<http://www.w3.org/2000/01/rdf-schema#label>	"high-temperature resistant glass"@en	
<http://purl.obolibrary.org/obo/CHEBI_27560>	<http://www.w3.org/2000/01/rdf-schema#label>	"boron atom"	
<https://w3id.org/pmd/co/PMD_0090016>	<http://www.w3.org/2000/01/rdf-schema#label>	"bio-based material"@en	
<https://w3id.org/pmd/co/PMD_0000642>	<http://www.w3.org/2000/01/rdf-schema#label>	"flow cytometer"@en	
<https://w3id.org/pmd/co/PMD_0000642>	<http://www.w3.org/2000/01/rdf-schema#label>	"Durchflusszytometer"@de	
<https://w3id.org/pmd/co/PMD_0050146>	<http://www.w3.org/2000/01/rdf-schema#label>	"S53P4 bioglass"@en	
<https://w3id.org/pmd/co/PMD_0020159>	<http://www.w3.org/2000/01/rdf-schema#label>	"daughter phase role"@en	
<http://purl.obolibrary.org/obo/BFO_0000028>	<http://www.w3.org/2000/01/rdf-schema#label>	"three-dimensional spatial region"@en	
<https://w3id.org/pmd/co/PMD_0020030>	<http://www.w3.org/2000/01/rdf-schema#label>	"portion of carbon"@en	
<https://w3id.org/pmd/co/PMD_0000051>	<http://www.w3.org/2000/01/rdf-schema#label>	"simulation entity role"@en	
<https://w3id.org/pmd/co/PMD_0050001>	<http://www.w3.org/2000/01/rdf-schema#label>	"covalent bond"@en	
<https://w3id.org/pmd/co/PMD_0000602>	<http://www.w3.org/2000/01/rdf-schema#label>	"device"@en	
<https://w3id.org/pmd/co/PMD_0000602>	<http://www.w3.org/2000/01/rdf-schema#label>	"Gerät"@de	
<https://w3id.org/pmd/co/PMD_0000562>	<http://www.w3.org/2000/01/rdf-schema#label>	"coarse grained simulation"@en	
<https://w3id.org/pmd/co/PMD_0000562>	<http://www.w3.org/2000/01/rdf-schema#label>	"Coarse Grained Simulation"@de	
<https://w3id.org/pmd/co/PMD_0020195>	<http://www.w3.org/2000/01/rdf-schema#label>	"crystallization"@en	
<https://w3id.org/pmd/co/PMD_0000119>	<http://www.w3.org/2000/01/rdf-schema#label>	"sandwich panel composite"@en	
<https://w3id.org/pmd/co/PMD_0025012>	<http://www.w3.org/2000/01/rdf-schema#label>	"analytical calculation"@en	
<https://w3id.org/pmd/co/PMD_0020001>	<http://www.w3.org/2000/01/rdf-schema#label>	"filler role"@en	
<https://w3id.org/pmd/co/PMD_0000767>	<http://www.w3.org/2000/01/rdf-schema#label>	"hacksaw"@en	
<https://w3id.org/pmd/co/PMD_0000767>	<http://www.w3.org/2000/01/rdf-schema#label>	"Bügelsäge"@de	
<https://w3id.org/pmd/co/PMD_0020145>	<http://www.w3.org/2000/01/rdf-schema#label>	"educt"@en	
<https://w3id.org/pmd/co/PMD_0000998>	<http://www.w3.org/2000/01/rdf-schema#label>	"ultraviolet visible spectrophotometer"@en	
<https://w3id.org/pmd/co/PMD_0000998>	<http://www.w3.org/2000/01/rdf-schema#label>	"Ultraviolett-Visible-Spektrophotometer"@de	
<https://w3id.org/pmd/co/PMD_0050092>	<http://www.w3.org/2000/01/rdf-schema#label>	"bioinert ceramic"@en	
<https://w3id.org/pmd/co/PMD_0050138>	<http://www.w3.org/2000/01/rdf-schema#label>	"iron-borosilicate glass"@en	
<https://w3id.org/pmd/co/PMD_0000535>	<http://www.w3.org/2000/01/rdf-schema#label>	"boiling point"@en	
<https://w3id.org/pmd/co/PMD_0000935>	<http://www.w3.org/2000/01/rdf-schema#label>	"sizing saw"@en	
<https://w3id.org/pmd/co/PMD_0000935>	<http://www.w3.org/2000/01/rdf-schema#label>	"Formatkreissäge"@de	
<http://purl.obolibrary.org/obo/CHEBI_33313>	<http://www.w3.org/2000/01/rdf-schema#label>	"polonium atom"	
<http://purl.obolibrary.org/obo/UO_0000076>	<http://www.w3.org/2000/01/rdf-schema#label>	"mole fraction"	
<https://w3id.org/pmd/co/PMD_0020181>	<http://www.w3.org/2000/01/rdf-schema#label>	"pipe"@en	
<https://w3id.org/pmd/co/PMD_0001024>	<http://www.w3.org/2000/01/rdf-schema#label>	"x-ray microanalysis system"@en	
<https://w3id.org/pmd/co/PMD_0001024>	<http://www.w3.org/2000/01/rdf-schema#label>	"Röntgenmikroanalyssystem"@de	
<https://w3id.org/pmd/co/PMD_0000969>	<http://www.w3.org/2000/01/rdf-schema#label>	"temperature change function"@en	
<https://w3id.org/pmd/co/PMD_0000969>	<http://www.w3.org/2000/01/rdf-schema#label>	"Temperaturänderungsfunktion"@de	
<https://w3id.org/pmd/co/PMD_0000978>	<http://www.w3.org/2000/01/rdf-schema#label>	"thermal conductivity"@en	
<https://w3id.org/pmd/co/PMD_0020080>	<http://www.w3.org/2000/01/rdf-schema#label>	"portion of beryllium"@en	
<https://w3id.org/pmd/co/PMD_0020126>	<http://www.w3.org/2000/01/rdf-schema#label>	"foam"@en	
<https://w3id.org/pmd/co/PMD_0050118>	<http://www.w3.org/2000/01/rdf-schema#label>	"optical glass"@en	
<https://w3id.org/pmd/co/PMD_0050028>	<http://www.w3.org/2000/01/rdf-schema#label>	"melamine formaldehyde"@en	
<https://w3id.org/pmd/co/PMD_0000971>	<http://www.w3.org/2000/01/rdf-schema#label>	"temperature measuring function"@en	
<https://w3id.org/pmd/co/PMD_0000971>	<http://www.w3.org/2000/01/rdf-schema#label>	"Temperaturmessfunktion"@de	
<https://w3id.org/pmd/co/PMD_0020248>	<http://www.w3.org/2000/01/rdf-schema#label>	"diffusion flux"@en	
<https://w3id.org/pmd/co/PMD_0000906>	<http://www.w3.org/2000/01/rdf-schema#label>	"primary shaping from the liquid state"@en	
<https://w3id.org/pmd/co/PMD_0000906>	<http://www.w3.org/2000/01/rdf-schema#label>	"Urformen Aus Dem Flüssigen Zustand"@de	
<http://purl.obolibrary.org/obo/CHEBI_25016>	<http://www.w3.org/2000/01/rdf-schema#label>	"lead atom"	
<https://w3id.org/pmd/co/PMD_0000658>	<http://www.w3.org/2000/01/rdf-schema#label>	"gel permeation chromatography process"@en	
<https://w3id.org/pmd/co/PMD_0000658>	<http://www.w3.org/2000/01/rdf-schema#label>	"Gel-Permeations-Chromatographie Verfahren"@de	
<https://w3id.org/pmd/co/PMD_0020036>	<http://www.w3.org/2000/01/rdf-schema#label>	"portion of rhenium"@en	
<https://w3id.org/pmd/co/PMD_0001010>	<http://www.w3.org/2000/01/rdf-schema#label>	"wear testing process"@en	
<https://w3id.org/pmd/co/PMD_0001010>	<http://www.w3.org/2000/01/rdf-schema#label>	"Verschleißprüfverfahren"@de	
<https://w3id.org/pmd/co/PMD_0000549>	<http://www.w3.org/2000/01/rdf-schema#label>	"change of temperature"@en	
<https://w3id.org/pmd/co/PMD_0000949>	<http://www.w3.org/2000/01/rdf-schema#label>	"stiffness"@en	
<https://w3id.org/pmd/co/PMD_0050154>	<http://www.w3.org/2000/01/rdf-schema#label>	"width"@en	
<https://w3id.org/pmd/co/PMD_0050154>	<http://www.w3.org/2000/01/rdf-schema#label>	"Breite"@de	
<https://w3id.org/pmd/co/PMD_0000820>	<http://www.w3.org/2000/01/rdf-schema#label>	"load cell"@en	
<https://w3id.org/pmd/co/PMD_0000820>	<http://www.w3.org/2000/01/rdf-schema#label>	"Kraftmessdose"@de	
<https://w3id.org/pmd/co/PMD_0000608>	<http://www.w3.org/2000/01/rdf-schema#label>	"differential thermal analyzer"@en	
<https://w3id.org/pmd/co/PMD_0000608>	<http://www.w3.org/2000/01/rdf-schema#label>	"Differentialthermometer"@de	
<https://w3id.org/pmd/co/PMD_0020106>	<http://www.w3.org/2000/01/rdf-schema#label>	"polycrystal"@en	
<http://purl.obolibrary.org/obo/COB_0000083>	<http://www.w3.org/2000/01/rdf-schema#label>	"failed planned process"@en	
<https://w3id.org/pmd/co/PMD_0020228>	<http://www.w3.org/2000/01/rdf-schema#label>	"solvent role"@en	
<https://w3id.org/pmd/co/PMD_0020072>	<http://www.w3.org/2000/01/rdf-schema#label>	"portion of sodium"@en	
<http://purl.obolibrary.org/obo/CHEBI_33344>	<http://www.w3.org/2000/01/rdf-schema#label>	"niobium atom"	
<http://purl.obolibrary.org/obo/CHEBI_33517>	<http://www.w3.org/2000/01/rdf-schema#label>	"copernicium atom"	
<https://w3id.org/pmd/co/PMD_0000644>	<http://www.w3.org/2000/01/rdf-schema#label>	"force measuring function"@en	
<https://w3id.org/pmd/co/PMD_0000644>	<http://www.w3.org/2000/01/rdf-schema#label>	"Kraftmessfunktion"@de	
<https://w3id.org/pmd/co/PMD_0050035>	<http://www.w3.org/2000/01/rdf-schema#label>	"ethylene propylene diene monomer"@en	
<https://w3id.org/pmd/co/PMD_0000590>	<http://www.w3.org/2000/01/rdf-schema#label>	"cryogenic freezer"@en	
<https://w3id.org/pmd/co/PMD_0000590>	<http://www.w3.org/2000/01/rdf-schema#label>	"Kryogefrierschrank"@de	
<http://purl.obolibrary.org/obo/CHEBI_33380>	<http://www.w3.org/2000/01/rdf-schema#label>	"thulium atom"	
<https://w3id.org/pmd/co/PMD_0000546>	<http://www.w3.org/2000/01/rdf-schema#label>	"ceramic"@en	
<http://purl.obolibrary.org/obo/CHEBI_49957>	<http://www.w3.org/2000/01/rdf-schema#label>	"xenon atom"	
<https://w3id.org/pmd/co/PMD_0050021>	<http://www.w3.org/2000/01/rdf-schema#label>	"crystalline polyethylene terephthalate"@en	
<http://purl.obolibrary.org/obo/CHEBI_24431>	<http://www.w3.org/2000/01/rdf-schema#label>	"chemical entity"	
<http://purl.obolibrary.org/obo/CHEBI_24431>	<http://www.w3.org/2000/01/rdf-schema#label>	"chemische Entität"@de	
<http://purl.obolibrary.org/obo/CHEBI_24431>	<http://www.w3.org/2000/01/rdf-schema#label>	"chemical entity"@en	
<https://w3id.org/pmd/co/PMD_0020235>	<http://www.w3.org/2000/01/rdf-schema#label>	"edge dislocation"@en	
<https://w3id.org/pmd/co/PMD_0020093>	<http://www.w3.org/2000/01/rdf-schema#label>	"portion of vanadium"@en	
<http://purl.obolibrary.org/obo/CHEBI_33351>	<http://www.w3.org/2000/01/rdf-schema#label>	"seaborgium atom"	
<https://w3id.org/pmd/co/PMD_0000582>	<http://www.w3.org/2000/01/rdf-schema#label>	"computing device"@en	
<https://w3id.org/pmd/co/PMD_0000582>	<http://www.w3.org/2000/01/rdf-schema#label>	"Computer"@de	
<https://w3id.org/pmd/co/PMD_0000982>	<http://www.w3.org/2000/01/rdf-schema#label>	"thermal property analyzing process"@en	
<https://w3id.org/pmd/co/PMD_0000982>	<http://www.w3.org/2000/01/rdf-schema#label>	"Thermische Eigenschaften Analyseverfahren"@de	
<http://purl.obolibrary.org/obo/BFO_0000008>	<http://www.w3.org/2000/01/rdf-schema#label>	"temporal region"@en	
<http://purl.obolibrary.org/obo/CHEBI_26708>	<http://www.w3.org/2000/01/rdf-schema#label>	"sodium atom"	
<https://w3id.org/pmd/co/PMD_0001008>	<http://www.w3.org/2000/01/rdf-schema#label>	"absorption of wave radiation"@en	
<http://purl.obolibrary.org/obo/CHEBI_33394>	<http://www.w3.org/2000/01/rdf-schema#label>	"fermium"	
<https://w3id.org/pmd/co/PMD_0010017>	<http://www.w3.org/2000/01/rdf-schema#label>	"platinum metal"@en	
<http://purl.obolibrary.org/obo/UO_1000164>	<http://www.w3.org/2000/01/rdf-schema#label>	"mass volume percentage based unit"	
<https://w3id.org/pmd/co/PMD_0020173>	<http://www.w3.org/2000/01/rdf-schema#label>	"billet"@en	
<https://w3id.org/pmd/co/PMD_0020064>	<http://www.w3.org/2000/01/rdf-schema#label>	"portion of thallium"@en	
<https://w3id.org/pmd/co/PMD_0000553>	<http://www.w3.org/2000/01/rdf-schema#label>	"chemical potential"@en	
<https://w3id.org/pmd/co/PMD_0000784>	<http://www.w3.org/2000/01/rdf-schema#label>	"high performance liquid chromatography system"@en	
<https://w3id.org/pmd/co/PMD_0000784>	<http://www.w3.org/2000/01/rdf-schema#label>	"Hochleistungsflüssigkeitschromatographiesystem"@de	
<http://purl.obolibrary.org/obo/CHEBI_33331>	<http://www.w3.org/2000/01/rdf-schema#label>	"yttrium atom"	
<https://w3id.org/pmd/co/PMD_0050057>	<http://www.w3.org/2000/01/rdf-schema#label>	"zirconia ceramic"@en	
<http://purl.obolibrary.org/obo/CHEBI_30512>	<http://www.w3.org/2000/01/rdf-schema#label>	"silver atom"	
<https://w3id.org/pmd/co/PMD_0000000>	<http://www.w3.org/2000/01/rdf-schema#label>	"Material"@de	
<https://w3id.org/pmd/co/PMD_0000000>	<http://www.w3.org/2000/01/rdf-schema#label>	"material"@en	
<https://w3id.org/pmd/co/PMD_0001044>	<http://www.w3.org/2000/01/rdf-schema#label>	"date value specification"@en	
<https://w3id.org/pmd/co/PMD_0050066>	<http://www.w3.org/2000/01/rdf-schema#label>	"boron carbide ceramic"@en	
<https://w3id.org/pmd/co/PMD_0090001>	<http://www.w3.org/2000/01/rdf-schema#label>	"semiconductivity"@en	
<https://w3id.org/pmd/co/PMD_0000854>	<http://www.w3.org/2000/01/rdf-schema#label>	"micrometer gauge"@en	
<https://w3id.org/pmd/co/PMD_0000854>	<http://www.w3.org/2000/01/rdf-schema#label>	"Bügelmessschraube"@de	
<https://w3id.org/pmd/co/PMD_0000596>	<http://www.w3.org/2000/01/rdf-schema#label>	"deformation"@en	
<https://w3id.org/pmd/co/PMD_0020232>	<http://www.w3.org/2000/01/rdf-schema#label>	"substitutional solid solution"@en	
<https://w3id.org/pmd/co/PMD_0200008>	<http://www.w3.org/2000/01/rdf-schema#label>	"modelling"@en	
<https://w3id.org/pmd/co/PMD_0200008>	<http://www.w3.org/2000/01/rdf-schema#label>	"Modellieren"@de	
<https://w3id.org/pmd/co/PMD_0000513>	<http://www.w3.org/2000/01/rdf-schema#label>	"aging process"@en	
<https://w3id.org/pmd/co/PMD_0000513>	<http://www.w3.org/2000/01/rdf-schema#label>	"Alterungsprozess"@de	
<https://w3id.org/pmd/co/PMD_0000913>	<http://www.w3.org/2000/01/rdf-schema#label>	"reinforcement learning"@en	
<https://w3id.org/pmd/co/PMD_0000913>	<http://www.w3.org/2000/01/rdf-schema#label>	"Reinforcement Learning"@de	
<https://w3id.org/pmd/co/PMD_0000655>	<http://www.w3.org/2000/01/rdf-schema#label>	"furnace"@en	
<https://w3id.org/pmd/co/PMD_0000655>	<http://www.w3.org/2000/01/rdf-schema#label>	"Ofen"@de	
<https://w3id.org/pmd/co/PMD_0050140>	<http://www.w3.org/2000/01/rdf-schema#label>	"nonlinear optical glass"@en	
<http://purl.obolibrary.org/obo/BFO_0000034>	<http://www.w3.org/2000/01/rdf-schema#label>	"function"@en	
<https://w3id.org/pmd/co/PMD_0020056>	<http://www.w3.org/2000/01/rdf-schema#label>	"portion of fluorine"@en	
<https://w3id.org/pmd/co/PMD_0000798>	<http://www.w3.org/2000/01/rdf-schema#label>	"ion microscopy"@en	
<https://w3id.org/pmd/co/PMD_0000798>	<http://www.w3.org/2000/01/rdf-schema#label>	"Ionenmikroskopie"@de	
<https://w3id.org/pmd/co/PMD_0010033>	<http://www.w3.org/2000/01/rdf-schema#label>	"polymerization"@en	
<https://w3id.org/pmd/co/PMD_0000628>	<http://www.w3.org/2000/01/rdf-schema#label>	"emission of corpuscular radiation"@en	
<https://w3id.org/pmd/co/PMD_0020130>	<http://www.w3.org/2000/01/rdf-schema#label>	"driving force of phase in system"@en	
<https://w3id.org/pmd/co/PMD_0025017>	<http://www.w3.org/2000/01/rdf-schema#label>	"outer diameter"@en	
<https://w3id.org/pmd/co/PMD_0025017>	<http://www.w3.org/2000/01/rdf-schema#label>	"Außendurchmesser"@de	
<https://w3id.org/pmd/co/PMD_0020099>	<http://www.w3.org/2000/01/rdf-schema#label>	"bravais lattice (3D)"@en	
<https://w3id.org/pmd/co/PMD_0000588>	<http://www.w3.org/2000/01/rdf-schema#label>	"creep testing machine"@en	
<https://w3id.org/pmd/co/PMD_0000588>	<http://www.w3.org/2000/01/rdf-schema#label>	"Kriechprüfmaschine"@de	
<https://w3id.org/pmd/co/PMD_0050073>	<http://www.w3.org/2000/01/rdf-schema#label>	"zirconium diboride ceramic"@en	
<https://w3id.org/pmd/co/PMD_0000527>	<http://www.w3.org/2000/01/rdf-schema#label>	"atomistic monte carlo simulation"@en	
<https://w3id.org/pmd/co/PMD_0000527>	<http://www.w3.org/2000/01/rdf-schema#label>	"Atomistische Monte Carlo Simulation"@de	
<https://w3id.org/pmd/co/PMD_0050132>	<http://www.w3.org/2000/01/rdf-schema#label>	"transparent glass-ceramic"@en	
<https://w3id.org/pmd/co/PMD_0000920>	<http://www.w3.org/2000/01/rdf-schema#label>	"saw"@en	
<https://w3id.org/pmd/co/PMD_0000889>	<http://www.w3.org/2000/01/rdf-schema#label>	"pore growth"@en	
<https://w3id.org/pmd/co/PMD_0000662>	<http://www.w3.org/2000/01/rdf-schema#label>	"glueing"@en	
<https://w3id.org/pmd/co/PMD_0000662>	<http://www.w3.org/2000/01/rdf-schema#label>	"Kleben"@de	
<https://w3id.org/pmd/co/PMD_0010004>	<http://www.w3.org/2000/01/rdf-schema#label>	"tool steel"@en	
<https://w3id.org/pmd/co/PMD_0000811>	<http://www.w3.org/2000/01/rdf-schema#label>	"joining device"@en	
<https://w3id.org/pmd/co/PMD_0000811>	<http://www.w3.org/2000/01/rdf-schema#label>	"Verbindungsgerät"@de	
<https://w3id.org/pmd/co/PMD_0020179>	<http://www.w3.org/2000/01/rdf-schema#label>	"wire (semi finished product)"@en	
<https://w3id.org/pmd/co/PMD_0000963>	<http://www.w3.org/2000/01/rdf-schema#label>	"Überkritisches Fluid-Chromatographiesystem"@de	
<https://w3id.org/pmd/co/PMD_0000963>	<http://www.w3.org/2000/01/rdf-schema#label>	"supercritical fluid chromatography system"@en	
<http://purl.obolibrary.org/obo/CHEBI_25195>	<http://www.w3.org/2000/01/rdf-schema#label>	"mercury atom"	
<https://w3id.org/pmd/co/PMD_0050013>	<http://www.w3.org/2000/01/rdf-schema#label>	"polyvinyl chloride"@en	
<https://w3id.org/pmd/co/PMD_0000900>	<http://www.w3.org/2000/01/rdf-schema#label>	"primary shaping by additive manufacturing"@en	
<https://w3id.org/pmd/co/PMD_0000900>	<http://www.w3.org/2000/01/rdf-schema#label>	"Urformen Durch Additive Fertigung"@de	
<https://w3id.org/pmd/co/PMD_0090012>	<http://www.w3.org/2000/01/rdf-schema#label>	"biological material"@en	
<https://w3id.org/pmd/co/PMD_0090014>	<http://www.w3.org/2000/01/rdf-schema#label>	"biopolymer"@en	
<https://w3id.org/pmd/co/PMD_0000519>	<http://www.w3.org/2000/01/rdf-schema#label>	"flow of electric charge"@en	
<http://purl.obolibrary.org/obo/CHEBI_30415>	<http://www.w3.org/2000/01/rdf-schema#label>	"astatine atom"	
<http://purl.obolibrary.org/obo/OBI_0000202>	<http://www.w3.org/2000/01/rdf-schema#label>	"investigation agent role"	
<https://w3id.org/pmd/co/PMD_0000908>	<http://www.w3.org/2000/01/rdf-schema#label>	"primary shaping from the pulpy or pasty state"@en	
<https://w3id.org/pmd/co/PMD_0000908>	<http://www.w3.org/2000/01/rdf-schema#label>	"Urformen Aus Dem Breiigen Oder Pastösen Zustand"@de	
<https://w3id.org/pmd/co/PMD_0020165>	<http://www.w3.org/2000/01/rdf-schema#label>	"disposition of a phase to transform"@en	
<https://w3id.org/pmd/co/PMD_0050153>	<http://www.w3.org/2000/01/rdf-schema#label>	"thickness"@en	
<https://w3id.org/pmd/co/PMD_0050153>	<http://www.w3.org/2000/01/rdf-schema#label>	"Dicke"@de	
<http://purl.obolibrary.org/obo/BFO_0000026>	<http://www.w3.org/2000/01/rdf-schema#label>	"one-dimensional spatial region"@en	
<http://purl.obolibrary.org/obo/CHEBI_49666>	<http://www.w3.org/2000/01/rdf-schema#label>	"iridium atom"	
<https://w3id.org/pmd/co/PMD_0020213>	<http://www.w3.org/2000/01/rdf-schema#label>	"grain boundary"@en	
<https://w3id.org/pmd/co/PMD_0000955>	<http://www.w3.org/2000/01/rdf-schema#label>	"structural material"@en	
<https://w3id.org/pmd/co/PMD_0020071>	<http://www.w3.org/2000/01/rdf-schema#label>	"portion of aluminium"@en	
<https://w3id.org/pmd/co/PMD_0000560>	<http://www.w3.org/2000/01/rdf-schema#label>	"cleaning"@en	
<https://w3id.org/pmd/co/PMD_0000560>	<http://www.w3.org/2000/01/rdf-schema#label>	"Reinigen"@de	
<https://w3id.org/pmd/co/PMD_0025004>	<http://www.w3.org/2000/01/rdf-schema#label>	"alloy"@en	
<https://w3id.org/pmd/co/PMD_0000117>	<http://www.w3.org/2000/01/rdf-schema#label>	"structural composite"@en	
<https://w3id.org/pmd/co/PMD_0050124>	<http://www.w3.org/2000/01/rdf-schema#label>	"ion-exchanged glass"@en	
<https://w3id.org/pmd/co/PMD_0060008>	<http://www.w3.org/2000/01/rdf-schema#label>	"recipe"@en	
<http://purl.obolibrary.org/obo/CHEBI_28694>	<http://www.w3.org/2000/01/rdf-schema#label>	"copper atom"	
<https://w3id.org/pmd/co/PMD_0050084>	<http://www.w3.org/2000/01/rdf-schema#label>	"lead zirconate titanate ceramic"@en	
<https://w3id.org/pmd/co/PMD_0000649>	<http://www.w3.org/2000/01/rdf-schema#label>	"forming under compressive and tensile conditions"@en	
<https://w3id.org/pmd/co/PMD_0000649>	<http://www.w3.org/2000/01/rdf-schema#label>	"Zugdruckumformen"@de	
<https://w3id.org/pmd/co/PMD_0050090>	<http://www.w3.org/2000/01/rdf-schema#label>	"bismuth strontium calcium copper oxide ceramic"@en	
<https://w3id.org/pmd/co/PMD_0020042>	<http://www.w3.org/2000/01/rdf-schema#label>	"portion of cadmium"@en	
<https://w3id.org/pmd/co/PMD_0000531>	<http://www.w3.org/2000/01/rdf-schema#label>	"biocompatibility analyzing process"@en	
<https://w3id.org/pmd/co/PMD_0000531>	<http://www.w3.org/2000/01/rdf-schema#label>	"Analyseverfahren der Biokompatibilität"@de	
<https://w3id.org/pmd/co/PMD_0011023>	<http://www.w3.org/2000/01/rdf-schema#label>	"magnesia ceramic"@en	
<https://w3id.org/pmd/co/PMD_0000103>	<http://www.w3.org/2000/01/rdf-schema#label>	"hardening"@en	
<https://w3id.org/pmd/co/PMD_0001022>	<http://www.w3.org/2000/01/rdf-schema#label>	"x-ray computed tomography system"@en	
<https://w3id.org/pmd/co/PMD_0001022>	<http://www.w3.org/2000/01/rdf-schema#label>	"Röntgen-Computertomographiesystem"@de	
<https://w3id.org/pmd/co/PMD_0050044>	<http://www.w3.org/2000/01/rdf-schema#label>	"stoneware"@en	
<https://w3id.org/pmd/co/PMD_0000832>	<http://www.w3.org/2000/01/rdf-schema#label>	"manufacturing function"@en	
<https://w3id.org/pmd/co/PMD_0000832>	<http://www.w3.org/2000/01/rdf-schema#label>	"Fertigungsfunktion"@de	
<https://w3id.org/pmd/co/PMD_0050019>	<http://www.w3.org/2000/01/rdf-schema#label>	"polyethylene terephthalate"@en	
<https://w3id.org/pmd/co/PMD_0000574>	<http://www.w3.org/2000/01/rdf-schema#label>	"coating from the pulpy or pasty state"@en	
<https://w3id.org/pmd/co/PMD_0000574>	<http://www.w3.org/2000/01/rdf-schema#label>	"Beschichten Aus Dem Breiigen Oder Pastösen Zustand"@de	
<https://w3id.org/pmd/co/PMD_0000976>	<http://www.w3.org/2000/01/rdf-schema#label>	"testing function"@en	
<https://w3id.org/pmd/co/PMD_0000976>	<http://www.w3.org/2000/01/rdf-schema#label>	"Testfunktion"@de	
<https://w3id.org/pmd/co/PMD_0050070>	<http://www.w3.org/2000/01/rdf-schema#label>	"boron nitride ceramic"@en	
<https://w3id.org/pmd/co/PMD_0050116>	<http://www.w3.org/2000/01/rdf-schema#label>	"germanate glass"@en	
<http://purl.obolibrary.org/obo/UO_0000163>	<http://www.w3.org/2000/01/rdf-schema#label>	"mass percentage"	
<http://purl.obolibrary.org/obo/CHEBI_60003>	<http://www.w3.org/2000/01/rdf-schema#label>	"pure substance"	
<https://w3id.org/pmd/co/PMD_0000656>	<http://www.w3.org/2000/01/rdf-schema#label>	"gas chromatography process"@en	
<https://w3id.org/pmd/co/PMD_0000656>	<http://www.w3.org/2000/01/rdf-schema#label>	"Gaschromatographie Verfahren"@de	
<https://w3id.org/pmd/co/PMD_0020034>	<http://www.w3.org/2000/01/rdf-schema#label>	"portion of molybdenum"@en	
<https://w3id.org/pmd/co/PMD_0000547>	<http://www.w3.org/2000/01/rdf-schema#label>	"change of aggregate state"@en	
<https://w3id.org/pmd/co/PMD_0000947>	<http://www.w3.org/2000/01/rdf-schema#label>	"speed of sound"@en	
<https://w3id.org/pmd/co/PMD_0000778>	<http://www.w3.org/2000/01/rdf-schema#label>	"mixing"@en	
<http://purl.obolibrary.org/obo/CHEBI_33325>	<http://www.w3.org/2000/01/rdf-schema#label>	"radium atom"	
<https://w3id.org/pmd/co/PMD_0050005>	<http://www.w3.org/2000/01/rdf-schema#label>	"polyethylene"@en	
<https://w3id.org/pmd/co/PMD_0000606>	<http://www.w3.org/2000/01/rdf-schema#label>	"differential scanning calorimetry process"@en	
<https://w3id.org/pmd/co/PMD_0000606>	<http://www.w3.org/2000/01/rdf-schema#label>	"Dynamische Differenzkalorimetrie-Verfahren"@de	
<https://w3id.org/pmd/co/PMD_0020104>	<http://www.w3.org/2000/01/rdf-schema#label>	"volume proportion"@en	
<https://w3id.org/pmd/co/PMD_0020077>	<http://www.w3.org/2000/01/rdf-schema#label>	"portion of samarium"@en	
<https://w3id.org/pmd/co/PMD_0000566>	<http://www.w3.org/2000/01/rdf-schema#label>	"coating by welding"@en	
<https://w3id.org/pmd/co/PMD_0000566>	<http://www.w3.org/2000/01/rdf-schema#label>	"Beschichten Durch Schweissen"@de	
<https://w3id.org/pmd/co/PMD_0020226>	<http://www.w3.org/2000/01/rdf-schema#label>	"flow"@en	
<https://w3id.org/pmd/co/PMD_0050051>	<http://www.w3.org/2000/01/rdf-schema#label>	"diameter"@en	
<https://w3id.org/pmd/co/PMD_0050051>	<http://www.w3.org/2000/01/rdf-schema#label>	"Durchmesser"@de	
<https://w3id.org/pmd/co/PMD_0000983>	<http://www.w3.org/2000/01/rdf-schema#label>	"thermocouple"@en	
<https://w3id.org/pmd/co/PMD_0000983>	<http://www.w3.org/2000/01/rdf-schema#label>	"Thermoelement"@de	
<https://w3id.org/pmd/co/PMD_0000636>	<http://www.w3.org/2000/01/rdf-schema#label>	"extensometer"@en	
<https://w3id.org/pmd/co/PMD_0090006>	<http://www.w3.org/2000/01/rdf-schema#label>	"magnesium matrix composite"@en	
<https://w3id.org/pmd/co/PMD_0000867>	<http://www.w3.org/2000/01/rdf-schema#label>	"nanoindentation process"@en	
<https://w3id.org/pmd/co/PMD_0000867>	<http://www.w3.org/2000/01/rdf-schema#label>	"Nanoindentationsverfahren"@de	
<http://purl.obolibrary.org/obo/CHEBI_33385>	<http://www.w3.org/2000/01/rdf-schema#label>	"thorium"	
<https://w3id.org/pmd/co/PMD_0000771>	<http://www.w3.org/2000/01/rdf-schema#label>	"handsaw"@en	
<https://w3id.org/pmd/co/PMD_0000771>	<http://www.w3.org/2000/01/rdf-schema#label>	"Handsäge"@de	
<https://w3id.org/pmd/co/PMD_0020048>	<http://www.w3.org/2000/01/rdf-schema#label>	"portion of boron"@en	
<https://w3id.org/pmd/co/PMD_0000893>	<http://www.w3.org/2000/01/rdf-schema#label>	"powder"@en	
<https://w3id.org/pmd/co/PMD_0000939>	<http://www.w3.org/2000/01/rdf-schema#label>	"soldering function"@en	
<https://w3id.org/pmd/co/PMD_0000939>	<http://www.w3.org/2000/01/rdf-schema#label>	"Lötfunktion"@de	
<https://w3id.org/pmd/co/PMD_0020050>	<http://www.w3.org/2000/01/rdf-schema#label>	"portion of silicon"@en	
<http://purl.obolibrary.org/obo/CHEBI_33322>	<http://www.w3.org/2000/01/rdf-schema#label>	"rubidium atom"	
<https://w3id.org/pmd/co/PMD_0000622>	<http://www.w3.org/2000/01/rdf-schema#label>	"electrical property analyzing process"@en	
<https://w3id.org/pmd/co/PMD_0000622>	<http://www.w3.org/2000/01/rdf-schema#label>	"Elektrische Eigenschaften Analyseverfahren"@de	
<https://w3id.org/pmd/co/PMD_0020084>	<http://www.w3.org/2000/01/rdf-schema#label>	"portion of osmium"@en	
<http://purl.obolibrary.org/obo/CHEBI_37376>	<http://www.w3.org/2000/01/rdf-schema#label>	"tetraphosphorus decaoxide"	
<https://w3id.org/pmd/co/PMD_0025011>	<http://www.w3.org/2000/01/rdf-schema#label>	"cooling"@en	
<https://w3id.org/pmd/co/PMD_0000124>	<http://www.w3.org/2000/01/rdf-schema#label>	"sandwich sheet role"@en	
<https://w3id.org/pmd/co/PMD_0000124>	<http://www.w3.org/2000/01/rdf-schema#label>	"sandwich sheet"@en	
<https://w3id.org/pmd/co/PMD_0020139>	<http://www.w3.org/2000/01/rdf-schema#label>	"melt"@en	
<https://w3id.org/pmd/co/PMD_0020139>	<http://www.w3.org/2000/01/rdf-schema#label>	"Schmelze"@de	
<http://purl.obolibrary.org/obo/BFO_0000004>	<http://www.w3.org/2000/01/rdf-schema#label>	"independent continuant"@en	
<https://w3id.org/pmd/co/PMD_0000874>	<http://www.w3.org/2000/01/rdf-schema#label>	"optical microscope"@en	
<https://w3id.org/pmd/co/PMD_0000874>	<http://www.w3.org/2000/01/rdf-schema#label>	"Optisches Mikroskop"@de	
<https://w3id.org/pmd/co/PMD_0001014>	<http://www.w3.org/2000/01/rdf-schema#label>	"x-ray analyzing process"@en	
<https://w3id.org/pmd/co/PMD_0001014>	<http://www.w3.org/2000/01/rdf-schema#label>	"Röntgen Analyseverfahren"@de	
<http://purl.obolibrary.org/obo/CHEBI_33392>	<http://www.w3.org/2000/01/rdf-schema#label>	"californium atom"	
<https://w3id.org/pmd/co/PMD_0000667>	<http://www.w3.org/2000/01/rdf-schema#label>	"grinding machine"@en	
<https://w3id.org/pmd/co/PMD_0000667>	<http://www.w3.org/2000/01/rdf-schema#label>	"Schleifmaschine"@de	
<https://w3id.org/pmd/co/PMD_0000558>	<http://www.w3.org/2000/01/rdf-schema#label>	"circular saw"@en	
<https://w3id.org/pmd/co/PMD_0000558>	<http://www.w3.org/2000/01/rdf-schema#label>	"Kreissäge"@de	
<http://purl.obolibrary.org/obo/BFO_0000040>	<http://www.w3.org/2000/01/rdf-schema#label>	"material entity"@en	
<https://w3id.org/pmd/co/PMD_0020180>	<http://www.w3.org/2000/01/rdf-schema#label>	"tube"@en	
<http://purl.obolibrary.org/obo/CHEBI_30682>	<http://www.w3.org/2000/01/rdf-schema#label>	"ruthenium atom"	
<https://w3id.org/pmd/co/PMD_0050064>	<http://www.w3.org/2000/01/rdf-schema#label>	"silicon carbide ceramic"@en	
<https://w3id.org/pmd/co/PMD_0000518>	<http://www.w3.org/2000/01/rdf-schema#label>	"impact"@en	
<https://w3id.org/pmd/co/PMD_0000594>	<http://www.w3.org/2000/01/rdf-schema#label>	"deep learning"@en	
<https://w3id.org/pmd/co/PMD_0000594>	<http://www.w3.org/2000/01/rdf-schema#label>	"Deep Learning"@de	
<http://purl.obolibrary.org/obo/CHEBI_22977>	<http://www.w3.org/2000/01/rdf-schema#label>	"cadmium atom"	
<https://w3id.org/pmd/co/PMD_0000994>	<http://www.w3.org/2000/01/rdf-schema#label>	"torsion testing machine"@en	
<https://w3id.org/pmd/co/PMD_0000994>	<http://www.w3.org/2000/01/rdf-schema#label>	"Torsionsprüfmaschine"@de	
<http://purl.obolibrary.org/obo/CHEBI_33372>	<http://www.w3.org/2000/01/rdf-schema#label>	"neodymium atom"	
<https://w3id.org/pmd/co/PMD_0050098>	<http://www.w3.org/2000/01/rdf-schema#label>	"bioresorbable ceramic"@en	
<https://w3id.org/pmd/co/PMD_0200006>	<http://www.w3.org/2000/01/rdf-schema#label>	"calendering"@en	
<https://w3id.org/pmd/co/PMD_0200006>	<http://www.w3.org/2000/01/rdf-schema#label>	"Kalandrieren"@de	
<https://w3id.org/pmd/co/PMD_0000653>	<http://www.w3.org/2000/01/rdf-schema#label>	"fracture toughness testing process"@en	
<https://w3id.org/pmd/co/PMD_0000653>	<http://www.w3.org/2000/01/rdf-schema#label>	"Bruchzähigkeitsprüfverfahren"@de	
<https://w3id.org/pmd/co/PMD_0020151>	<http://www.w3.org/2000/01/rdf-schema#label>	"internal energy"@en	
<http://purl.obolibrary.org/obo/BFO_0000020>	<http://www.w3.org/2000/01/rdf-schema#label>	"specifically dependent continuant"@en	
<https://w3id.org/pmd/co/PMD_0010029>	<http://www.w3.org/2000/01/rdf-schema#label>	"specific strength"@en	
<https://w3id.org/pmd/co/PMD_0000056>	<http://www.w3.org/2000/01/rdf-schema#label>	"melting furnace"@en	
<https://w3id.org/pmd/co/PMD_0000056>	<http://www.w3.org/2000/01/rdf-schema#label>	"Schmelzofen"@de	
<https://w3id.org/pmd/co/PMD_0000796>	<http://www.w3.org/2000/01/rdf-schema#label>	"ion exchange chromatography system"@en	
<https://w3id.org/pmd/co/PMD_0000796>	<http://www.w3.org/2000/01/rdf-schema#label>	"Ionenaustausch-Chromatographiesystem"@de	
<http://purl.obolibrary.org/obo/BFO_0000148>	<http://www.w3.org/2000/01/rdf-schema#label>	"zero-dimensional temporal region"@en	
<https://w3id.org/pmd/co/PMD_0000111>	<http://www.w3.org/2000/01/rdf-schema#label>	"superconducting"@en	
<https://w3id.org/pmd/co/PMD_0050078>	<http://www.w3.org/2000/01/rdf-schema#label>	"non-oxide composite"@en	
<http://purl.obolibrary.org/obo/CHEBI_28112>	<http://www.w3.org/2000/01/rdf-schema#label>	"nickel atom"	
<https://w3id.org/pmd/co/PMD_0020244>	<http://www.w3.org/2000/01/rdf-schema#label>	"flux"@en	
<https://w3id.org/pmd/co/PMD_0050137>	<http://www.w3.org/2000/01/rdf-schema#label>	"magnetic glass"@en	
<http://purl.obolibrary.org/obo/CHEBI_33364>	<http://www.w3.org/2000/01/rdf-schema#label>	"platinum"	
<https://w3id.org/pmd/co/PMD_0000525>	<http://www.w3.org/2000/01/rdf-schema#label>	"atomic force microscope"@en	
<https://w3id.org/pmd/co/PMD_0000525>	<http://www.w3.org/2000/01/rdf-schema#label>	"Atomkraftmikroskop"@de	
<https://w3id.org/pmd/co/PMD_0000925>	<http://www.w3.org/2000/01/rdf-schema#label>	"scratch testing machine"@en	
<https://w3id.org/pmd/co/PMD_0000925>	<http://www.w3.org/2000/01/rdf-schema#label>	"Kratzprüfmaschine"@de	
<https://w3id.org/pmd/co/PMD_0050130>	<http://www.w3.org/2000/01/rdf-schema#label>	"thermochromic glass"@en	
<http://purl.obolibrary.org/obo/CHEBI_33303>	<http://www.w3.org/2000/01/rdf-schema#label>	"chalcogen"	
<https://w3id.org/pmd/co/PMD_0000660>	<http://www.w3.org/2000/01/rdf-schema#label>	"generative deep learning"@en	
<https://w3id.org/pmd/co/PMD_0000660>	<http://www.w3.org/2000/01/rdf-schema#label>	"Generatives Deep Learning"@de	
<http://purl.obolibrary.org/obo/IAO_0000098>	<http://www.w3.org/2000/01/rdf-schema#label>	"data format specification"@en	
<https://w3id.org/pmd/co/PMD_0000885>	<http://www.w3.org/2000/01/rdf-schema#label>	"pole figure"@en	
<https://w3id.org/pmd/co/PMD_0010002>	<http://www.w3.org/2000/01/rdf-schema#label>	"cast iron"@en	
<https://w3id.org/pmd/co/PMD_0020204>	<http://www.w3.org/2000/01/rdf-schema#label>	"pore"@en	
<https://w3id.org/pmd/co/PMD_0020177>	<http://www.w3.org/2000/01/rdf-schema#label>	"bar"@en	
<https://w3id.org/pmd/co/PMD_0020068>	<http://www.w3.org/2000/01/rdf-schema#label>	"portion of zinc"@en	
<https://w3id.org/pmd/co/PMD_0020186>	<http://www.w3.org/2000/01/rdf-schema#label>	"aluminium alloy"@en	
<https://w3id.org/pmd/co/PMD_0050108>	<http://www.w3.org/2000/01/rdf-schema#label>	"aluminosilicate glass"@en	
<https://w3id.org/pmd/co/PMD_0000961>	<http://www.w3.org/2000/01/rdf-schema#label>	"sublimation point"@en	
<https://w3id.org/pmd/co/PMD_0000614>	<http://www.w3.org/2000/01/rdf-schema#label>	"dividing"@en	
<https://w3id.org/pmd/co/PMD_0000614>	<http://www.w3.org/2000/01/rdf-schema#label>	"Zerteilen"@de	
<https://w3id.org/pmd/co/PMD_0050020>	<http://www.w3.org/2000/01/rdf-schema#label>	"amorphous polyethylene terephthalate"@en	
<https://w3id.org/pmd/co/PMD_0000013>	<http://www.w3.org/2000/01/rdf-schema#label>	"parameter specification"@en	
<https://w3id.org/pmd/co/PMD_0050110>	<http://www.w3.org/2000/01/rdf-schema#label>	"potash lead glass"@en	
<https://w3id.org/pmd/co/PMD_0000858>	<http://www.w3.org/2000/01/rdf-schema#label>	"microtome"@en	
<https://w3id.org/pmd/co/PMD_0000858>	<http://www.w3.org/2000/01/rdf-schema#label>	"Mikrotom"@de	
<https://w3id.org/pmd/co/PMD_0020028>	<http://www.w3.org/2000/01/rdf-schema#label>	"portion of indium"@en	
<https://w3id.org/pmd/co/PMD_0090010>	<http://www.w3.org/2000/01/rdf-schema#label>	"aramid fiber composite"@en	
<https://w3id.org/pmd/co/PMD_0000917>	<http://www.w3.org/2000/01/rdf-schema#label>	"rheometer"@en	
<https://w3id.org/pmd/co/PMD_0000917>	<http://www.w3.org/2000/01/rdf-schema#label>	"Rheometer"@de	
<https://w3id.org/pmd/co/PMD_0050144>	<http://www.w3.org/2000/01/rdf-schema#label>	"silicate-based bioactive glass"@en	
<https://w3id.org/pmd/co/PMD_0000808>	<http://www.w3.org/2000/01/rdf-schema#label>	"joining by shaping"@en	
<https://w3id.org/pmd/co/PMD_0000808>	<http://www.w3.org/2000/01/rdf-schema#label>	"Fügen Durch Umformen"@de	
<https://w3id.org/pmd/co/PMD_0020157>	<http://www.w3.org/2000/01/rdf-schema#label>	"spinodal decomposition"@en	
<https://w3id.org/pmd/co/PMD_0000941>	<http://www.w3.org/2000/01/rdf-schema#label>	"spalling testing process"@en	
<https://w3id.org/pmd/co/PMD_0000941>	<http://www.w3.org/2000/01/rdf-schema#label>	"Abplatzprüfverfahren"@de	
<https://w3id.org/pmd/co/PMD_0020211>	<http://www.w3.org/2000/01/rdf-schema#label>	"allotropy of an elemental crystal"@en	
<https://w3id.org/pmd/co/PMD_0020193>	<http://www.w3.org/2000/01/rdf-schema#label>	"tensile testpiece"@en	
<http://purl.obolibrary.org/obo/OBI_0001933>	<http://www.w3.org/2000/01/rdf-schema#label>	"value specification"	
<http://purl.obolibrary.org/obo/OBI_0001933>	<http://www.w3.org/2000/01/rdf-schema#label>	"value specification"@en	
<https://w3id.org/pmd/co/PMD_0025002>	<http://www.w3.org/2000/01/rdf-schema#label>	"chemical composition data item"@en	
<https://nfdi.fiz-karlsruhe.de/ontology/NFDI_0000027>	<http://www.w3.org/2000/01/rdf-schema#label>	"file data item"@en	
<https://w3id.org/pmd/co/PMD_0000996>	<http://www.w3.org/2000/01/rdf-schema#label>	"triple point"@en	
<https://w3id.org/pmd/co/PMD_0020143>	<http://www.w3.org/2000/01/rdf-schema#label>	"process chain"@en	
<http://purl.obolibrary.org/obo/CHEBI_30145>	<http://www.w3.org/2000/01/rdf-schema#label>	"lithium atom"	
<https://w3id.org/pmd/co/PMD_0050082>	<http://www.w3.org/2000/01/rdf-schema#label>	"dielectric ceramic"@en	
<https://w3id.org/pmd/co/PMD_0090008>	<http://www.w3.org/2000/01/rdf-schema#label>	"glass fiber reinforced polymer"@en	
<https://w3id.org/pmd/co/PMD_0000933>	<http://www.w3.org/2000/01/rdf-schema#label>	"simulation process"@en	
<https://w3id.org/pmd/co/PMD_0000933>	<http://www.w3.org/2000/01/rdf-schema#label>	"Simulationsprozess"@de	
<http://purl.obolibrary.org/obo/CHEBI_26216>	<http://www.w3.org/2000/01/rdf-schema#label>	"potassium atom"	
<https://w3id.org/pmd/co/PMD_0000967>	<http://www.w3.org/2000/01/rdf-schema#label>	"temperature"@en	
<https://w3id.org/pmd/co/PMD_0050042>	<http://www.w3.org/2000/01/rdf-schema#label>	"clay-based ceramic"@en	
<https://w3id.org/pmd/co/PMD_0000572>	<http://www.w3.org/2000/01/rdf-schema#label>	"coating from the liquid state"@en	
<https://w3id.org/pmd/co/PMD_0000572>	<http://www.w3.org/2000/01/rdf-schema#label>	"Beschichten Aus Dem Flüssigen Zustand"@de	
<https://w3id.org/pmd/co/PMD_0050017>	<http://www.w3.org/2000/01/rdf-schema#label>	"general purpose polystyrene"@en	
<https://w3id.org/pmd/co/PMD_0050026>	<http://www.w3.org/2000/01/rdf-schema#label>	"phenolic resin"@en	
<https://w3id.org/pmd/co/PMD_0020089>	<http://www.w3.org/2000/01/rdf-schema#label>	"portion of hafnium"@en	
<https://w3id.org/pmd/co/PMD_0020246>	<http://www.w3.org/2000/01/rdf-schema#label>	"continous transport"@en	
<https://w3id.org/pmd/co/PMD_0000904>	<http://www.w3.org/2000/01/rdf-schema#label>	"primary shaping from the granular or powdered state"@en	
<https://w3id.org/pmd/co/PMD_0000904>	<http://www.w3.org/2000/01/rdf-schema#label>	"Urformen Aus Dem Körnerförmigen Oder Pulverförmigen Zustand"@de	
<https://w3id.org/pmd/co/PMD_0020039>	<http://www.w3.org/2000/01/rdf-schema#label>	"portion of cobalt"@en	
<https://w3id.org/pmd/co/PMD_0050157>	<http://www.w3.org/2000/01/rdf-schema#label>	"shape 3d"@en	
<https://w3id.org/pmd/co/PMD_0050157>	<http://www.w3.org/2000/01/rdf-schema#label>	"3D Geometrie"@de	
<http://purl.obolibrary.org/obo/CHEBI_49828>	<http://www.w3.org/2000/01/rdf-schema#label>	"praseodymium atom"	
<https://w3id.org/pmd/co/PMD_0001019>	<http://www.w3.org/2000/01/rdf-schema#label>	"x-ray spectroscopy"@en	
<https://w3id.org/pmd/co/PMD_0001019>	<http://www.w3.org/2000/01/rdf-schema#label>	"Röntgenspektroskopie"@de	
<http://purl.obolibrary.org/obo/CHEBI_33323>	<http://www.w3.org/2000/01/rdf-schema#label>	"francium atom"	
<https://w3id.org/pmd/co/PMD_0000829>	<http://www.w3.org/2000/01/rdf-schema#label>	"magneto electrical property analyzing process"@en	
<https://w3id.org/pmd/co/PMD_0000829>	<http://www.w3.org/2000/01/rdf-schema#label>	"Magnetische Elektrische Eigenschaften Analyseverfahren"@de	
<https://w3id.org/pmd/co/PMD_0050056>	<http://www.w3.org/2000/01/rdf-schema#label>	"alumina ceramic"@en	
<https://w3id.org/pmd/co/PMD_0020075>	<http://www.w3.org/2000/01/rdf-schema#label>	"portion of chlorine"@en	
<http://purl.obolibrary.org/obo/BFO_0000202>	<http://www.w3.org/2000/01/rdf-schema#label>	"temporal interval"@en	
<https://w3id.org/pmd/co/PMD_0000564>	<http://www.w3.org/2000/01/rdf-schema#label>	"coating application function"@en	
<https://w3id.org/pmd/co/PMD_0000564>	<http://www.w3.org/2000/01/rdf-schema#label>	"Beschichtungsanwendungsfunktion"@de	
<https://w3id.org/pmd/co/PMD_0025008>	<http://www.w3.org/2000/01/rdf-schema#label>	"transmission electron microscope"@en	
<https://w3id.org/pmd/co/PMD_0025008>	<http://www.w3.org/2000/01/rdf-schema#label>	"Transmissionselektronenmikroskop"@de	
<http://purl.obolibrary.org/obo/CHEBI_33342>	<http://www.w3.org/2000/01/rdf-schema#label>	"zirconium atom"	
<https://w3id.org/pmd/co/PMD_0000005>	<http://www.w3.org/2000/01/rdf-schema#label>	"material property"@en	
<https://w3id.org/pmd/co/PMD_0050128>	<http://www.w3.org/2000/01/rdf-schema#label>	"electrochromic glass"@en	
<https://w3id.org/pmd/co/PMD_0050033>	<http://www.w3.org/2000/01/rdf-schema#label>	"styrene-butadiene rubber"@en	
<https://w3id.org/pmd/co/PMD_0000634>	<http://www.w3.org/2000/01/rdf-schema#label>	"workflow executor role"@en	
<https://w3id.org/pmd/co/PMD_0000865>	<http://www.w3.org/2000/01/rdf-schema#label>	"multimodal deep learning"@en	
<https://w3id.org/pmd/co/PMD_0000865>	<http://www.w3.org/2000/01/rdf-schema#label>	"Multimodales Deep Learning"@de	
<https://w3id.org/pmd/co/PMD_0000776>	<http://www.w3.org/2000/01/rdf-schema#label>	"hardness testing process"@en	
<https://w3id.org/pmd/co/PMD_0000776>	<http://www.w3.org/2000/01/rdf-schema#label>	"Härteprüfverfahren"@de	
<https://w3id.org/pmd/co/PMD_0200000>	<http://www.w3.org/2000/01/rdf-schema#label>	"compression molding"@en	
<https://w3id.org/pmd/co/PMD_0200000>	<http://www.w3.org/2000/01/rdf-schema#label>	"Pressformen"@de	
<https://w3id.org/pmd/co/PMD_0010102>	<http://www.w3.org/2000/01/rdf-schema#label>	"organic semiconductor"@en	
<https://w3id.org/pmd/co/PMD_0020046>	<http://www.w3.org/2000/01/rdf-schema#label>	"portion of potassium"@en	
<https://w3id.org/pmd/co/PMD_0020164>	<http://www.w3.org/2000/01/rdf-schema#label>	"state of matter boundary"@en	
<https://w3id.org/pmd/co/PMD_0000891>	<http://www.w3.org/2000/01/rdf-schema#label>	"disconnected material entity aggregate"@en	
<https://w3id.org/pmd/co/PMD_0020055>	<http://www.w3.org/2000/01/rdf-schema#label>	"portion of bohrium"@en	
<https://w3id.org/pmd/co/PMD_0010023>	<http://www.w3.org/2000/01/rdf-schema#label>	"bioactive"	
<https://w3id.org/pmd/co/PMD_0000544>	<http://www.w3.org/2000/01/rdf-schema#label>	"caliper"@en	
<https://w3id.org/pmd/co/PMD_0000544>	<http://www.w3.org/2000/01/rdf-schema#label>	"Messschieber"@de	
<https://w3id.org/pmd/co/PMD_0000505>	<http://www.w3.org/2000/01/rdf-schema#label>	"acoustic absorption coefficient"@en	
<https://w3id.org/pmd/co/PMD_0050048>	<http://www.w3.org/2000/01/rdf-schema#label>	"kaolinite ceramic"@en	
<https://w3id.org/pmd/co/PMD_0000790>	<http://www.w3.org/2000/01/rdf-schema#label>	"refraction (optical)"@en	
<https://w3id.org/pmd/co/PMD_0001035>	<http://www.w3.org/2000/01/rdf-schema#label>	"angle"@en	
<https://w3id.org/pmd/co/PMD_0000836>	<http://www.w3.org/2000/01/rdf-schema#label>	"mass spectrometry"@en	
<https://w3id.org/pmd/co/PMD_0000836>	<http://www.w3.org/2000/01/rdf-schema#label>	"Massenspektroskopie"@de	
<https://w3id.org/pmd/co/PMD_0000578>	<http://www.w3.org/2000/01/rdf-schema#label>	"compounding"@en	
<https://w3id.org/pmd/co/PMD_0000578>	<http://www.w3.org/2000/01/rdf-schema#label>	"Zusammensetzen"@de	
<https://w3id.org/pmd/co/PMD_0000620>	<http://www.w3.org/2000/01/rdf-schema#label>	"electrical conductivity"@en	
<https://w3id.org/pmd/co/PMD_0000845>	<http://www.w3.org/2000/01/rdf-schema#label>	"matrix role"@en	
<http://purl.obolibrary.org/obo/BFO_0000006>	<http://www.w3.org/2000/01/rdf-schema#label>	"spatial region"@en	
<https://w3id.org/pmd/co/PMD_0020091>	<http://www.w3.org/2000/01/rdf-schema#label>	"portion of oxygen"@en	
<https://w3id.org/pmd/co/PMD_0020135>	<http://www.w3.org/2000/01/rdf-schema#label>	"stimulation target role"@en	
<https://w3id.org/pmd/co/PMD_0020137>	<http://www.w3.org/2000/01/rdf-schema#label>	"stable phase"@en	
<https://w3id.org/pmd/co/PMD_0000580>	<http://www.w3.org/2000/01/rdf-schema#label>	"compression testing machine"@en	
<https://w3id.org/pmd/co/PMD_0000580>	<http://www.w3.org/2000/01/rdf-schema#label>	"Druckprüfmaschine"@de	
<https://w3id.org/pmd/co/PMD_0000980>	<http://www.w3.org/2000/01/rdf-schema#label>	"thermal conductivity measuring function"@en	
<https://w3id.org/pmd/co/PMD_0000980>	<http://www.w3.org/2000/01/rdf-schema#label>	"Wärmeleitfähigkeitsmessfunktion"@de	
<http://purl.obolibrary.org/obo/CHEBI_24859>	<http://www.w3.org/2000/01/rdf-schema#label>	"iodine atom"	
<https://w3id.org/pmd/co/PMD_0020026>	<http://www.w3.org/2000/01/rdf-schema#label>	"portion of iron"@en	
<https://w3id.org/pmd/co/PMD_0060007>	<http://www.w3.org/2000/01/rdf-schema#label>	"material specification"@en	
<https://w3id.org/pmd/co/PMD_0020250>	<http://www.w3.org/2000/01/rdf-schema#label>	"alloy crystal"@en	
<https://w3id.org/pmd/co/PMD_0001006>	<http://www.w3.org/2000/01/rdf-schema#label>	"water purification system"@en	
<https://w3id.org/pmd/co/PMD_0001006>	<http://www.w3.org/2000/01/rdf-schema#label>	"Wasseraufbereitungssystem"@de	
<http://purl.obolibrary.org/obo/IAO_0000027>	<http://www.w3.org/2000/01/rdf-schema#label>	"data item"@en	
<https://w3id.org/pmd/co/PMD_0010015>	<http://www.w3.org/2000/01/rdf-schema#label>	"gold metal"@en	
<https://w3id.org/pmd/co/PMD_0000816>	<http://www.w3.org/2000/01/rdf-schema#label>	"laser spectroscopy"@en	
<https://w3id.org/pmd/co/PMD_0000816>	<http://www.w3.org/2000/01/rdf-schema#label>	"Laserspektroskopie"@de	
<https://w3id.org/pmd/co/PMD_0000822>	<http://www.w3.org/2000/01/rdf-schema#label>	"machining geometrically defined"@en	
<https://w3id.org/pmd/co/PMD_0000822>	<http://www.w3.org/2000/01/rdf-schema#label>	"Spanen Mit Geometrisch Bestimmten Schneiden"@de	
<https://w3id.org/pmd/co/PMD_0020171>	<http://www.w3.org/2000/01/rdf-schema#label>	"phase boundary (spatial)"@en	
<http://purl.obolibrary.org/obo/CHEBI_30687>	<http://www.w3.org/2000/01/rdf-schema#label>	"osmium atom"	
<http://purl.obolibrary.org/obo/CHEBI_74236>	<http://www.w3.org/2000/01/rdf-schema#label>	"polymerisation monomer"	
<http://purl.obolibrary.org/obo/CHEBI_27998>	<http://www.w3.org/2000/01/rdf-schema#label>	"tungsten"	
<https://w3id.org/pmd/co/PMD_0020062>	<http://www.w3.org/2000/01/rdf-schema#label>	"portion of bismuth"@en	
<https://w3id.org/pmd/co/PMD_0000551>	<http://www.w3.org/2000/01/rdf-schema#label>	"chemical composition"@en	
<https://w3id.org/pmd/co/PMD_0000782>	<http://www.w3.org/2000/01/rdf-schema#label>	"high-performance liquid chromatography process"@en	
<https://w3id.org/pmd/co/PMD_0000782>	<http://www.w3.org/2000/01/rdf-schema#label>	"Hochleistungsflüssigkeitschromatographie Verfahren"@de	
<http://purl.obolibrary.org/obo/CHEBI_25107>	<http://www.w3.org/2000/01/rdf-schema#label>	"magnesium atom"	
<https://w3id.org/pmd/co/PMD_0001042>	<http://www.w3.org/2000/01/rdf-schema#label>	"test piece preparation process"@en	
<http://purl.obolibrary.org/obo/CHEBI_194541>	<http://www.w3.org/2000/01/rdf-schema#label>	"oganesson atom"	
<https://w3id.org/pmd/co/PMD_0050060>	<http://www.w3.org/2000/01/rdf-schema#label>	"titania ceramic"@en	
<https://w3id.org/pmd/co/PMD_0025997>	<http://www.w3.org/2000/01/rdf-schema#label>	"fraction value specification"@en	
<https://w3id.org/pmd/co/PMD_0000852>	<http://www.w3.org/2000/01/rdf-schema#label>	"metal"@en	
<https://w3id.org/pmd/co/PMD_0020230>	<http://www.w3.org/2000/01/rdf-schema#label>	"solid solution"@en	
<http://purl.obolibrary.org/obo/CHEBI_49475>	<http://www.w3.org/2000/01/rdf-schema#label>	"argon atom"	
<https://w3id.org/pmd/co/PMD_0000911>	<http://www.w3.org/2000/01/rdf-schema#label>	"reflectivity"@en	
<http://purl.obolibrary.org/obo/CHEBI_17051>	<http://www.w3.org/2000/01/rdf-schema#label>	"fluoride"	
<http://purl.obolibrary.org/obo/CHEBI_33389>	<http://www.w3.org/2000/01/rdf-schema#label>	"americium atom"	
<https://w3id.org/pmd/co/PMD_0000802>	<http://www.w3.org/2000/01/rdf-schema#label>	"absorption of radiation"@en	
<https://w3id.org/pmd/co/PMD_0050149>	<http://www.w3.org/2000/01/rdf-schema#label>	"amorphous metal glass"@en	
<https://w3id.org/pmd/co/PMD_0000919>	<http://www.w3.org/2000/01/rdf-schema#label>	"sample role"@en	
<https://w3id.org/pmd/co/PMD_0000919>	<http://www.w3.org/2000/01/rdf-schema#label>	"Probe-Rolle"@de	
<http://purl.obolibrary.org/obo/IAO_0000310>	<http://www.w3.org/2000/01/rdf-schema#label>	"document"@en	
<https://w3id.org/pmd/co/PMD_0000054>	<http://www.w3.org/2000/01/rdf-schema#label>	"heating function"@en	
<https://w3id.org/pmd/co/PMD_0000054>	<http://www.w3.org/2000/01/rdf-schema#label>	"Heizfunktion"@de	
<https://w3id.org/pmd/co/PMD_0050004>	<http://www.w3.org/2000/01/rdf-schema#label>	"thermoplastic polymer"@en	
<https://w3id.org/pmd/co/PMD_0020192>	<http://www.w3.org/2000/01/rdf-schema#label>	"macrosection (metallography)"@en	
<http://purl.obolibrary.org/obo/BFO_0000146>	<http://www.w3.org/2000/01/rdf-schema#label>	"fiat surface"@en	
<https://w3id.org/pmd/co/PMD_0025015>	<http://www.w3.org/2000/01/rdf-schema#label>	"portion of lanthanum"@en	
<https://w3id.org/pmd/co/PMD_0050076>	<http://www.w3.org/2000/01/rdf-schema#label>	"alumina matrix composite"@en	
<https://w3id.org/pmd/co/PMD_0000631>	<http://www.w3.org/2000/01/rdf-schema#label>	"empirical potential molecular dynamics simulation"@en	
<https://w3id.org/pmd/co/PMD_0000631>	<http://www.w3.org/2000/01/rdf-schema#label>	"Empirische Potential MD Simulation"@de	
<http://purl.obolibrary.org/obo/CHEBI_33369>	<http://www.w3.org/2000/01/rdf-schema#label>	"cerium"	
<https://w3id.org/pmd/co/PMD_0020148>	<http://www.w3.org/2000/01/rdf-schema#label>	"extensive quality"@en	
<https://w3id.org/pmd/co/PMD_0010007>	<http://www.w3.org/2000/01/rdf-schema#label>	"non-ferrous metal"@en	
<http://purl.obolibrary.org/obo/BFO_0000182>	<http://www.w3.org/2000/01/rdf-schema#label>	"history"@en	
<http://purl.obolibrary.org/obo/CHEBI_33301>	<http://www.w3.org/2000/01/rdf-schema#label>	"bismuth atom"	
<https://w3id.org/pmd/co/PMD_0050095>	<http://www.w3.org/2000/01/rdf-schema#label>	"bioactive ceramic"@en	
<https://w3id.org/pmd/co/PMD_0000883>	<http://www.w3.org/2000/01/rdf-schema#label>	"photochemical process"@en	
<https://w3id.org/pmd/co/PMD_0000883>	<http://www.w3.org/2000/01/rdf-schema#label>	"Photochemische Verfahren"@de	
<https://w3id.org/pmd/co/PMD_0011034>	<http://www.w3.org/2000/01/rdf-schema#label>	"cermet"@en	
<https://w3id.org/pmd/co/PMD_0000068>	<http://www.w3.org/2000/01/rdf-schema#label>	"temporally qualified continuant"@en	
<https://w3id.org/pmd/co/PMD_0020184>	<http://www.w3.org/2000/01/rdf-schema#label>	"rolling mill"@en	
<https://w3id.org/pmd/co/PMD_0020184>	<http://www.w3.org/2000/01/rdf-schema#label>	"Walzwerk"@de	
<https://w3id.org/pmd/co/PMD_0050106>	<http://www.w3.org/2000/01/rdf-schema#label>	"borosilicate glass"@en	
<https://w3id.org/pmd/co/PMD_0050011>	<http://www.w3.org/2000/01/rdf-schema#label>	"syndiotactic polypropylene"@en	
<https://w3id.org/pmd/co/PMD_0000612>	<http://www.w3.org/2000/01/rdf-schema#label>	"disassembling"@en	
<https://w3id.org/pmd/co/PMD_0000612>	<http://www.w3.org/2000/01/rdf-schema#label>	"Zerlegen"@de	
<https://w3id.org/pmd/co/PMD_0020083>	<http://www.w3.org/2000/01/rdf-schema#label>	"portion of hydrogen"@en	
<https://w3id.org/pmd/co/PMD_0000011>	<http://www.w3.org/2000/01/rdf-schema#label>	"workflow node"@en	
<http://purl.obolibrary.org/obo/CHEBI_33376>	<http://www.w3.org/2000/01/rdf-schema#label>	"terbium atom"	
<https://w3id.org/pmd/co/PMD_0050142>	<http://www.w3.org/2000/01/rdf-schema#label>	"tellurite glass"@en	
<https://w3id.org/pmd/co/PMD_0000522>	<http://www.w3.org/2000/01/rdf-schema#label>	"mechanical process"@en	
<https://w3id.org/pmd/co/PMD_0020155>	<http://www.w3.org/2000/01/rdf-schema#label>	"interatomic interaction energy"@en	
<https://w3id.org/pmd/co/PMD_0050151>	<http://www.w3.org/2000/01/rdf-schema#label>	"magnesium-based metallic glass"@en	
<https://w3id.org/pmd/co/PMD_0000899>	<http://www.w3.org/2000/01/rdf-schema#label>	"Urformen"@de	
<https://w3id.org/pmd/co/PMD_0000899>	<http://www.w3.org/2000/01/rdf-schema#label>	"primary shaping"@en	
<http://purl.obolibrary.org/obo/BFO_0000024>	<http://www.w3.org/2000/01/rdf-schema#label>	"fiat object part"@en	
<https://w3id.org/pmd/co/PMD_0001013>	<http://www.w3.org/2000/01/rdf-schema#label>	"welding function"@en	
<https://w3id.org/pmd/co/PMD_0001013>	<http://www.w3.org/2000/01/rdf-schema#label>	"Schweißfunktion"@de	
<http://purl.obolibrary.org/obo/CHEBI_33336>	<http://www.w3.org/2000/01/rdf-schema#label>	"lanthanum atom"	
<https://w3id.org/pmd/co/PMD_0020198>	<http://www.w3.org/2000/01/rdf-schema#label>	"interstitial site"@en	
<https://w3id.org/pmd/co/PMD_0025007>	<http://www.w3.org/2000/01/rdf-schema#label>	"frequency"@en	
<http://purl.obolibrary.org/obo/CHEBI_23367>	<http://www.w3.org/2000/01/rdf-schema#label>	"molecular entity"	
<http://purl.obolibrary.org/obo/CHEBI_23367>	<http://www.w3.org/2000/01/rdf-schema#label>	"molecular entity"@en	
<https://w3id.org/pmd/co/PMD_0020115>	<http://www.w3.org/2000/01/rdf-schema#label>	"aerosol"@en	
<http://purl.obolibrary.org/obo/CHEBI_59999>	<http://www.w3.org/2000/01/rdf-schema#label>	"chemical substance"	
<http://purl.obolibrary.org/obo/CHEBI_59999>	<http://www.w3.org/2000/01/rdf-schema#label>	"chemical substance"@en	
<http://purl.obolibrary.org/obo/CHEBI_59999>	<http://www.w3.org/2000/01/rdf-schema#label>	"chemische Substanz"@de	
<https://w3id.org/pmd/co/PMD_0050032>	<http://www.w3.org/2000/01/rdf-schema#label>	"synthetic rubber"@en	
<https://w3id.org/pmd/co/PMD_0050122>	<http://www.w3.org/2000/01/rdf-schema#label>	"specialty glass"@en	
<https://w3id.org/pmd/co/PMD_0000988>	<http://www.w3.org/2000/01/rdf-schema#label>	"thermomechanical treatment"@en	
<https://w3id.org/pmd/co/PMD_0000988>	<http://www.w3.org/2000/01/rdf-schema#label>	"Thermomechanisches Behandeln"@de	
<https://w3id.org/pmd/co/PMD_0020141>	<http://www.w3.org/2000/01/rdf-schema#label>	"fatigue (reaction to repetitive loading)"@en	
<https://w3id.org/pmd/co/PMD_0000929>	<http://www.w3.org/2000/01/rdf-schema#label>	"shear testing process"@en	
<https://w3id.org/pmd/co/PMD_0000929>	<http://www.w3.org/2000/01/rdf-schema#label>	"Schubprüfverfahren"@de	
<https://w3id.org/pmd/co/PMD_0000647>	<http://www.w3.org/2000/01/rdf-schema#label>	"forming by bending"@en	
<https://w3id.org/pmd/co/PMD_0000647>	<http://www.w3.org/2000/01/rdf-schema#label>	"Biegeumformen"@de	
<http://purl.obolibrary.org/obo/IAO_0000007>	<http://www.w3.org/2000/01/rdf-schema#label>	"action specification"@en	
<https://w3id.org/pmd/co/PMD_0000538>	<http://www.w3.org/2000/01/rdf-schema#label>	"bulk"@en	
<https://w3id.org/pmd/co/PMD_0020040>	<http://www.w3.org/2000/01/rdf-schema#label>	"portion of gold"@en	
<https://w3id.org/pmd/co/PMD_0000931>	<http://www.w3.org/2000/01/rdf-schema#label>	"simulation method specification"@en	
<https://w3id.org/pmd/co/PMD_0020208>	<http://www.w3.org/2000/01/rdf-schema#label>	"slip direction"@en	
<https://w3id.org/pmd/co/PMD_0001020>	<http://www.w3.org/2000/01/rdf-schema#label>	"x-ray diffractometer"@en	
<https://w3id.org/pmd/co/PMD_0001020>	<http://www.w3.org/2000/01/rdf-schema#label>	"Röntgenbeugungsgerät"@de	
<https://w3id.org/pmd/co/PMD_0020129>	<http://www.w3.org/2000/01/rdf-schema#label>	"reversible process"@en	
<https://w3id.org/pmd/co/PMD_0000974>	<http://www.w3.org/2000/01/rdf-schema#label>	"tensile testing process"@en	
<https://w3id.org/pmd/co/PMD_0000974>	<http://www.w3.org/2000/01/rdf-schema#label>	"Zugprüfverfahren"@de	
<https://w3id.org/pmd/co/PMD_0000618>	<http://www.w3.org/2000/01/rdf-schema#label>	"elastic modulus"@en	
<http://purl.obolibrary.org/obo/CHEBI_33521>	<http://www.w3.org/2000/01/rdf-schema#label>	"metal atom"	
<https://w3id.org/pmd/co/PMD_0050024>	<http://www.w3.org/2000/01/rdf-schema#label>	"bisphenol a epoxy"@en	
<https://w3id.org/pmd/co/PMD_0050114>	<http://www.w3.org/2000/01/rdf-schema#label>	"phosphate glass"@en	
<https://w3id.org/pmd/co/PMD_0020238>	<http://www.w3.org/2000/01/rdf-schema#label>	"high angle grain boundary"@en	
<http://purl.obolibrary.org/obo/IAO_0000100>	<http://www.w3.org/2000/01/rdf-schema#label>	"data set"@en	
<https://w3id.org/pmd/co/PMD_0020032>	<http://www.w3.org/2000/01/rdf-schema#label>	"portion of tungsten"@en	
<https://w3id.org/pmd/co/PMD_0000945>	<http://www.w3.org/2000/01/rdf-schema#label>	"spectroscopy process"@en	
<https://w3id.org/pmd/co/PMD_0000945>	<http://www.w3.org/2000/01/rdf-schema#label>	"Spektroskopie Verfahren"@de	
<http://purl.obolibrary.org/obo/CHEBI_33397>	<http://www.w3.org/2000/01/rdf-schema#label>	"lawrencium atom"	
<https://w3id.org/pmd/co/PMD_0000550>	<http://www.w3.org/2000/01/rdf-schema#label>	"Stoffeigenschaft Ändern"@de	
<https://w3id.org/pmd/co/PMD_0000550>	<http://www.w3.org/2000/01/rdf-schema#label>	"changing properties of material"@en	
<http://purl.obolibrary.org/obo/CHEBI_25555>	<http://www.w3.org/2000/01/rdf-schema#label>	"nitrogen atom"	
<https://w3id.org/pmd/co/PMD_0000604>	<http://www.w3.org/2000/01/rdf-schema#label>	"dielectric constant"@en	
<https://w3id.org/pmd/co/PMD_0020102>	<http://www.w3.org/2000/01/rdf-schema#label>	"mass proportion"@en	
<https://w3id.org/pmd/co/PMD_0000569>	<http://www.w3.org/2000/01/rdf-schema#label>	"coating from the gaseous or vapour state"@en	
<https://w3id.org/pmd/co/PMD_0000569>	<http://www.w3.org/2000/01/rdf-schema#label>	"Beschichten Aus Dem Gasförmigen Oder Dampfförmigen Zustand"@de	
<https://w3id.org/pmd/co/PMD_0050054>	<http://www.w3.org/2000/01/rdf-schema#label>	"technical ceramic"@en	
<https://w3id.org/pmd/co/PMD_0020067>	<http://www.w3.org/2000/01/rdf-schema#label>	"portion of magnesium"@en	
<https://w3id.org/pmd/co/PMD_0020224>	<http://www.w3.org/2000/01/rdf-schema#label>	"vacancy (crystal)"@en	
<https://w3id.org/pmd/co/PMD_0050038>	<http://www.w3.org/2000/01/rdf-schema#label>	"polyhydroxyalkanoates"@en	
<https://w3id.org/pmd/co/PMD_0000639>	<http://www.w3.org/2000/01/rdf-schema#label>	"ferrous metal"@en	
<https://w3id.org/pmd/co/PMD_0090004>	<http://www.w3.org/2000/01/rdf-schema#label>	"aluminum matrix composite"@en	
<https://w3id.org/pmd/co/PMD_0000774>	<http://www.w3.org/2000/01/rdf-schema#label>	"hardness tester"@en	
<https://w3id.org/pmd/co/PMD_0000774>	<http://www.w3.org/2000/01/rdf-schema#label>	"Härteprüfgerät"@de	
<http://purl.obolibrary.org/obo/BFO_0000018>	<http://www.w3.org/2000/01/rdf-schema#label>	"zero-dimensional spatial region"@en	
<https://w3id.org/pmd/co/PMD_0020162>	<http://www.w3.org/2000/01/rdf-schema#label>	"activation energy"@en	
<https://w3id.org/pmd/co/PMD_0010099>	<http://www.w3.org/2000/01/rdf-schema#label>	"biomedical material"@en	
<https://w3id.org/pmd/co/PMD_0010021>	<http://www.w3.org/2000/01/rdf-schema#label>	"portion of tellurium"@en	
<http://purl.obolibrary.org/obo/BFO_0000031>	<http://www.w3.org/2000/01/rdf-schema#label>	"generically dependent continuant"@en	
<https://w3id.org/pmd/co/PMD_0020053>	<http://www.w3.org/2000/01/rdf-schema#label>	"portion of zirconium"@en	
<http://purl.obolibrary.org/obo/CHEBI_137980>	<http://www.w3.org/2000/01/rdf-schema#label>	"metalloid atom"	
<https://w3id.org/pmd/co/PMD_0000542>	<http://www.w3.org/2000/01/rdf-schema#label>	"cnc welding machine"@en	
<https://w3id.org/pmd/co/PMD_0000542>	<http://www.w3.org/2000/01/rdf-schema#label>	"CNC-Schweißmaschine"@de	
<http://purl.obolibrary.org/obo/CHEBI_32145>	<http://www.w3.org/2000/01/rdf-schema#label>	"sodium hydroxide"	
<https://w3id.org/pmd/co/PMD_0000503>	<http://www.w3.org/2000/01/rdf-schema#label>	"ASTM grainsize"@en	
<https://w3id.org/pmd/co/PMD_0050046>	<http://www.w3.org/2000/01/rdf-schema#label>	"aluminosilicate ceramic"@en	
<http://purl.obolibrary.org/obo/BFO_0000140>	<http://www.w3.org/2000/01/rdf-schema#label>	"continuant fiat boundary"@en	
<https://w3id.org/pmd/co/PMD_0000576>	<http://www.w3.org/2000/01/rdf-schema#label>	"colorimeter"@en	
<https://w3id.org/pmd/co/PMD_0000576>	<http://www.w3.org/2000/01/rdf-schema#label>	"Farbmessgerät"@de	
<https://w3id.org/pmd/co/PMD_0001998>	<http://www.w3.org/2000/01/rdf-schema#label>	"cutting device"@en	
<https://w3id.org/pmd/co/PMD_0000585>	<http://www.w3.org/2000/01/rdf-schema#label>	"continuous simulation"@en	
<https://w3id.org/pmd/co/PMD_0000122>	<http://www.w3.org/2000/01/rdf-schema#label>	"laminate ply role"@en	
<https://w3id.org/pmd/co/PMD_0050089>	<http://www.w3.org/2000/01/rdf-schema#label>	"yttrium barium copper oxide ceramic"@en	
<https://w3id.org/pmd/co/PMD_0020133>	<http://www.w3.org/2000/01/rdf-schema#label>	"mass"@en	
<https://w3id.org/pmd/co/PMD_0020024>	<http://www.w3.org/2000/01/rdf-schema#label>	"hydrogen bond"@en	
<http://purl.obolibrary.org/obo/BFO_0000002>	<http://www.w3.org/2000/01/rdf-schema#label>	"continuant"@en	
<https://w3id.org/pmd/co/PMD_0000877>	<http://www.w3.org/2000/01/rdf-schema#label>	"optical property"@en	
<http://purl.obolibrary.org/obo/NCBITaxon_9606>	<http://www.w3.org/2000/01/rdf-schema#label>	"homo sapiens"	
<http://purl.obolibrary.org/obo/NCBITaxon_9606>	<http://www.w3.org/2000/01/rdf-schema#label>	"Homo sapiens"	
<https://w3id.org/pmd/co/PMD_0001004>	<http://www.w3.org/2000/01/rdf-schema#label>	"viscometer"@en	
<https://w3id.org/pmd/co/PMD_0001004>	<http://www.w3.org/2000/01/rdf-schema#label>	"Viskosimeter"@de	
<https://w3id.org/pmd/co/PMD_0020176>	<http://www.w3.org/2000/01/rdf-schema#label>	"plate"@en	
<https://w3id.org/pmd/co/PMD_0000665>	<http://www.w3.org/2000/01/rdf-schema#label>	"gravimetric analyzer"@en	
<https://w3id.org/pmd/co/PMD_0000665>	<http://www.w3.org/2000/01/rdf-schema#label>	"Gravimetrischer Analysator"@de	
<https://w3id.org/pmd/co/PMD_0010013>	<http://www.w3.org/2000/01/rdf-schema#label>	"hardenable"	
<https://w3id.org/pmd/co/PMD_0000556>	<http://www.w3.org/2000/01/rdf-schema#label>	"chromatography process"@en	
<https://w3id.org/pmd/co/PMD_0000556>	<http://www.w3.org/2000/01/rdf-schema#label>	"Chromatographieverfahren"@de	
<http://purl.obolibrary.org/obo/CHEBI_31344>	<http://www.w3.org/2000/01/rdf-schema#label>	"calcium oxide"	
<https://w3id.org/pmd/co/PMD_0020060>	<http://www.w3.org/2000/01/rdf-schema#label>	"portion of lead"@en	
<https://w3id.org/pmd/co/PMD_0001047>	<http://www.w3.org/2000/01/rdf-schema#label>	"diagonal"@en	
<https://w3id.org/pmd/co/PMD_0000966>	<http://www.w3.org/2000/01/rdf-schema#label>	"surface profilometer"@en	
<https://w3id.org/pmd/co/PMD_0000966>	<http://www.w3.org/2000/01/rdf-schema#label>	"Oberflächenprofilometer"@de	
<http://purl.obolibrary.org/obo/UO_1000076>	<http://www.w3.org/2000/01/rdf-schema#label>	"mole fraction based unit"	
<https://w3id.org/pmd/co/PMD_0000857>	<http://www.w3.org/2000/01/rdf-schema#label>	"microstructure"@en	
<https://w3id.org/pmd/co/PMD_0050062>	<http://www.w3.org/2000/01/rdf-schema#label>	"non-oxide ceramic"@en	
<https://w3id.org/pmd/co/PMD_0025021>	<http://www.w3.org/2000/01/rdf-schema#label>	"stamping press"@en	
<https://w3id.org/pmd/co/PMD_0025021>	<http://www.w3.org/2000/01/rdf-schema#label>	"Stanzmachine"@de	
<http://purl.obolibrary.org/obo/OBI_0000260>	<http://www.w3.org/2000/01/rdf-schema#label>	"plan"@en	
<https://w3id.org/pmd/co/PMD_0020149>	<http://www.w3.org/2000/01/rdf-schema#label>	"metastable phase"@en	
<https://w3id.org/pmd/co/PMD_0000592>	<http://www.w3.org/2000/01/rdf-schema#label>	"cut function"@en	
<https://w3id.org/pmd/co/PMD_0000592>	<http://www.w3.org/2000/01/rdf-schema#label>	"Trennen Funktion"@de	
<https://w3id.org/pmd/co/PMD_0000992>	<http://www.w3.org/2000/01/rdf-schema#label>	"time series"@en	
<https://w3id.org/pmd/co/PMD_0200004>	<http://www.w3.org/2000/01/rdf-schema#label>	"strangpressen (extrudieren)"@de	
<https://w3id.org/pmd/co/PMD_0200004>	<http://www.w3.org/2000/01/rdf-schema#label>	"extrusion"@en	
<https://w3id.org/pmd/co/PMD_0090017>	<http://www.w3.org/2000/01/rdf-schema#label>	"engineered biopolymer"@en	
<https://w3id.org/pmd/co/PMD_0000651>	<http://www.w3.org/2000/01/rdf-schema#label>	"forming under shearing conditions"@en	
<https://w3id.org/pmd/co/PMD_0000651>	<http://www.w3.org/2000/01/rdf-schema#label>	"Schubumformen"@de	
<http://purl.obolibrary.org/obo/IAO_0000005>	<http://www.w3.org/2000/01/rdf-schema#label>	"objective specification"@en	
<https://w3id.org/pmd/co/PMD_0000800>	<http://www.w3.org/2000/01/rdf-schema#label>	"ion spectroscopy"@en	
<https://w3id.org/pmd/co/PMD_0000800>	<http://www.w3.org/2000/01/rdf-schema#label>	"Ionenspektroskopie"@de	
<https://w3id.org/pmd/co/PMD_0020168>	<http://www.w3.org/2000/01/rdf-schema#label>	"magnetic boundary"@en	
<https://w3id.org/pmd/co/PMD_0010027>	<http://www.w3.org/2000/01/rdf-schema#label>	"inorganic composition"@en	
<http://purl.obolibrary.org/obo/CHEBI_32999>	<http://www.w3.org/2000/01/rdf-schema#label>	"europium atom"	
<https://w3id.org/pmd/co/PMD_0020059>	<http://www.w3.org/2000/01/rdf-schema#label>	"portion of sulfur"@en	
<https://w3id.org/pmd/co/PMD_0000952>	<http://www.w3.org/2000/01/rdf-schema#label>	"strength"@en	
<https://w3id.org/pmd/co/PMD_0000509>	<http://www.w3.org/2000/01/rdf-schema#label>	"adhesion testing process"@en	
<https://w3id.org/pmd/co/PMD_0000509>	<http://www.w3.org/2000/01/rdf-schema#label>	"Adhäsionsprüfverfahren"@de	
<https://w3id.org/pmd/co/PMD_0090051>	<http://www.w3.org/2000/01/rdf-schema#label>	"unsaturated polyester resins"@en	
<https://w3id.org/pmd/co/PMD_0050002>	<http://www.w3.org/2000/01/rdf-schema#label>	"metallic bond"@en	
<https://w3id.org/pmd/co/PMD_0000794>	<http://www.w3.org/2000/01/rdf-schema#label>	"injection molding machine"@en	
<https://w3id.org/pmd/co/PMD_0000794>	<http://www.w3.org/2000/01/rdf-schema#label>	"Spritzgießmaschine"@de	
<https://w3id.org/pmd/co/PMD_0001039>	<http://www.w3.org/2000/01/rdf-schema#label>	"calibration process"@en	
<https://w3id.org/pmd/co/PMD_0000114>	<http://www.w3.org/2000/01/rdf-schema#label>	"clay"@en	
<https://w3id.org/pmd/co/PMD_0020216>	<http://www.w3.org/2000/01/rdf-schema#label>	"order scale value"@en	
<http://purl.obolibrary.org/obo/CHEBI_24433>	<http://www.w3.org/2000/01/rdf-schema#label>	"group"	
<http://purl.obolibrary.org/obo/CHEBI_24433>	<http://www.w3.org/2000/01/rdf-schema#label>	"Gruppe [chebi]"@de	
<http://purl.obolibrary.org/obo/CHEBI_24433>	<http://www.w3.org/2000/01/rdf-schema#label>	"group"@en	
<https://w3id.org/pmd/co/PMD_0000849>	<http://www.w3.org/2000/01/rdf-schema#label>	"mechanical property analyzing process"@en	
<https://w3id.org/pmd/co/PMD_0000849>	<http://www.w3.org/2000/01/rdf-schema#label>	"Mechanische Eigenschaften Analyseverfahren"@de	
<http://purl.obolibrary.org/obo/CHEBI_33367>	<http://www.w3.org/2000/01/rdf-schema#label>	"darmstadtium"	
<https://w3id.org/pmd/co/PMD_0000923>	<http://www.w3.org/2000/01/rdf-schema#label>	"pair of scissors"@en	
<https://w3id.org/pmd/co/PMD_0000923>	<http://www.w3.org/2000/01/rdf-schema#label>	"Schere"@de	
<http://purl.obolibrary.org/obo/BFO_0000015>	<http://www.w3.org/2000/01/rdf-schema#label>	"process"@en	
<http://purl.obolibrary.org/obo/IAO_0000009>	<http://www.w3.org/2000/01/rdf-schema#label>	"datum label"@en	
<https://w3id.org/pmd/co/PMD_0020202>	<http://www.w3.org/2000/01/rdf-schema#label>	"crack"@en	
<http://purl.obolibrary.org/obo/CHEBI_30440>	<http://www.w3.org/2000/01/rdf-schema#label>	"thallium atom"	
<https://w3id.org/pmd/co/PMD_0000066>	<http://www.w3.org/2000/01/rdf-schema#label>	"input assignment"@en	
<https://w3id.org/pmd/co/PMD_0050016>	<http://www.w3.org/2000/01/rdf-schema#label>	"polystyrene"@en	
<https://w3id.org/pmd/co/PMD_0050113>	<http://www.w3.org/2000/01/rdf-schema#label>	"non-silicate glass"@en	
<http://purl.obolibrary.org/obo/CHEBI_33348>	<http://www.w3.org/2000/01/rdf-schema#label>	"tantalum atom"	
<https://w3id.org/pmd/co/PMD_0020081>	<http://www.w3.org/2000/01/rdf-schema#label>	"portion of calcium"@en	
<https://w3id.org/pmd/co/PMD_0000861>	<http://www.w3.org/2000/01/rdf-schema#label>	"Mohs hardness"@en	
<https://w3id.org/pmd/co/PMD_0000806>	<http://www.w3.org/2000/01/rdf-schema#label>	"joining"@en	
<https://w3id.org/pmd/co/PMD_0000806>	<http://www.w3.org/2000/01/rdf-schema#label>	"Fügen"@de	
<https://w3id.org/pmd/co/PMD_0020031>	<http://www.w3.org/2000/01/rdf-schema#label>	"portion of germanium"@en	
<https://w3id.org/pmd/co/PMD_0000520>	<http://www.w3.org/2000/01/rdf-schema#label>	"heat flow"@en	
<https://w3id.org/pmd/co/PMD_0001011>	<http://www.w3.org/2000/01/rdf-schema#label>	"welding device"@en	
<https://w3id.org/pmd/co/PMD_0001011>	<http://www.w3.org/2000/01/rdf-schema#label>	"Schweißgerät"@de	
<https://w3id.org/pmd/co/PMD_0000821>	<http://www.w3.org/2000/01/rdf-schema#label>	"machine learning"@en	
<https://w3id.org/pmd/co/PMD_0000821>	<http://www.w3.org/2000/01/rdf-schema#label>	"Maschinelles Lernen"@de	
<http://purl.obolibrary.org/obo/OBI_0000571>	<http://www.w3.org/2000/01/rdf-schema#label>	"manufacturer role"	
<http://purl.obolibrary.org/obo/OBI_0000571>	<http://www.w3.org/2000/01/rdf-schema#label>	"manufacturer role"@en	
<https://w3id.org/pmd/co/PMD_0050008>	<http://www.w3.org/2000/01/rdf-schema#label>	"linear low-density polyethylene"@en	
<https://w3id.org/pmd/co/PMD_0020196>	<http://www.w3.org/2000/01/rdf-schema#label>	"recrystallization"@en	
<http://purl.obolibrary.org/obo/CHEBI_28073>	<http://www.w3.org/2000/01/rdf-schema#label>	"chromium atom"	
<http://purl.obolibrary.org/obo/UO_0000000>	<http://www.w3.org/2000/01/rdf-schema#label>	"unit"	
<https://w3id.org/pmd/co/PMD_0020002>	<http://www.w3.org/2000/01/rdf-schema#label>	"precipitate role"@en	
<https://w3id.org/pmd/co/PMD_0020229>	<http://www.w3.org/2000/01/rdf-schema#label>	"solution"@en	
<https://w3id.org/pmd/co/PMD_0050120>	<http://www.w3.org/2000/01/rdf-schema#label>	"crown glass"@en	
<https://w3id.org/pmd/co/PMD_0000986>	<http://www.w3.org/2000/01/rdf-schema#label>	"thermogravimetric analysis process"@en	
<https://w3id.org/pmd/co/PMD_0000986>	<http://www.w3.org/2000/01/rdf-schema#label>	"Thermogravimetrische Analyse-Verfahren"@de	
<https://w3id.org/pmd/co/PMD_0050139>	<http://www.w3.org/2000/01/rdf-schema#label>	"cobalt-borosilicate glass"@en	
<https://w3id.org/pmd/co/PMD_0050080>	<http://www.w3.org/2000/01/rdf-schema#label>	"carbon-silicon carbide composite"@en	
<https://w3id.org/pmd/co/PMD_0000645>	<http://www.w3.org/2000/01/rdf-schema#label>	"formation of notch or scratch"@en	
<https://w3id.org/pmd/co/PMD_0000534>	<http://www.w3.org/2000/01/rdf-schema#label>	"blank role"@en	
<https://w3id.org/pmd/co/PMD_0000534>	<http://www.w3.org/2000/01/rdf-schema#label>	"Rohling-Rolle"@de	
<https://w3id.org/pmd/co/PMD_0000536>	<http://www.w3.org/2000/01/rdf-schema#label>	"Brinell 2.5 62.5 ISO 6506"@en	
<https://w3id.org/pmd/co/PMD_0000936>	<http://www.w3.org/2000/01/rdf-schema#label>	"slide"@en	
<https://w3id.org/pmd/co/PMD_0000936>	<http://www.w3.org/2000/01/rdf-schema#label>	"Schlitten"@de	
<http://purl.obolibrary.org/obo/OBI_0000070>	<http://www.w3.org/2000/01/rdf-schema#label>	"assay"@en	
<http://purl.obolibrary.org/obo/CHEBI_33314>	<http://www.w3.org/2000/01/rdf-schema#label>	"radon atom"	
<https://w3id.org/pmd/co/PMD_0000896>	<http://www.w3.org/2000/01/rdf-schema#label>	"pressure"@en	
<http://purl.obolibrary.org/obo/IAO_0000444>	<http://www.w3.org/2000/01/rdf-schema#label>	"publishing process"@en	
<https://w3id.org/pmd/co/PMD_0050040>	<http://www.w3.org/2000/01/rdf-schema#label>	"natural ceramic"@en	
<https://w3id.org/pmd/co/PMD_0050119>	<http://www.w3.org/2000/01/rdf-schema#label>	"fused silica glass"@en	
<https://w3id.org/pmd/co/PMD_0000570>	<http://www.w3.org/2000/01/rdf-schema#label>	"coating from the granular or powdery state"@en	
<https://w3id.org/pmd/co/PMD_0000570>	<http://www.w3.org/2000/01/rdf-schema#label>	"Beschichten Aus Dem Körnigen Oder Pulverförmigen Zustand"@de	
<https://w3id.org/pmd/co/PMD_0000616>	<http://www.w3.org/2000/01/rdf-schema#label>	"dynamic mechanical analysis process"@en	
<https://w3id.org/pmd/co/PMD_0000616>	<http://www.w3.org/2000/01/rdf-schema#label>	"Dynamisch-mechanische Analyse-Verfahren"@de	
<https://w3id.org/pmd/co/PMD_0000972>	<http://www.w3.org/2000/01/rdf-schema#label>	"temporal property"@en	
<https://w3id.org/pmd/co/PMD_0000907>	<http://www.w3.org/2000/01/rdf-schema#label>	"primary shaping from the plastic state"@en	
<https://w3id.org/pmd/co/PMD_0000907>	<http://www.w3.org/2000/01/rdf-schema#label>	"Urformen Aus Dem Plastischen Zustand"@de	
<https://w3id.org/pmd/co/PMD_0000625>	<http://www.w3.org/2000/01/rdf-schema#label>	"electron microscopy"@en	
<https://w3id.org/pmd/co/PMD_0000625>	<http://www.w3.org/2000/01/rdf-schema#label>	"Elektronenmikroskopie"@de	
<https://w3id.org/pmd/co/PMD_0020087>	<http://www.w3.org/2000/01/rdf-schema#label>	"portion of bromine"@en	
<https://w3id.org/pmd/co/PMD_0020236>	<http://www.w3.org/2000/01/rdf-schema#label>	"mixed dislocation"@en	
<http://purl.obolibrary.org/obo/CHEBI_27698>	<http://www.w3.org/2000/01/rdf-schema#label>	"vanadium atom"	
<https://w3id.org/pmd/co/PMD_0000659>	<http://www.w3.org/2000/01/rdf-schema#label>	"gel permeation chromatography system"@en	
<https://w3id.org/pmd/co/PMD_0000659>	<http://www.w3.org/2000/01/rdf-schema#label>	"Gelpermeations-Chromatographiesystem"@de	
<https://w3id.org/pmd/co/PMD_0020037>	<http://www.w3.org/2000/01/rdf-schema#label>	"portion of lithium"@en	
<https://w3id.org/pmd/co/PMD_0050155>	<http://www.w3.org/2000/01/rdf-schema#label>	"shape"@en	
<https://w3id.org/pmd/co/PMD_0050155>	<http://www.w3.org/2000/01/rdf-schema#label>	"Form"@de	
<https://w3id.org/pmd/co/PMD_0001017>	<http://www.w3.org/2000/01/rdf-schema#label>	"x-ray mapping"@en	
<https://w3id.org/pmd/co/PMD_0001017>	<http://www.w3.org/2000/01/rdf-schema#label>	"Röntgen-Mapping"@de	
<http://purl.obolibrary.org/obo/CHEBI_27363>	<http://www.w3.org/2000/01/rdf-schema#label>	"zinc atom"	
<http://purl.obolibrary.org/obo/CHEBI_27363>	<http://www.w3.org/2000/01/rdf-schema#label>	"zinc"@en	
<http://purl.obolibrary.org/obo/CHEBI_33395>	<http://www.w3.org/2000/01/rdf-schema#label>	"mendelevium atom"	
<https://w3id.org/pmd/co/PMD_0000827>	<http://www.w3.org/2000/01/rdf-schema#label>	"magnetizing device"@en	
<https://w3id.org/pmd/co/PMD_0000827>	<http://www.w3.org/2000/01/rdf-schema#label>	"Magnetisierungsgerät"@de	
<https://w3id.org/pmd/co/PMD_0020073>	<http://www.w3.org/2000/01/rdf-schema#label>	"portion of iodine"@en	
<https://w3id.org/pmd/co/PMD_0020220>	<http://www.w3.org/2000/01/rdf-schema#label>	"order scale"@en	
<https://w3id.org/pmd/co/PMD_0020222>	<http://www.w3.org/2000/01/rdf-schema#label>	"inter-diffusion in crystalline solid"@en	
<https://w3id.org/pmd/co/PMD_0050036>	<http://www.w3.org/2000/01/rdf-schema#label>	"biodegradable polymers"@en	
<https://w3id.org/pmd/co/PMD_0050126>	<http://www.w3.org/2000/01/rdf-schema#label>	"toughened (tempered) glass"@en	
<https://w3id.org/pmd/co/PMD_0090002>	<http://www.w3.org/2000/01/rdf-schema#label>	"band gap"@en	
<https://w3id.org/pmd/co/PMD_0000597>	<http://www.w3.org/2000/01/rdf-schema#label>	"density"@en	
<https://w3id.org/pmd/co/PMD_0010100>	<http://www.w3.org/2000/01/rdf-schema#label>	"elemental semiconductor"@en	
<http://purl.obolibrary.org/obo/CHEBI_33381>	<http://www.w3.org/2000/01/rdf-schema#label>	"ytterbium"	
<https://w3id.org/pmd/co/PMD_0020044>	<http://www.w3.org/2000/01/rdf-schema#label>	"portion of tantalum"@en	
<https://w3id.org/pmd/co/PMD_0050141>	<http://www.w3.org/2000/01/rdf-schema#label>	"chalcogenide glass"@en	
<https://w3id.org/pmd/co/PMD_0090019>	<http://www.w3.org/2000/01/rdf-schema#label>	"bio-based chemical"@en	
<https://w3id.org/pmd/co/PMD_0000834>	<http://www.w3.org/2000/01/rdf-schema#label>	"map"@en	
<https://w3id.org/pmd/co/PMD_0000799>	<http://www.w3.org/2000/01/rdf-schema#label>	"ion spectrometer"@en	
<https://w3id.org/pmd/co/PMD_0000799>	<http://www.w3.org/2000/01/rdf-schema#label>	"Ionen-Spektrometer"@de	
<https://w3id.org/pmd/co/PMD_0000583>	<http://www.w3.org/2000/01/rdf-schema#label>	"computing process"@en	
<https://w3id.org/pmd/co/PMD_0000583>	<http://www.w3.org/2000/01/rdf-schema#label>	"Rechenprozess"@de	
<https://w3id.org/pmd/co/PMD_0000583>	<http://www.w3.org/2000/01/rdf-schema#label>	"Datenverarbeitung"@de	
<https://w3id.org/pmd/co/PMD_0000120>	<http://www.w3.org/2000/01/rdf-schema#label>	"metal matrix composite"@en	
<http://purl.obolibrary.org/obo/CHEBI_33361>	<http://www.w3.org/2000/01/rdf-schema#label>	"meitnerium atom"	
<https://w3id.org/pmd/co/PMD_0020140>	<http://www.w3.org/2000/01/rdf-schema#label>	"portion of pure chemical element"@en	
<https://w3id.org/pmd/co/PMD_0001009>	<http://www.w3.org/2000/01/rdf-schema#label>	"wear testing machine"@en	
<https://w3id.org/pmd/co/PMD_0001009>	<http://www.w3.org/2000/01/rdf-schema#label>	"Verschleißprüfmaschine"@de	
<https://w3id.org/pmd/co/PMD_0000528>	<http://www.w3.org/2000/01/rdf-schema#label>	"bandsaw"@en	
<https://w3id.org/pmd/co/PMD_0000528>	<http://www.w3.org/2000/01/rdf-schema#label>	"Bandsäge"@de	
<https://w3id.org/pmd/co/PMD_0010018>	<http://www.w3.org/2000/01/rdf-schema#label>	"palladium metal"@en	
<https://w3id.org/pmd/co/PMD_0020174>	<http://www.w3.org/2000/01/rdf-schema#label>	"foil"@en	
<http://purl.obolibrary.org/obo/CHEBI_30563>	<http://www.w3.org/2000/01/rdf-schema#label>	"silicon dioxide"	
<https://w3id.org/pmd/co/PMD_0000663>	<http://www.w3.org/2000/01/rdf-schema#label>	"kristallit"@de	
<https://w3id.org/pmd/co/PMD_0000663>	<http://www.w3.org/2000/01/rdf-schema#label>	"crystallite"@en	
<https://w3id.org/pmd/co/PMD_0000554>	<http://www.w3.org/2000/01/rdf-schema#label>	"chemical property analyzing process"@en	
<https://w3id.org/pmd/co/PMD_0000554>	<http://www.w3.org/2000/01/rdf-schema#label>	"Chemische Eigenschaften Analyseverfahren"@de	
<https://w3id.org/pmd/co/PMD_0000785>	<http://www.w3.org/2000/01/rdf-schema#label>	"high temperature gas chromatography system"@en	
<https://w3id.org/pmd/co/PMD_0000785>	<http://www.w3.org/2000/01/rdf-schema#label>	"Hochtemperatur-Gaschromatographiesystem"@de	
<http://purl.obolibrary.org/obo/CHEBI_30513>	<http://www.w3.org/2000/01/rdf-schema#label>	"antimony atom"	
<https://w3id.org/pmd/co/PMD_0050058>	<http://www.w3.org/2000/01/rdf-schema#label>	"yttria-stabilized zirconia ceramic"@en	
<http://purl.obolibrary.org/obo/CHEBI_30187>	<http://www.w3.org/2000/01/rdf-schema#label>	"aluminium oxide"	
<https://w3id.org/pmd/co/PMD_0000100>	<http://www.w3.org/2000/01/rdf-schema#label>	"function name"@en	
<https://w3id.org/pmd/co/PMD_0050067>	<http://www.w3.org/2000/01/rdf-schema#label>	"nitride ceramic"@en	
<https://w3id.org/pmd/co/PMD_0000964>	<http://www.w3.org/2000/01/rdf-schema#label>	"supervised machine learning"@en	
<https://w3id.org/pmd/co/PMD_0000964>	<http://www.w3.org/2000/01/rdf-schema#label>	"supervised machine learning"@de	
<https://w3id.org/pmd/co/PMD_0000855>	<http://www.w3.org/2000/01/rdf-schema#label>	"microscope"@en	
<https://w3id.org/pmd/co/PMD_0000855>	<http://www.w3.org/2000/01/rdf-schema#label>	"Mikroskop"@de	
<https://w3id.org/pmd/co/PMD_0020233>	<http://www.w3.org/2000/01/rdf-schema#label>	"dislocation"@en	
<https://w3id.org/pmd/co/PMD_0000007>	<http://www.w3.org/2000/01/rdf-schema#label>	"vector field specification"@en	
<https://w3id.org/pmd/co/PMD_0000914>	<http://www.w3.org/2000/01/rdf-schema#label>	"removing"@en	
<https://w3id.org/pmd/co/PMD_0000914>	<http://www.w3.org/2000/01/rdf-schema#label>	"Abtragen"@de	
<https://w3id.org/pmd/co/PMD_0000016>	<http://www.w3.org/2000/01/rdf-schema#label>	"workflow run"@en	
<https://w3id.org/pmd/co/PMD_0000990>	<http://www.w3.org/2000/01/rdf-schema#label>	"thin layer chromatography system"@en	
<https://w3id.org/pmd/co/PMD_0000990>	<http://www.w3.org/2000/01/rdf-schema#label>	"Dünnschichtchromatographiesystem"@de	
<https://w3id.org/pmd/co/PMD_0200002>	<http://www.w3.org/2000/01/rdf-schema#label>	"Spritzgießen"@de	
<https://w3id.org/pmd/co/PMD_0200002>	<http://www.w3.org/2000/01/rdf-schema#label>	"injection molding"@en	
<http://purl.obolibrary.org/obo/CHEBI_33387>	<http://www.w3.org/2000/01/rdf-schema#label>	"neptunium atom"	
<http://purl.obolibrary.org/obo/IAO_0000003>	<http://www.w3.org/2000/01/rdf-schema#label>	"measurement unit label"@en	
<https://w3id.org/pmd/co/PMD_0050147>	<http://www.w3.org/2000/01/rdf-schema#label>	"phosphate-based bioactive glass"@en	
<https://w3id.org/pmd/co/PMD_0020166>	<http://www.w3.org/2000/01/rdf-schema#label>	"heat (metallurgy)"@en	
<http://purl.obolibrary.org/obo/IAO_0000300>	<http://www.w3.org/2000/01/rdf-schema#label>	"textual entity"@en	
<https://w3id.org/pmd/co/PMD_0010025>	<http://www.w3.org/2000/01/rdf-schema#label>	"bioresorbable"@en	
<http://purl.obolibrary.org/obo/BFO_0000035>	<http://www.w3.org/2000/01/rdf-schema#label>	"process boundary"@en	
<https://w3id.org/pmd/co/PMD_0020057>	<http://www.w3.org/2000/01/rdf-schema#label>	"portion of platinum"@en	
<https://w3id.org/pmd/co/PMD_0000950>	<http://www.w3.org/2000/01/rdf-schema#label>	"stimulating process"@en	
<https://w3id.org/pmd/co/PMD_0000507>	<http://www.w3.org/2000/01/rdf-schema#label>	"acoustical property analyzing process"@en	
<https://w3id.org/pmd/co/PMD_0000507>	<http://www.w3.org/2000/01/rdf-schema#label>	"Akustische Eigenschaften Analyseverfahren"@de	
<https://w3id.org/pmd/co/PMD_0010034>	<http://www.w3.org/2000/01/rdf-schema#label>	"curing"@en	
<https://w3id.org/pmd/co/PMD_0020190>	<http://www.w3.org/2000/01/rdf-schema#label>	"metallographic section (surface)"@en	
<https://w3id.org/pmd/co/PMD_0000603>	<http://www.w3.org/2000/01/rdf-schema#label>	"device role"@en	
<https://w3id.org/pmd/co/PMD_0000603>	<http://www.w3.org/2000/01/rdf-schema#label>	"Rolle eines Gerätes"@de	
<http://purl.obolibrary.org/obo/OBI_0001930>	<http://www.w3.org/2000/01/rdf-schema#label>	"categorical value specification"	
<http://purl.obolibrary.org/obo/OBI_0001930>	<http://www.w3.org/2000/01/rdf-schema#label>	"categorical value specification"@en	
<https://w3id.org/pmd/co/PMD_0020214>	<http://www.w3.org/2000/01/rdf-schema#label>	"diffraction"@en	
<https://w3id.org/pmd/co/PMD_0025018>	<http://www.w3.org/2000/01/rdf-schema#label>	"geometric relational quality"@en	
<http://purl.obolibrary.org/obo/CHEBI_29362>	<http://www.w3.org/2000/01/rdf-schema#label>	"ethylene group"	
<https://w3id.org/pmd/co/PMD_0000847>	<http://www.w3.org/2000/01/rdf-schema#label>	"measuring function"@en	
<https://w3id.org/pmd/co/PMD_0000847>	<http://www.w3.org/2000/01/rdf-schema#label>	"Messfunktion"@de	
<https://w3id.org/pmd/co/PMD_0000589>	<http://www.w3.org/2000/01/rdf-schema#label>	"creep testing process"@en	
<https://w3id.org/pmd/co/PMD_0000589>	<http://www.w3.org/2000/01/rdf-schema#label>	"Kriechprüfverfahren"@de	
<https://w3id.org/pmd/co/PMD_0050074>	<http://www.w3.org/2000/01/rdf-schema#label>	"ceramic matrix composite"@en	
<https://w3id.org/pmd/co/PMD_0020240>	<http://www.w3.org/2000/01/rdf-schema#label>	"twin boundary"@en	
<https://w3id.org/pmd/co/PMD_0050133>	<http://www.w3.org/2000/01/rdf-schema#label>	"functional glass"@en	
<https://w3id.org/pmd/co/PMD_0000768>	<http://www.w3.org/2000/01/rdf-schema#label>	"half-life"@en	
<https://w3id.org/pmd/co/PMD_0020146>	<http://www.w3.org/2000/01/rdf-schema#label>	"catalyst"@en	
<https://w3id.org/pmd/co/PMD_0060009>	<http://www.w3.org/2000/01/rdf-schema#label>	"specification datum"@en	
<http://purl.obolibrary.org/obo/CHEBI_27573>	<http://www.w3.org/2000/01/rdf-schema#label>	"silicon atom"	
<https://w3id.org/pmd/co/PMD_0010005>	<http://www.w3.org/2000/01/rdf-schema#label>	"alloy steel"@en	
<https://w3id.org/pmd/co/PMD_0000818>	<http://www.w3.org/2000/01/rdf-schema#label>	"lathe"@en	
<https://w3id.org/pmd/co/PMD_0000818>	<http://www.w3.org/2000/01/rdf-schema#label>	"Drehmaschine"@de	
<https://w3id.org/pmd/co/PMD_0020200>	<http://www.w3.org/2000/01/rdf-schema#label>	"force"@en	
<https://w3id.org/pmd/co/PMD_0020182>	<http://www.w3.org/2000/01/rdf-schema#label>	"profile (semi finished product)"@en	
<https://w3id.org/pmd/co/PMD_0050014>	<http://www.w3.org/2000/01/rdf-schema#label>	"rigid polyvinyl chloride"@en	
<https://w3id.org/pmd/co/PMD_0000610>	<http://www.w3.org/2000/01/rdf-schema#label>	"dimension measuring function"@en	
<https://w3id.org/pmd/co/PMD_0000610>	<http://www.w3.org/2000/01/rdf-schema#label>	"Dimensionierungsfunktion"@de	
<http://purl.obolibrary.org/obo/CHEBI_49696>	<http://www.w3.org/2000/01/rdf-schema#label>	"krypton atom"	
<http://purl.obolibrary.org/obo/CHEBI_194537>	<http://www.w3.org/2000/01/rdf-schema#label>	"livermorium atom"	
<https://w3id.org/pmd/co/PMD_0000901>	<http://www.w3.org/2000/01/rdf-schema#label>	"primary shaping by welding"@en	
<https://w3id.org/pmd/co/PMD_0000901>	<http://www.w3.org/2000/01/rdf-schema#label>	"Urformen Durch Schweissen"@de	
<https://w3id.org/pmd/co/PMD_0050071>	<http://www.w3.org/2000/01/rdf-schema#label>	"boride ceramic"@en	
<https://w3id.org/pmd/co/PMD_0020249>	<http://www.w3.org/2000/01/rdf-schema#label>	"ceramic crystal"@en	
<https://w3id.org/pmd/co/PMD_0020153>	<http://www.w3.org/2000/01/rdf-schema#label>	"technical system"@en	
<http://purl.obolibrary.org/obo/CHEBI_30452>	<http://www.w3.org/2000/01/rdf-schema#label>	"tellurium atom"	
<https://w3id.org/pmd/co/PMD_0000956>	<http://www.w3.org/2000/01/rdf-schema#label>	"structural optimization simulation"@en	
<https://w3id.org/pmd/co/PMD_0000956>	<http://www.w3.org/2000/01/rdf-schema#label>	"Strukturoptimierungssimulation"@de	
<https://w3id.org/pmd/co/PMD_0050006>	<http://www.w3.org/2000/01/rdf-schema#label>	"low-density polyethylene"@en	
<https://w3id.org/pmd/co/PMD_0000561>	<http://www.w3.org/2000/01/rdf-schema#label>	"cleaning device"@en	
<https://w3id.org/pmd/co/PMD_0000561>	<http://www.w3.org/2000/01/rdf-schema#label>	"Reinigungsgerät"@de	
<https://w3id.org/pmd/co/PMD_0025005>	<http://www.w3.org/2000/01/rdf-schema#label>	"3D"@en	
<https://w3id.org/pmd/co/PMD_0000118>	<http://www.w3.org/2000/01/rdf-schema#label>	"laminated composite"@en	
<https://w3id.org/pmd/co/PMD_0020113>	<http://www.w3.org/2000/01/rdf-schema#label>	"fluid (object)"@en	
<https://w3id.org/pmd/co/PMD_0020078>	<http://www.w3.org/2000/01/rdf-schema#label>	"portion of manganese"@en	
<https://w3id.org/pmd/co/PMD_0020004>	<http://www.w3.org/2000/01/rdf-schema#label>	"composition data item"@en	
<https://w3id.org/pmd/co/PMD_0050030>	<http://www.w3.org/2000/01/rdf-schema#label>	"elastomer"@en	
<https://w3id.org/pmd/co/PMD_0000927>	<http://www.w3.org/2000/01/rdf-schema#label>	"separating"@en	
<https://w3id.org/pmd/co/PMD_0000927>	<http://www.w3.org/2000/01/rdf-schema#label>	"Trennen"@de	
<http://purl.obolibrary.org/obo/CHEBI_27007>	<http://www.w3.org/2000/01/rdf-schema#label>	"tin atom"	
<https://w3id.org/pmd/co/PMD_0000532>	<http://www.w3.org/2000/01/rdf-schema#label>	"biological property analyzing process"@en	
<https://w3id.org/pmd/co/PMD_0000532>	<http://www.w3.org/2000/01/rdf-schema#label>	"Biologische Eigenschaften Analyseverfahren"@de	
<http://purl.obolibrary.org/obo/CHEBI_33310>	<http://www.w3.org/2000/01/rdf-schema#label>	"neon atom"	
<http://purl.obolibrary.org/obo/BFO_0000029>	<http://www.w3.org/2000/01/rdf-schema#label>	"site"@en	
<https://w3id.org/pmd/co/PMD_0020049>	<http://www.w3.org/2000/01/rdf-schema#label>	"portion of helium"@en	
<https://w3id.org/pmd/co/PMD_0020206>	<http://www.w3.org/2000/01/rdf-schema#label>	"unit cell (3D crystal)"@en	
<https://w3id.org/pmd/co/PMD_0001023>	<http://www.w3.org/2000/01/rdf-schema#label>	"x-ray mapping device"@en	
<https://w3id.org/pmd/co/PMD_0001023>	<http://www.w3.org/2000/01/rdf-schema#label>	"Röntgenkartierungsgerät"@de	
<https://w3id.org/pmd/co/PMD_0000894>	<http://www.w3.org/2000/01/rdf-schema#label>	"precision lathe"@en	
<https://w3id.org/pmd/co/PMD_0000894>	<http://www.w3.org/2000/01/rdf-schema#label>	"Präzisionsdrehmaschine"@de	
<https://w3id.org/pmd/co/PMD_0000833>	<http://www.w3.org/2000/01/rdf-schema#label>	"Herstellungsprozess"@de	
<https://w3id.org/pmd/co/PMD_0000833>	<http://www.w3.org/2000/01/rdf-schema#label>	"manufacturing process"@en	
<https://w3id.org/pmd/co/PMD_0050022>	<http://www.w3.org/2000/01/rdf-schema#label>	"thermosetting polymer"@en	
<https://w3id.org/pmd/co/PMD_0000623>	<http://www.w3.org/2000/01/rdf-schema#label>	"electron beam welding machine"@en	
<https://w3id.org/pmd/co/PMD_0000623>	<http://www.w3.org/2000/01/rdf-schema#label>	"Elektronenstrahlschweißmaschine"@de	
<https://w3id.org/pmd/co/PMD_0020085>	<http://www.w3.org/2000/01/rdf-schema#label>	"portion of iridium"@en	
<http://purl.obolibrary.org/obo/UO_0000164>	<http://www.w3.org/2000/01/rdf-schema#label>	"mass volume percentage"	
<https://w3id.org/pmd/co/PMD_0020094>	<http://www.w3.org/2000/01/rdf-schema#label>	"portion of scandium"@en	
<https://w3id.org/pmd/co/PMD_0000657>	<http://www.w3.org/2000/01/rdf-schema#label>	"gas chromatography system"@en	
<https://w3id.org/pmd/co/PMD_0000657>	<http://www.w3.org/2000/01/rdf-schema#label>	"Gaschromatographiesystem"@de	
<http://purl.obolibrary.org/obo/OBI_0000067>	<http://www.w3.org/2000/01/rdf-schema#label>	"evaluant role"@en	
<http://purl.obolibrary.org/obo/BFO_0000009>	<http://www.w3.org/2000/01/rdf-schema#label>	"two-dimensional spatial region"@en	
<https://w3id.org/pmd/co/PMD_0020035>	<http://www.w3.org/2000/01/rdf-schema#label>	"portion of niobium"@en	
<https://w3id.org/pmd/co/PMD_0010012>	<http://www.w3.org/2000/01/rdf-schema#label>	"zinc alloy"@en	
<https://w3id.org/pmd/co/PMD_0010112>	<http://www.w3.org/2000/01/rdf-schema#label>	"medical application role"@en	
<https://w3id.org/pmd/co/PMD_0001015>	<http://www.w3.org/2000/01/rdf-schema#label>	"Röntgen-Computertomographie"@de	
<https://w3id.org/pmd/co/PMD_0001015>	<http://www.w3.org/2000/01/rdf-schema#label>	"x-ray computed tomography"@en	
<https://w3id.org/pmd/co/PMD_0020105>	<http://www.w3.org/2000/01/rdf-schema#label>	"geogenic mineral"@en	
<https://w3id.org/pmd/co/PMD_0000825>	<http://www.w3.org/2000/01/rdf-schema#label>	"magnetic property"@en	
<https://w3id.org/pmd/co/PMD_0000567>	<http://www.w3.org/2000/01/rdf-schema#label>	"coating device"@en	
<https://w3id.org/pmd/co/PMD_0000567>	<http://www.w3.org/2000/01/rdf-schema#label>	"Beschichtungsgerät"@de	
<https://w3id.org/pmd/co/PMD_0050052>	<http://www.w3.org/2000/01/rdf-schema#label>	"leucite-based glass-ceramic"@en	
<https://w3id.org/pmd/co/PMD_0020065>	<http://www.w3.org/2000/01/rdf-schema#label>	"portion of selenium"@en	
<https://w3id.org/pmd/co/PMD_0090007>	<http://www.w3.org/2000/01/rdf-schema#label>	"copper matrix composite"@en	
<https://w3id.org/pmd/co/PMD_0000637>	<http://www.w3.org/2000/01/rdf-schema#label>	"fatigue testing machine"@en	
<https://w3id.org/pmd/co/PMD_0000637>	<http://www.w3.org/2000/01/rdf-schema#label>	"Materialermüdungsprüfmaschine"@de	
<https://w3id.org/pmd/co/PMD_0000001>	<http://www.w3.org/2000/01/rdf-schema#label>	"portion of matter"@en	
<https://w3id.org/pmd/co/PMD_0000868>	<http://www.w3.org/2000/01/rdf-schema#label>	"natural organic material"@en	
<https://w3id.org/pmd/co/PMD_0000772>	<http://www.w3.org/2000/01/rdf-schema#label>	"hardening by forming"@en	
<https://w3id.org/pmd/co/PMD_0000772>	<http://www.w3.org/2000/01/rdf-schema#label>	"Verfestigen Durch Umformen"@de	
<http://purl.obolibrary.org/obo/CHEBI_49631>	<http://www.w3.org/2000/01/rdf-schema#label>	"gallium atom"	
<http://purl.obolibrary.org/obo/CHEBI_33373>	<http://www.w3.org/2000/01/rdf-schema#label>	"promethium atom"	
<https://w3id.org/pmd/co/PMD_0000805>	<http://www.w3.org/2000/01/rdf-schema#label>	"irradiation function"@en	
<https://w3id.org/pmd/co/PMD_0000805>	<http://www.w3.org/2000/01/rdf-schema#label>	"Irradiationsfunktion"@de	
<https://w3id.org/pmd/co/PMD_0020160>	<http://www.w3.org/2000/01/rdf-schema#label>	"microconstituent (phase mixture)"@en	
<https://w3id.org/pmd/co/PMD_0020051>	<http://www.w3.org/2000/01/rdf-schema#label>	"portion of nickel"@en	
<https://w3id.org/pmd/co/PMD_0000540>	<http://www.w3.org/2000/01/rdf-schema#label>	"burning"@en	
<https://w3id.org/pmd/co/PMD_0000540>	<http://www.w3.org/2000/01/rdf-schema#label>	"Brennen"@de	
<https://w3id.org/pmd/co/PMD_0000501>	<http://www.w3.org/2000/01/rdf-schema#label>	"1D"@en	
<http://purl.obolibrary.org/obo/OBI_0000011>	<http://www.w3.org/2000/01/rdf-schema#label>	"obsolete planned process"	
<http://purl.obolibrary.org/obo/OBI_0000011>	<http://www.w3.org/2000/01/rdf-schema#label>	"planned process"@en	
<https://w3id.org/pmd/co/PMD_0000125>	<http://www.w3.org/2000/01/rdf-schema#label>	"sandwich core role"@en	
<https://w3id.org/pmd/co/PMD_0000125>	<http://www.w3.org/2000/01/rdf-schema#label>	"sandwich core"@en	
<https://w3id.org/pmd/co/PMD_0000629>	<http://www.w3.org/2000/01/rdf-schema#label>	"emission of radiation"@en	
<https://w3id.org/pmd/co/PMD_0020131>	<http://www.w3.org/2000/01/rdf-schema#label>	"intensive quality"@en	
<https://w3id.org/pmd/co/PMD_0050079>	<http://www.w3.org/2000/01/rdf-schema#label>	"silicon carbide matrix composite"@en	
<https://w3id.org/pmd/co/PMD_0000875>	<http://www.w3.org/2000/01/rdf-schema#label>	"optical microscopy"@en	
<https://w3id.org/pmd/co/PMD_0000875>	<http://www.w3.org/2000/01/rdf-schema#label>	"Optische Mikroskopie"@de	
<https://w3id.org/pmd/co/PMD_0020022>	<http://www.w3.org/2000/01/rdf-schema#label>	"corrosion"@en	
<http://purl.obolibrary.org/obo/IAO_0000591>	<http://www.w3.org/2000/01/rdf-schema#label>	"software method"@en	
<https://w3id.org/pmd/co/PMD_0000812>	<http://www.w3.org/2000/01/rdf-schema#label>	"joining function"@en	
<https://w3id.org/pmd/co/PMD_0000812>	<http://www.w3.org/2000/01/rdf-schema#label>	"Verbindungsfunktion"@de	
<http://purl.obolibrary.org/obo/CHEBI_33330>	<http://www.w3.org/2000/01/rdf-schema#label>	"scandium atom"	
<https://w3id.org/pmd/co/PMD_0050065>	<http://www.w3.org/2000/01/rdf-schema#label>	"tungsten carbide ceramic"@en	
<https://w3id.org/pmd/co/PMD_0050109>	<http://www.w3.org/2000/01/rdf-schema#label>	"lead glass"@en	
<https://w3id.org/pmd/co/PMD_0000014>	<http://www.w3.org/2000/01/rdf-schema#label>	"input specification"@en	
<https://w3id.org/pmd/co/PMD_0020152>	<http://www.w3.org/2000/01/rdf-schema#label>	"component"@en	
<http://purl.obolibrary.org/obo/CHEBI_49637>	<http://www.w3.org/2000/01/rdf-schema#label>	"hydrogen atom"	
<https://w3id.org/pmd/co/PMD_0090015>	<http://www.w3.org/2000/01/rdf-schema#label>	"biogenic mineral"@en	
<https://w3id.org/pmd/co/PMD_0000641>	<http://www.w3.org/2000/01/rdf-schema#label>	"filling"@en	
<https://w3id.org/pmd/co/PMD_0000641>	<http://www.w3.org/2000/01/rdf-schema#label>	"Füllen"@de	
<http://purl.obolibrary.org/obo/CHEBI_33379>	<http://www.w3.org/2000/01/rdf-schema#label>	"erbium"	
<https://w3id.org/pmd/co/PMD_0050145>	<http://www.w3.org/2000/01/rdf-schema#label>	"45S5 bioglass"@en	
<https://w3id.org/pmd/co/PMD_0000057>	<http://www.w3.org/2000/01/rdf-schema#label>	"melting function"@en	
<https://w3id.org/pmd/co/PMD_0000057>	<http://www.w3.org/2000/01/rdf-schema#label>	"Schmelzfunktion"@de	
<http://purl.obolibrary.org/obo/BFO_0000027>	<http://www.w3.org/2000/01/rdf-schema#label>	"object aggregate"@en	
<https://w3id.org/pmd/co/PMD_0000942>	<http://www.w3.org/2000/01/rdf-schema#label>	"specific surface area"@en	
<https://w3id.org/pmd/co/PMD_0000601>	<http://www.w3.org/2000/01/rdf-schema#label>	"deterministic simulation"@en	
<https://w3id.org/pmd/co/PMD_0050000>	<http://www.w3.org/2000/01/rdf-schema#label>	"bond"@en	
<https://w3id.org/pmd/co/PMD_0000112>	<http://www.w3.org/2000/01/rdf-schema#label>	"dielectric disposition"	
<http://purl.obolibrary.org/obo/BFO_0000142>	<http://www.w3.org/2000/01/rdf-schema#label>	"fiat line"@en	
<https://w3id.org/pmd/co/PMD_0000587>	<http://www.w3.org/2000/01/rdf-schema#label>	"crack growth"@en	
<http://purl.obolibrary.org/obo/CHEBI_25805>	<http://www.w3.org/2000/01/rdf-schema#label>	"oxygen atom"	
<https://w3id.org/pmd/co/PMD_0050125>	<http://www.w3.org/2000/01/rdf-schema#label>	"aluminosilicate gorilla glass"@en	
<https://w3id.org/pmd/co/PMD_0050131>	<http://www.w3.org/2000/01/rdf-schema#label>	"lithium disilicate glass-ceramic"@en	
<https://w3id.org/pmd/co/PMD_0020144>	<http://www.w3.org/2000/01/rdf-schema#label>	"product (chemical reaction)"@en	
<https://w3id.org/pmd/co/PMD_0000997>	<http://www.w3.org/2000/01/rdf-schema#label>	"ultrasonic cleaner"@en	
<https://w3id.org/pmd/co/PMD_0000997>	<http://www.w3.org/2000/01/rdf-schema#label>	"Ultraschallreiniger"@de	
<https://w3id.org/pmd/co/PMD_0000888>	<http://www.w3.org/2000/01/rdf-schema#label>	"polymer"@en	
<https://w3id.org/pmd/co/PMD_0010003>	<http://www.w3.org/2000/01/rdf-schema#label>	"stainless steel"@en	
<https://w3id.org/pmd/co/PMD_0050091>	<http://www.w3.org/2000/01/rdf-schema#label>	"bioceramic"@en	
<https://w3id.org/pmd/co/PMD_0020178>	<http://www.w3.org/2000/01/rdf-schema#label>	"rod"@en	
<https://w3id.org/pmd/co/PMD_0020043>	<http://www.w3.org/2000/01/rdf-schema#label>	"portion of barium"@en	
<https://w3id.org/pmd/co/PMD_0020187>	<http://www.w3.org/2000/01/rdf-schema#label>	"copper alloy"@en	
<https://w3id.org/pmd/co/PMD_0000615>	<http://www.w3.org/2000/01/rdf-schema#label>	"drilling machine"@en	
<https://w3id.org/pmd/co/PMD_0000615>	<http://www.w3.org/2000/01/rdf-schema#label>	"Bohrmaschine"@de	
<https://w3id.org/pmd/co/PMD_0000104>	<http://www.w3.org/2000/01/rdf-schema#label>	"ion-exchange hardening"@en	
<https://w3id.org/pmd/co/PMD_0050102>	<http://www.w3.org/2000/01/rdf-schema#label>	"soda-lime glass"@en	
<https://w3id.org/pmd/co/PMD_0000968>	<http://www.w3.org/2000/01/rdf-schema#label>	"temperature change device"@en	
<https://w3id.org/pmd/co/PMD_0000968>	<http://www.w3.org/2000/01/rdf-schema#label>	"Temperaturänderungswerkzeug"@de	
<https://w3id.org/pmd/co/PMD_0050111>	<http://www.w3.org/2000/01/rdf-schema#label>	"barium glass"@en	
<https://w3id.org/pmd/co/PMD_0000859>	<http://www.w3.org/2000/01/rdf-schema#label>	"milling machine"@en	
<https://w3id.org/pmd/co/PMD_0000859>	<http://www.w3.org/2000/01/rdf-schema#label>	"Fräsmaschine"@de	
<https://w3id.org/pmd/co/PMD_0000977>	<http://www.w3.org/2000/01/rdf-schema#label>	"textile joining"@en	
<https://w3id.org/pmd/co/PMD_0000977>	<http://www.w3.org/2000/01/rdf-schema#label>	"Textiles Fügen"@de	
<http://purl.obolibrary.org/obo/CHEBI_81045>	<http://www.w3.org/2000/01/rdf-schema#label>	"lead oxide"	
<http://purl.obolibrary.org/obo/CHEBI_194535>	<http://www.w3.org/2000/01/rdf-schema#label>	"moscovium atom"	
<https://w3id.org/pmd/co/PMD_0000918>	<http://www.w3.org/2000/01/rdf-schema#label>	"rheometry"@en	
<https://w3id.org/pmd/co/PMD_0000918>	<http://www.w3.org/2000/01/rdf-schema#label>	"Rheometry"@de	
<https://w3id.org/pmd/co/PMD_0020247>	<http://www.w3.org/2000/01/rdf-schema#label>	"dispersion"@en	
<https://w3id.org/pmd/co/PMD_0020158>	<http://www.w3.org/2000/01/rdf-schema#label>	"parent phase role"@en	
<https://w3id.org/pmd/co/PMD_0000779>	<http://www.w3.org/2000/01/rdf-schema#label>	"Wärmebehandlung"@de	
<https://w3id.org/pmd/co/PMD_0000779>	<http://www.w3.org/2000/01/rdf-schema#label>	"heat treatment"@en	
<https://w3id.org/pmd/co/PMD_0020194>	<http://www.w3.org/2000/01/rdf-schema#label>	"diffusion"@en	
<https://w3id.org/pmd/co/PMD_0000607>	<http://www.w3.org/2000/01/rdf-schema#label>	"differential thermal analysis process"@en	
<https://w3id.org/pmd/co/PMD_0000607>	<http://www.w3.org/2000/01/rdf-schema#label>	"Differenzthermoanalyse-Verfahren"@de	
<https://w3id.org/pmd/co/PMD_0025003>	<http://www.w3.org/2000/01/rdf-schema#label>	"metallic grain structure"@en	
<https://w3id.org/pmd/co/PMD_0090053>	<http://www.w3.org/2000/01/rdf-schema#label>	"polychloropren"@en	
<http://purl.obolibrary.org/obo/COB_0000082>	<http://www.w3.org/2000/01/rdf-schema#label>	"planned process"@en	
<https://w3id.org/pmd/co/PMD_0020000>	<http://www.w3.org/2000/01/rdf-schema#label>	"phase (thermodynamic)"@en	
<https://w3id.org/pmd/co/PMD_0020227>	<http://www.w3.org/2000/01/rdf-schema#label>	"solute role"@en	
<https://w3id.org/pmd/co/PMD_0000984>	<http://www.w3.org/2000/01/rdf-schema#label>	"thermocycler"@en	
<https://w3id.org/pmd/co/PMD_0000984>	<http://www.w3.org/2000/01/rdf-schema#label>	"Thermocycler"@de	
<https://w3id.org/pmd/co/PMD_0050083>	<http://www.w3.org/2000/01/rdf-schema#label>	"barium titanate ceramic"@en	
<https://w3id.org/pmd/co/PMD_0090009>	<http://www.w3.org/2000/01/rdf-schema#label>	"carbon fiber reinforced polymer"@en	
<http://purl.obolibrary.org/obo/CHEBI_30430>	<http://www.w3.org/2000/01/rdf-schema#label>	"indium atom"	
<http://purl.obolibrary.org/obo/GO_0008150>	<http://www.w3.org/2000/01/rdf-schema#label>	"biological_process"	
<http://purl.obolibrary.org/obo/GO_0008150>	<http://www.w3.org/2000/01/rdf-schema#label>	"biological process"@en	
<https://w3id.org/pmd/co/PMD_0000934>	<http://www.w3.org/2000/01/rdf-schema#label>	"sintering"@en	
<https://w3id.org/pmd/co/PMD_0000934>	<http://www.w3.org/2000/01/rdf-schema#label>	"Sintern"@de	
<https://w3id.org/pmd/co/PMD_0200001>	<http://www.w3.org/2000/01/rdf-schema#label>	"biodegradability"@en	
<https://w3id.org/pmd/co/PMD_0200001>	<http://www.w3.org/2000/01/rdf-schema#label>	"Biologische Abbaubarkeit"@de	
<http://purl.obolibrary.org/obo/CHEBI_33386>	<http://www.w3.org/2000/01/rdf-schema#label>	"protactinium atom"	
<https://w3id.org/pmd/co/PMD_0050043>	<http://www.w3.org/2000/01/rdf-schema#label>	"earthenware"@en	
<https://w3id.org/pmd/co/PMD_0010024>	<http://www.w3.org/2000/01/rdf-schema#label>	"bioinert"@en	
<https://w3id.org/pmd/co/PMD_0050018>	<http://www.w3.org/2000/01/rdf-schema#label>	"high impact polystyrene"@en	
<https://w3id.org/pmd/co/PMD_0000506>	<http://www.w3.org/2000/01/rdf-schema#label>	"acoustic property"@en	
<https://w3id.org/pmd/co/PMD_0050027>	<http://www.w3.org/2000/01/rdf-schema#label>	"phenol-formaldehyde resin"@en	
<https://w3id.org/pmd/co/PMD_0000791>	<http://www.w3.org/2000/01/rdf-schema#label>	"induction furnace"@en	
<https://w3id.org/pmd/co/PMD_0000791>	<http://www.w3.org/2000/01/rdf-schema#label>	"Induktionsofen"@de	
<https://w3id.org/pmd/co/PMD_0000579>	<http://www.w3.org/2000/01/rdf-schema#label>	"compounding machine"@en	
<https://w3id.org/pmd/co/PMD_0000579>	<http://www.w3.org/2000/01/rdf-schema#label>	"Compoundiermaschine"@de	
<https://w3id.org/pmd/co/PMD_0000905>	<http://www.w3.org/2000/01/rdf-schema#label>	"primary shaping from the ionized state"@en	
<https://w3id.org/pmd/co/PMD_0000905>	<http://www.w3.org/2000/01/rdf-schema#label>	"Urformen Aus DemIonisierten Zustand"@de	
<http://purl.obolibrary.org/obo/OBI_0000379>	<http://www.w3.org/2000/01/rdf-schema#label>	"mechanical function"@en	
<http://purl.obolibrary.org/obo/CHEBI_33357>	<http://www.w3.org/2000/01/rdf-schema#label>	"hassium atom"	
<http://purl.obolibrary.org/obo/CHEBI_33359>	<http://www.w3.org/2000/01/rdf-schema#label>	"rhodium atom"	
<https://w3id.org/pmd/co/PMD_0020234>	<http://www.w3.org/2000/01/rdf-schema#label>	"screw dislocation"@en	
<http://purl.obolibrary.org/obo/CHEBI_33250>	<http://www.w3.org/2000/01/rdf-schema#label>	"atom"	
<https://w3id.org/pmd/co/PMD_0020092>	<http://www.w3.org/2000/01/rdf-schema#label>	"portion of palladium"@en	
<http://purl.obolibrary.org/obo/CHEBI_22927>	<http://www.w3.org/2000/01/rdf-schema#label>	"bromine atom"	
<http://purl.obolibrary.org/obo/CHEBI_33393>	<http://www.w3.org/2000/01/rdf-schema#label>	"einsteinium atom"	
<https://w3id.org/pmd/co/PMD_0000565>	<http://www.w3.org/2000/01/rdf-schema#label>	"coating by soldering"@en	
<https://w3id.org/pmd/co/PMD_0000565>	<http://www.w3.org/2000/01/rdf-schema#label>	"Beschichten Durch Löten"@de	
<https://w3id.org/pmd/co/PMD_0025009>	<http://www.w3.org/2000/01/rdf-schema#label>	"material reacting process"@en	
<https://w3id.org/pmd/co/PMD_0050050>	<http://www.w3.org/2000/01/rdf-schema#label>	"glass-ceramic"@en	
<http://purl.obolibrary.org/obo/CHEBI_33343>	<http://www.w3.org/2000/01/rdf-schema#label>	"hafnium atom"	
<https://w3id.org/pmd/co/PMD_0020063>	<http://www.w3.org/2000/01/rdf-schema#label>	"portion of neon"@en	
<https://w3id.org/pmd/co/PMD_0050034>	<http://www.w3.org/2000/01/rdf-schema#label>	"nitrile butadiene rubber"@en	
<https://w3id.org/pmd/co/PMD_0000635>	<http://www.w3.org/2000/01/rdf-schema#label>	"evolution of damage"@en	
<https://w3id.org/pmd/co/PMD_0000866>	<http://www.w3.org/2000/01/rdf-schema#label>	"multiscale simulation"@en	
<https://w3id.org/pmd/co/PMD_0000866>	<http://www.w3.org/2000/01/rdf-schema#label>	"Multiskalensimulation"@de	
<https://w3id.org/pmd/co/PMD_0000595>	<http://www.w3.org/2000/01/rdf-schema#label>	"defect density"@en	
<https://w3id.org/pmd/co/PMD_0000770>	<http://www.w3.org/2000/01/rdf-schema#label>	"hand circular saw"@en	
<https://w3id.org/pmd/co/PMD_0000770>	<http://www.w3.org/2000/01/rdf-schema#label>	"Handkreissäge"@de	
<https://w3id.org/pmd/co/PMD_0200007>	<http://www.w3.org/2000/01/rdf-schema#label>	"blow molding"@en	
<https://w3id.org/pmd/co/PMD_0200007>	<http://www.w3.org/2000/01/rdf-schema#label>	"Blasformen"@de	
<https://w3id.org/pmd/co/PMD_0000654>	<http://www.w3.org/2000/01/rdf-schema#label>	"functional material"@en	
<https://w3id.org/pmd/co/PMD_0000803>	<http://www.w3.org/2000/01/rdf-schema#label>	"irradiation device"@en	
<https://w3id.org/pmd/co/PMD_0000803>	<http://www.w3.org/2000/01/rdf-schema#label>	"Irradiationsgerät"@de	
<https://w3id.org/pmd/co/PMD_0050049>	<http://www.w3.org/2000/01/rdf-schema#label>	"non-clay ceramic"@en	
<http://purl.obolibrary.org/obo/IAO_0000311>	<http://www.w3.org/2000/01/rdf-schema#label>	"publication"@en	
<https://w3id.org/pmd/co/PMD_0001036>	<http://www.w3.org/2000/01/rdf-schema#label>	"uncertainty"@en	
<https://w3id.org/pmd/co/PMD_0000797>	<http://www.w3.org/2000/01/rdf-schema#label>	"ion microscope"@en	
<https://w3id.org/pmd/co/PMD_0000797>	<http://www.w3.org/2000/01/rdf-schema#label>	"Ionenmikroskop"@de	
<https://w3id.org/pmd/co/PMD_0025010>	<http://www.w3.org/2000/01/rdf-schema#label>	"heating"@en	
<https://w3id.org/pmd/co/PMD_0020136>	<http://www.w3.org/2000/01/rdf-schema#label>	"phase transformation"@en	
<https://w3id.org/pmd/co/PMD_0020138>	<http://www.w3.org/2000/01/rdf-schema#label>	"lot"@en	
<https://w3id.org/pmd/co/PMD_0000581>	<http://www.w3.org/2000/01/rdf-schema#label>	"compression testing process"@en	
<https://w3id.org/pmd/co/PMD_0000581>	<http://www.w3.org/2000/01/rdf-schema#label>	"Druckprüfverfahren"@de	
<https://w3id.org/pmd/co/PMD_0000981>	<http://www.w3.org/2000/01/rdf-schema#label>	"thermal property"@en	
<https://w3id.org/pmd/co/PMD_0050085>	<http://www.w3.org/2000/01/rdf-schema#label>	"magnetic ceramic"@en	
<https://w3id.org/pmd/co/PMD_0020098>	<http://www.w3.org/2000/01/rdf-schema#label>	"nature constant"@en	
<https://w3id.org/pmd/co/PMD_0020245>	<http://www.w3.org/2000/01/rdf-schema#label>	"transport"@en	
<https://w3id.org/pmd/co/PMD_0020251>	<http://www.w3.org/2000/01/rdf-schema#label>	"biocompatible"@en	
<https://w3id.org/pmd/co/PMD_0001007>	<http://www.w3.org/2000/01/rdf-schema#label>	"waterjet cutter"@en	
<https://w3id.org/pmd/co/PMD_0001007>	<http://www.w3.org/2000/01/rdf-schema#label>	"Wasserstrahlschneider"@de	
<https://w3id.org/pmd/co/PMD_0000526>	<http://www.w3.org/2000/01/rdf-schema#label>	"atomic structure"@en	
<https://w3id.org/pmd/co/PMD_0000926>	<http://www.w3.org/2000/01/rdf-schema#label>	"scratch testing process"@en	
<https://w3id.org/pmd/co/PMD_0000926>	<http://www.w3.org/2000/01/rdf-schema#label>	"Ritzhärteprüfverfahren"@de	
<https://w3id.org/pmd/co/PMD_0010016>	<http://www.w3.org/2000/01/rdf-schema#label>	"silver metal"@en	
<http://purl.obolibrary.org/obo/IAO_0000028>	<http://www.w3.org/2000/01/rdf-schema#label>	"symbol"@en	
<http://purl.obolibrary.org/obo/UO_1000163>	<http://www.w3.org/2000/01/rdf-schema#label>	"mass percentage based unit"	
<https://w3id.org/pmd/co/PMD_0000817>	<http://www.w3.org/2000/01/rdf-schema#label>	"lasercutter"@en	
<https://w3id.org/pmd/co/PMD_0000817>	<http://www.w3.org/2000/01/rdf-schema#label>	"Laserschneider"@de	
<https://w3id.org/pmd/co/PMD_0020172>	<http://www.w3.org/2000/01/rdf-schema#label>	"sheet"@en	
<https://w3id.org/pmd/co/PMD_0000661>	<http://www.w3.org/2000/01/rdf-schema#label>	"glass"@en	
<https://w3id.org/pmd/co/PMD_0000810>	<http://www.w3.org/2000/01/rdf-schema#label>	"joining by welding"@en	
<https://w3id.org/pmd/co/PMD_0000810>	<http://www.w3.org/2000/01/rdf-schema#label>	"Fügen Durch Schweißen"@de	
<https://w3id.org/pmd/co/PMD_0000552>	<http://www.w3.org/2000/01/rdf-schema#label>	"chemical composition analyzing process"@en	
<https://w3id.org/pmd/co/PMD_0000552>	<http://www.w3.org/2000/01/rdf-schema#label>	"Analyseverfahren für die chemische Zusammensetzung"@de	
<https://w3id.org/pmd/co/PMD_0000783>	<http://www.w3.org/2000/01/rdf-schema#label>	"high throughput simulation"@en	
<https://w3id.org/pmd/co/PMD_0000783>	<http://www.w3.org/2000/01/rdf-schema#label>	"Hochdurchsatzsimulation"@de	
<http://purl.obolibrary.org/obo/IAO_0000030>	<http://www.w3.org/2000/01/rdf-schema#label>	"information content entity"@en	
<https://w3id.org/pmd/co/PMD_0020205>	<http://www.w3.org/2000/01/rdf-schema#label>	"defect role"@en	
<https://w3id.org/pmd/co/PMD_0020069>	<http://www.w3.org/2000/01/rdf-schema#label>	"portion of mercury"@en	
<https://w3id.org/pmd/co/PMD_0000962>	<http://www.w3.org/2000/01/rdf-schema#label>	"Überkritische Fluidchromatographie Verfahren"@de	
<https://w3id.org/pmd/co/PMD_0000962>	<http://www.w3.org/2000/01/rdf-schema#label>	"supercritical fluid chromatography process"@en	
<https://w3id.org/pmd/co/PMD_0000853>	<http://www.w3.org/2000/01/rdf-schema#label>	"crystallographic texture"@en	
<https://w3id.org/pmd/co/PMD_0020231>	<http://www.w3.org/2000/01/rdf-schema#label>	"interstitital solid solution"@en	
<https://w3id.org/pmd/co/PMD_0000512>	<http://www.w3.org/2000/01/rdf-schema#label>	"aggregate state"@en	
<http://purl.obolibrary.org/obo/IAO_0020000>	<http://www.w3.org/2000/01/rdf-schema#label>	"identifier"@en	
<https://w3id.org/pmd/co/PMD_0020029>	<http://www.w3.org/2000/01/rdf-schema#label>	"portion of chromium"@en	
<https://w3id.org/pmd/co/PMD_0090011>	<http://www.w3.org/2000/01/rdf-schema#label>	"natural fiber composite"@en	
<https://w3id.org/pmd/co/PMD_0090013>	<http://www.w3.org/2000/01/rdf-schema#label>	"biological composite"@en	
<http://purl.obolibrary.org/obo/CHEBI_33377>	<http://www.w3.org/2000/01/rdf-schema#label>	"dysprosium atom"	
<http://purl.obolibrary.org/obo/CHEBI_27638>	<http://www.w3.org/2000/01/rdf-schema#label>	"cobalt atom"	
<https://w3id.org/pmd/co/PMD_0000055>	<http://www.w3.org/2000/01/rdf-schema#label>	"cooling function"@en	
<https://w3id.org/pmd/co/PMD_0000055>	<http://www.w3.org/2000/01/rdf-schema#label>	"Kühlfunktion"@de	
<https://w3id.org/pmd/co/PMD_0050152>	<http://www.w3.org/2000/01/rdf-schema#label>	"zirconium-based metallic glass"@en	
<http://purl.obolibrary.org/obo/BFO_0000147>	<http://www.w3.org/2000/01/rdf-schema#label>	"fiat point"@en	
<https://w3id.org/pmd/co/PMD_0000110>	<http://www.w3.org/2000/01/rdf-schema#label>	"geological process"@en	
<https://w3id.org/pmd/co/PMD_0000510>	<http://www.w3.org/2000/01/rdf-schema#label>	"adjustment device role"@en	
<https://w3id.org/pmd/co/PMD_0000510>	<http://www.w3.org/2000/01/rdf-schema#label>	"Einstellungsgeräterolle"@de	
<http://purl.obolibrary.org/obo/CHEBI_33337>	<http://www.w3.org/2000/01/rdf-schema#label>	"actinium atom"	
<https://w3id.org/pmd/co/PMD_0020212>	<http://www.w3.org/2000/01/rdf-schema#label>	"polymorphism of crystal"@en	
<https://w3id.org/pmd/co/PMD_0020199>	<http://www.w3.org/2000/01/rdf-schema#label>	"slip plane"@en	
<https://w3id.org/pmd/co/PMD_0025016>	<http://www.w3.org/2000/01/rdf-schema#label>	"inner diameter"@en	
<https://w3id.org/pmd/co/PMD_0025016>	<http://www.w3.org/2000/01/rdf-schema#label>	"Innendurchmesser"@de	
<https://w3id.org/pmd/co/PMD_0020070>	<http://www.w3.org/2000/01/rdf-schema#label>	"portion of xenon"@en	
<http://purl.obolibrary.org/obo/CHEBI_33363>	<http://www.w3.org/2000/01/rdf-schema#label>	"palladium"	
<https://w3id.org/pmd/co/PMD_0050123>	<http://www.w3.org/2000/01/rdf-schema#label>	"chemically strengthened glass"@en	
<https://w3id.org/pmd/co/PMD_0050096>	<http://www.w3.org/2000/01/rdf-schema#label>	"hydroxyapatite ceramic"@en	
<http://purl.obolibrary.org/obo/IAO_0000104>	<http://www.w3.org/2000/01/rdf-schema#label>	"plan specification"@en	
<http://purl.obolibrary.org/obo/BFO_0000011>	<http://www.w3.org/2000/01/rdf-schema#label>	"spatiotemporal region"@en	
<https://w3id.org/pmd/co/PMD_0000884>	<http://www.w3.org/2000/01/rdf-schema#label>	"physical simulation"@en	
<http://purl.obolibrary.org/obo/CHEBI_28984>	<http://www.w3.org/2000/01/rdf-schema#label>	"aluminium atom"	
<https://w3id.org/pmd/co/PMD_0040001>	<http://www.w3.org/2000/01/rdf-schema#label>	"length"@en	
<https://w3id.org/pmd/co/PMD_0000539>	<http://www.w3.org/2000/01/rdf-schema#label>	"bulk modulus"@en	
<http://purl.obolibrary.org/obo/CHEBI_23116>	<http://www.w3.org/2000/01/rdf-schema#label>	"chlorine atom"	
<https://w3id.org/pmd/co/PMD_0020041>	<http://www.w3.org/2000/01/rdf-schema#label>	"portion of argon"@en	
<https://w3id.org/pmd/co/PMD_0020185>	<http://www.w3.org/2000/01/rdf-schema#label>	"rolling stand"@en	
<http://purl.obolibrary.org/obo/CHEBI_26833>	<http://www.w3.org/2000/01/rdf-schema#label>	"sulfur atom"	
<https://w3id.org/pmd/co/PMD_0050012>	<http://www.w3.org/2000/01/rdf-schema#label>	"atactic polypropylene"@en	
<https://w3id.org/pmd/co/PMD_0000613>	<http://www.w3.org/2000/01/rdf-schema#label>	"discrete-event simulation"@en	
<https://w3id.org/pmd/co/PMD_0050069>	<http://www.w3.org/2000/01/rdf-schema#label>	"aluminum nitride ceramic"@en	
<https://w3id.org/pmd/co/PMD_0000573>	<http://www.w3.org/2000/01/rdf-schema#label>	"coating from the plastic state"@en	
<https://w3id.org/pmd/co/PMD_0000573>	<http://www.w3.org/2000/01/rdf-schema#label>	"Beschichten Aus Dem Plastischen Zustand"@de	
<https://w3id.org/pmd/co/PMD_0000975>	<http://www.w3.org/2000/01/rdf-schema#label>	"test piece role"@en	
<https://w3id.org/pmd/co/PMD_0000975>	<http://www.w3.org/2000/01/rdf-schema#label>	"Proben-Rolle"@de	
<http://purl.obolibrary.org/obo/CHEBI_25585>	<http://www.w3.org/2000/01/rdf-schema#label>	"nonmetal atom"	
<http://purl.obolibrary.org/obo/CHEBI_27563>	<http://www.w3.org/2000/01/rdf-schema#label>	"arsenic atom"	
<https://w3id.org/pmd/co/PMD_0020156>	<http://www.w3.org/2000/01/rdf-schema#label>	"peritectic phase transformation"@en	
<https://w3id.org/pmd/co/PMD_0000946>	<http://www.w3.org/2000/01/rdf-schema#label>	"spectrum"@en	
<https://w3id.org/pmd/co/PMD_0000777>	<http://www.w3.org/2000/01/rdf-schema#label>	"heat capacity"@en	
<http://purl.obolibrary.org/obo/CHEBI_33324>	<http://www.w3.org/2000/01/rdf-schema#label>	"strontium atom"	
<http://purl.obolibrary.org/obo/UO_0000003>	<http://www.w3.org/2000/01/rdf-schema#label>	"time unit"	
<https://w3id.org/pmd/co/PMD_0020116>	<http://www.w3.org/2000/01/rdf-schema#label>	"aggregate state value"@en	
<https://w3id.org/pmd/co/PMD_0000605>	<http://www.w3.org/2000/01/rdf-schema#label>	"differential scanning calorimeter"@en	
<https://w3id.org/pmd/co/PMD_0000605>	<http://www.w3.org/2000/01/rdf-schema#label>	"Differential-Scanning-Kalorimeter"@de	
<https://w3id.org/pmd/co/PMD_0020076>	<http://www.w3.org/2000/01/rdf-schema#label>	"portion of silver"@en	
<http://purl.obolibrary.org/obo/BFO_0000203>	<http://www.w3.org/2000/01/rdf-schema#label>	"temporal instant"@en	
<https://w3id.org/pmd/co/PMD_0020225>	<http://www.w3.org/2000/01/rdf-schema#label>	"interstitial diffusion"@en	
<https://w3id.org/pmd/co/PMD_0000989>	<http://www.w3.org/2000/01/rdf-schema#label>	"thin-layer chromatography process"@en	
<https://w3id.org/pmd/co/PMD_0000989>	<http://www.w3.org/2000/01/rdf-schema#label>	"Dünnschichtchromatographie Verfahren"@de	
<https://w3id.org/pmd/co/PMD_0000648>	<http://www.w3.org/2000/01/rdf-schema#label>	"forming machine"@en	
<https://w3id.org/pmd/co/PMD_0000648>	<http://www.w3.org/2000/01/rdf-schema#label>	"Formmaschine"@de	
<https://w3id.org/pmd/co/PMD_0050039>	<http://www.w3.org/2000/01/rdf-schema#label>	"polybutylene succinate"@en	
<https://w3id.org/pmd/co/PMD_0050129>	<http://www.w3.org/2000/01/rdf-schema#label>	"photochromic glass"@en	
<https://w3id.org/pmd/co/PMD_0000530>	<http://www.w3.org/2000/01/rdf-schema#label>	"bending testing process"@en	
<https://w3id.org/pmd/co/PMD_0000530>	<http://www.w3.org/2000/01/rdf-schema#label>	"Biegeprüfverfahren"@de	
<https://w3id.org/pmd/co/PMD_0000932>	<http://www.w3.org/2000/01/rdf-schema#label>	"simulation device"@en	
<https://w3id.org/pmd/co/PMD_0000932>	<http://www.w3.org/2000/01/rdf-schema#label>	"Simulationsknoten"@de	
<https://w3id.org/pmd/co/PMD_0010103>	<http://www.w3.org/2000/01/rdf-schema#label>	"hybrid semiconductor"@en	
<https://w3id.org/pmd/co/PMD_0020047>	<http://www.w3.org/2000/01/rdf-schema#label>	"portion of phosphorus"@en	
<https://w3id.org/pmd/co/PMD_0001021>	<http://www.w3.org/2000/01/rdf-schema#label>	"x-ray analyzer"@en	
<https://w3id.org/pmd/co/PMD_0001021>	<http://www.w3.org/2000/01/rdf-schema#label>	"Röntgenanalysator"@de	
<https://w3id.org/pmd/co/PMD_0000619>	<http://www.w3.org/2000/01/rdf-schema#label>	"electric potential"@en	
<https://w3id.org/pmd/co/PMD_0050025>	<http://www.w3.org/2000/01/rdf-schema#label>	"novolac epoxy"@en	
<https://w3id.org/pmd/co/PMD_0050115>	<http://www.w3.org/2000/01/rdf-schema#label>	"borate glass"@en	
<https://w3id.org/pmd/co/PMD_0020239>	<http://www.w3.org/2000/01/rdf-schema#label>	"small angle grain boundary"@en	
<http://purl.obolibrary.org/obo/CHEBI_194539>	<http://www.w3.org/2000/01/rdf-schema#label>	"tennessine atom"	
<https://w3id.org/pmd/co/PMD_0000903>	<http://www.w3.org/2000/01/rdf-schema#label>	"primary shaping from the gaseous or vapor state"@en	
<https://w3id.org/pmd/co/PMD_0000903>	<http://www.w3.org/2000/01/rdf-schema#label>	"Urformen Aus Dem Gasförmigen Oder Dampfförmigen Zustand"@de	
<https://w3id.org/pmd/co/PMD_0000621>	<http://www.w3.org/2000/01/rdf-schema#label>	"electrical property"@en	
<http://purl.obolibrary.org/obo/CHEBI_33355>	<http://www.w3.org/2000/01/rdf-schema#label>	"bohrium atom"	
<https://w3id.org/pmd/co/PMD_0000586>	<http://www.w3.org/2000/01/rdf-schema#label>	"absorption of corpuscular radiation"@en	
<http://purl.obolibrary.org/obo/CHEBI_27214>	<http://www.w3.org/2000/01/rdf-schema#label>	"uranium atom"	
<http://purl.obolibrary.org/obo/CHEBI_22984>	<http://www.w3.org/2000/01/rdf-schema#label>	"calcium atom"	
<https://w3id.org/pmd/co/PMD_0020033>	<http://www.w3.org/2000/01/rdf-schema#label>	"portion of erbium"@en	
<http://purl.obolibrary.org/obo/BFO_0000003>	<http://www.w3.org/2000/01/rdf-schema#label>	"occurrent"@en	
<http://purl.obolibrary.org/obo/CHEBI_33391>	<http://www.w3.org/2000/01/rdf-schema#label>	"berkelium atom"	
<https://w3id.org/pmd/co/PMD_0020103>	<http://www.w3.org/2000/01/rdf-schema#label>	"molar proportion"@en	
<https://w3id.org/pmd/co/PMD_0000823>	<http://www.w3.org/2000/01/rdf-schema#label>	"machining geometrically undefined"@en	
<https://w3id.org/pmd/co/PMD_0000823>	<http://www.w3.org/2000/01/rdf-schema#label>	"Spanen Mit Geometrisch Unbestimmten Schneiden"@de	
<https://w3id.org/pmd/co/PMD_0000557>	<http://www.w3.org/2000/01/rdf-schema#label>	"chromatography system"@en	
<https://w3id.org/pmd/co/PMD_0000557>	<http://www.w3.org/2000/01/rdf-schema#label>	"Chromatographiesystem"@de	
<https://w3id.org/pmd/co/PMD_0000788>	<http://www.w3.org/2000/01/rdf-schema#label>	"impact testing process"@en	
<https://w3id.org/pmd/co/PMD_0000788>	<http://www.w3.org/2000/01/rdf-schema#label>	"Schlagprüfverfahren"@de	
<http://purl.obolibrary.org/obo/CHEBI_33341>	<http://www.w3.org/2000/01/rdf-schema#label>	"titanium atom"	
<https://w3id.org/pmd/co/PMD_0050101>	<http://www.w3.org/2000/01/rdf-schema#label>	"silicate glass"@en	
<https://w3id.org/pmd/co/PMD_0090005>	<http://www.w3.org/2000/01/rdf-schema#label>	"titanium matrix composite"@en	
<https://w3id.org/pmd/co/PMD_0000517>	<http://www.w3.org/2000/01/rdf-schema#label>	"acoustic wave"@en	
<http://purl.obolibrary.org/obo/BFO_0000019>	<http://www.w3.org/2000/01/rdf-schema#label>	"quality"@en	
<https://w3id.org/pmd/co/PMD_0020163>	<http://www.w3.org/2000/01/rdf-schema#label>	"eutectic phase transformation"@en	
<https://w3id.org/pmd/co/PMD_0200005>	<http://www.w3.org/2000/01/rdf-schema#label>	"drawing forming"@en	
<https://w3id.org/pmd/co/PMD_0200005>	<http://www.w3.org/2000/01/rdf-schema#label>	"Ziehformen"@de	
<https://w3id.org/pmd/co/PMD_0000652>	<http://www.w3.org/2000/01/rdf-schema#label>	"forming under tensile conditions"@en	
<https://w3id.org/pmd/co/PMD_0000652>	<http://www.w3.org/2000/01/rdf-schema#label>	"Zugumformen"@de	
<https://w3id.org/pmd/co/PMD_0000543>	<http://www.w3.org/2000/01/rdf-schema#label>	"calibration device role"@en	
<https://w3id.org/pmd/co/PMD_0000543>	<http://www.w3.org/2000/01/rdf-schema#label>	"Kalibrierungsgeräterolle"@de	
<https://w3id.org/pmd/co/PMD_0050047>	<http://www.w3.org/2000/01/rdf-schema#label>	"mullite ceramic"@en	
<http://purl.obolibrary.org/obo/BFO_0000038>	<http://www.w3.org/2000/01/rdf-schema#label>	"one-dimensional temporal region"@en	
<http://purl.obolibrary.org/obo/BFO_0000141>	<http://www.w3.org/2000/01/rdf-schema#label>	"immaterial entity"@en	
<https://w3id.org/pmd/co/PMD_0000953>	<http://www.w3.org/2000/01/rdf-schema#label>	"structural and chemical decay"@en	
<https://w3id.org/pmd/co/PMD_0000795>	<http://www.w3.org/2000/01/rdf-schema#label>	"ion exchange chromatography process"@en	
<https://w3id.org/pmd/co/PMD_0000795>	<http://www.w3.org/2000/01/rdf-schema#label>	"Ionenaustauschchromatographie Verfahren"@de	
<https://w3id.org/pmd/co/PMD_0000123>	<http://www.w3.org/2000/01/rdf-schema#label>	"doc string"@en	
<https://w3id.org/pmd/co/PMD_0020134>	<http://www.w3.org/2000/01/rdf-schema#label>	"stimulus role"@en	
<https://w3id.org/pmd/co/PMD_0050077>	<http://www.w3.org/2000/01/rdf-schema#label>	"zirconia matrix composite"@en	
<https://w3id.org/pmd/co/PMD_0060006>	<http://www.w3.org/2000/01/rdf-schema#label>	"device specification"@en	
<https://w3id.org/pmd/co/PMD_0020096>	<http://www.w3.org/2000/01/rdf-schema#label>	"steel"@en	
<https://w3id.org/pmd/co/PMD_0020243>	<http://www.w3.org/2000/01/rdf-schema#label>	"grain size"@en	
<https://w3id.org/pmd/co/PMD_0001005>	<http://www.w3.org/2000/01/rdf-schema#label>	"viscometry"@en	
<https://w3id.org/pmd/co/PMD_0001005>	<http://www.w3.org/2000/01/rdf-schema#label>	"Viskosimetrie"@de	
<https://w3id.org/pmd/co/PMD_0000524>	<http://www.w3.org/2000/01/rdf-schema#label>	"assembling process"@en	
<https://w3id.org/pmd/co/PMD_0000524>	<http://www.w3.org/2000/01/rdf-schema#label>	"Assemblierungsprozess"@de	
<https://w3id.org/pmd/co/PMD_0000924>	<http://www.w3.org/2000/01/rdf-schema#label>	"scratch hardness"@en	
<https://w3id.org/pmd/co/PMD_0000666>	<http://www.w3.org/2000/01/rdf-schema#label>	"gravimetrical analyzing process"@en	
<https://w3id.org/pmd/co/PMD_0000666>	<http://www.w3.org/2000/01/rdf-schema#label>	"Gravimetrisches Analyseverfahren"@de	
<https://w3id.org/pmd/co/PMD_0000668>	<http://www.w3.org/2000/01/rdf-schema#label>	"grips"@en	
<https://w3id.org/pmd/co/PMD_0000668>	<http://www.w3.org/2000/01/rdf-schema#label>	"Halterungsklemmen"@de	
<https://w3id.org/pmd/co/PMD_0010014>	<http://www.w3.org/2000/01/rdf-schema#label>	"precious metal"@en	
<https://w3id.org/pmd/co/PMD_0020170>	<http://www.w3.org/2000/01/rdf-schema#label>	"ingot"@en	
<https://w3id.org/pmd/co/PMD_0020170>	<http://www.w3.org/2000/01/rdf-schema#label>	"Bramme"@de	
<http://purl.obolibrary.org/obo/CHEBI_30217>	<http://www.w3.org/2000/01/rdf-schema#label>	"helium atom"	
<https://w3id.org/pmd/co/PMD_0000781>	<http://www.w3.org/2000/01/rdf-schema#label>	"heat treatment function"@en	
<https://w3id.org/pmd/co/PMD_0000781>	<http://www.w3.org/2000/01/rdf-schema#label>	"Wärmebehandlungsfunktion"@de	
<https://w3id.org/pmd/co/PMD_0020203>	<http://www.w3.org/2000/01/rdf-schema#label>	"notch"@en	
<https://w3id.org/pmd/co/PMD_0000075>	<http://www.w3.org/2000/01/rdf-schema#label>	"mould"@en	
<https://w3id.org/pmd/co/PMD_0000075>	<http://www.w3.org/2000/01/rdf-schema#label>	"mold"@en-us	
<https://w3id.org/pmd/co/PMD_0050107>	<http://www.w3.org/2000/01/rdf-schema#label>	"pyrex-type glass"@en	
<https://w3id.org/pmd/co/PMD_0050063>	<http://www.w3.org/2000/01/rdf-schema#label>	"carbide ceramic"@en	
<https://w3id.org/pmd/co/PMD_0000960>	<http://www.w3.org/2000/01/rdf-schema#label>	"subject of calibration role"@en	
<https://w3id.org/pmd/co/PMD_0000960>	<http://www.w3.org/2000/01/rdf-schema#label>	"Kalibrierungsgegenstandsrolle"@de	
<http://purl.obolibrary.org/obo/CHEBI_18248>	<http://www.w3.org/2000/01/rdf-schema#label>	"iron atom"	
<https://w3id.org/pmd/co/PMD_0000851>	<http://www.w3.org/2000/01/rdf-schema#label>	"melting point"@en	
<https://w3id.org/pmd/co/PMD_0000910>	<http://www.w3.org/2000/01/rdf-schema#label>	"rebound hardness"@en	
<https://w3id.org/pmd/co/PMD_0090018>	<http://www.w3.org/2000/01/rdf-schema#label>	"bio-based composite"@en	
<https://w3id.org/pmd/co/PMD_0000012>	<http://www.w3.org/2000/01/rdf-schema#label>	"workflow definition"@en	
<https://w3id.org/pmd/co/PMD_0020150>	<http://www.w3.org/2000/01/rdf-schema#label>	"volume"@en	
<https://w3id.org/pmd/co/PMD_0020169>	<http://www.w3.org/2000/01/rdf-schema#label>	"mixture boundary"@en	
<https://w3id.org/pmd/co/PMD_0050143>	<http://www.w3.org/2000/01/rdf-schema#label>	"bioactive glass"@en	
<https://w3id.org/pmd/co/PMD_0000807>	<http://www.w3.org/2000/01/rdf-schema#label>	"joining by primary shaping"@en	
<https://w3id.org/pmd/co/PMD_0000807>	<http://www.w3.org/2000/01/rdf-schema#label>	"Fügen durch Urformen"@de	
<http://purl.obolibrary.org/obo/CHEBI_30163>	<http://www.w3.org/2000/01/rdf-schema#label>	"diboron trioxide"	
<http://purl.obolibrary.org/obo/CHEBI_49882>	<http://www.w3.org/2000/01/rdf-schema#label>	"rhenium atom"	
<https://w3id.org/pmd/co/PMD_0000940>	<http://www.w3.org/2000/01/rdf-schema#label>	"spalling testing machine"@en	
<https://w3id.org/pmd/co/PMD_0000940>	<http://www.w3.org/2000/01/rdf-schema#label>	"Abplatzprüfmaschine"@de	
<https://w3id.org/pmd/co/PMD_0050003>	<http://www.w3.org/2000/01/rdf-schema#label>	"ionic bond"@en	
<https://w3id.org/pmd/co/PMD_0090052>	<http://www.w3.org/2000/01/rdf-schema#label>	"silicone rubber"@en	
<https://w3id.org/pmd/co/PMD_0000559>	<http://www.w3.org/2000/01/rdf-schema#label>	"circular table saw"@en	
<https://w3id.org/pmd/co/PMD_0000559>	<http://www.w3.org/2000/01/rdf-schema#label>	"Tischkreissäge"@de	
<https://w3id.org/pmd/co/PMD_0000959>	<http://www.w3.org/2000/01/rdf-schema#label>	"subject of adjustment role"@en	
<https://w3id.org/pmd/co/PMD_0000959>	<http://www.w3.org/2000/01/rdf-schema#label>	"Einstellungsgegenstandsrolle"@de	
<https://w3id.org/pmd/co/PMD_0020210>	<http://www.w3.org/2000/01/rdf-schema#label>	"elemental crystal"@en	
<https://w3id.org/pmd/co/PMD_0025014>	<http://www.w3.org/2000/01/rdf-schema#label>	"single crystal"@en	
<https://w3id.org/pmd/co/PMD_0000995>	<http://www.w3.org/2000/01/rdf-schema#label>	"torsion testing process"@en	
<https://w3id.org/pmd/co/PMD_0000995>	<http://www.w3.org/2000/01/rdf-schema#label>	"Torsionsprüfverfahren"@de	
<https://w3id.org/pmd/co/PMD_0020142>	<http://www.w3.org/2000/01/rdf-schema#label>	"energy"@en	
<https://w3id.org/pmd/co/PMD_0000886>	<http://www.w3.org/2000/01/rdf-schema#label>	"polishing machine"@en	
<https://w3id.org/pmd/co/PMD_0000886>	<http://www.w3.org/2000/01/rdf-schema#label>	"Poliermaschine"@de	
<https://w3id.org/pmd/co/PMD_0010001>	<http://www.w3.org/2000/01/rdf-schema#label>	"carbon steel"@en	
<http://purl.obolibrary.org/obo/CHEBI_30441>	<http://www.w3.org/2000/01/rdf-schema#label>	"germanium atom"	
<https://w3id.org/pmd/co/PMD_0000107>	<http://www.w3.org/2000/01/rdf-schema#label>	"optical non-linearity"@en	
<https://w3id.org/pmd/co/PMD_0000107>	<http://www.w3.org/2000/01/rdf-schema#label>	"nonlinear optical property"@en	
<https://w3id.org/pmd/co/PMD_0020209>	<http://www.w3.org/2000/01/rdf-schema#label>	"slip system (3D)"@en	
<https://w3id.org/pmd/co/PMD_0050010>	<http://www.w3.org/2000/01/rdf-schema#label>	"isotactic polypropylene"@en	
<http://purl.obolibrary.org/obo/CHEBI_33349>	<http://www.w3.org/2000/01/rdf-schema#label>	"dubnium atom"	
<https://w3id.org/pmd/co/PMD_0020082>	<http://www.w3.org/2000/01/rdf-schema#label>	"portion of neodymium"@en	
<https://w3id.org/pmd/co/PMD_0000571>	<http://www.w3.org/2000/01/rdf-schema#label>	"coating from the ionized state"@en	
<https://w3id.org/pmd/co/PMD_0000571>	<http://www.w3.org/2000/01/rdf-schema#label>	"Beschichten Aus Dem Ionisierten Zustand"@de	
<http://purl.obolibrary.org/obo/CHEBI_194533>	<http://www.w3.org/2000/01/rdf-schema#label>	"nihonium atom"	
<http://purl.obolibrary.org/obo/CHEBI_27568>	<http://www.w3.org/2000/01/rdf-schema#label>	"selenium atom"	
<https://w3id.org/pmd/co/PMD_0000916>	<http://www.w3.org/2000/01/rdf-schema#label>	"rheological property analyzing process"@en	
<https://w3id.org/pmd/co/PMD_0000916>	<http://www.w3.org/2000/01/rdf-schema#label>	"Rheologische Eigenschaften Analyseverfahren"@de	
<https://w3id.org/pmd/co/PMD_0000521>	<http://www.w3.org/2000/01/rdf-schema#label>	"generation of magnetic field"@en	
<https://w3id.org/pmd/co/PMD_0020038>	<http://www.w3.org/2000/01/rdf-schema#label>	"portion of nitrogen"@en	
<https://w3id.org/pmd/co/PMD_0050156>	<http://www.w3.org/2000/01/rdf-schema#label>	"geometry shape"@en	
<https://w3id.org/pmd/co/PMD_0050156>	<http://www.w3.org/2000/01/rdf-schema#label>	"Geometrische Form"@de	
<https://w3id.org/pmd/co/PMD_0050009>	<http://www.w3.org/2000/01/rdf-schema#label>	"polypropylene"@en	
<http://purl.obolibrary.org/obo/CHEBI_30501>	<http://www.w3.org/2000/01/rdf-schema#label>	"beryllium atom"	
<https://w3id.org/pmd/co/PMD_0025001>	<http://www.w3.org/2000/01/rdf-schema#label>	"composition"@en	
<https://w3id.org/pmd/co/PMD_0050055>	<http://www.w3.org/2000/01/rdf-schema#label>	"oxide ceramic"@en	
<https://w3id.org/pmd/co/PMD_0020074>	<http://www.w3.org/2000/01/rdf-schema#label>	"portion of caesium"@en	
<https://w3id.org/pmd/co/PMD_0020221>	<http://www.w3.org/2000/01/rdf-schema#label>	"self-diffusion in crystaline solid"@en	
<https://w3id.org/pmd/co/PMD_0000987>	<http://www.w3.org/2000/01/rdf-schema#label>	"thermomechanical analysis process"@en	
<https://w3id.org/pmd/co/PMD_0000987>	<http://www.w3.org/2000/01/rdf-schema#label>	"Thermomechanische Analyse-Verfahren"@de	
<http://purl.obolibrary.org/obo/CHEBI_28685>	<http://www.w3.org/2000/01/rdf-schema#label>	"molybdenum atom"	
<https://w3id.org/pmd/co/PMD_0050127>	<http://www.w3.org/2000/01/rdf-schema#label>	"laminated glass"@en	
<https://w3id.org/pmd/co/PMD_0050081>	<http://www.w3.org/2000/01/rdf-schema#label>	"electroceramic"@en	
<https://w3id.org/pmd/co/PMD_0000646>	<http://www.w3.org/2000/01/rdf-schema#label>	"Umformen"@de	
<https://w3id.org/pmd/co/PMD_0000646>	<http://www.w3.org/2000/01/rdf-schema#label>	"forming"@en	
<http://purl.obolibrary.org/obo/CHEBI_29287>	<http://www.w3.org/2000/01/rdf-schema#label>	"gold atom"	
<https://w3id.org/pmd/co/PMD_0000775>	<http://www.w3.org/2000/01/rdf-schema#label>	"hardness testing machine"@en	
<https://w3id.org/pmd/co/PMD_0000775>	<http://www.w3.org/2000/01/rdf-schema#label>	"Härteprüfmaschine"@de	
<http://purl.obolibrary.org/obo/CHEBI_33839>	<http://www.w3.org/2000/01/rdf-schema#label>	"macromolecule"	
<https://w3id.org/pmd/co/PMD_0010101>	<http://www.w3.org/2000/01/rdf-schema#label>	"compound semiconductor"@en	
<https://w3id.org/pmd/co/PMD_0020045>	<http://www.w3.org/2000/01/rdf-schema#label>	"portion of antimony"@en	
<https://w3id.org/pmd/co/PMD_0020189>	<http://www.w3.org/2000/01/rdf-schema#label>	"titanium alloy"@en	
<https://w3id.org/pmd/co/PMD_0000890>	<http://www.w3.org/2000/01/rdf-schema#label>	"connected material entity aggregate"@en	
<https://w3id.org/pmd/co/PMD_0050041>	<http://www.w3.org/2000/01/rdf-schema#label>	"silicate ceramic"@en	
<https://w3id.org/pmd/co/PMD_0000789>	<http://www.w3.org/2000/01/rdf-schema#label>	"indentation hardness"@en	
<https://w3id.org/pmd/co/PMD_0020054>	<http://www.w3.org/2000/01/rdf-schema#label>	"portion of copper"@en	
<http://purl.obolibrary.org/obo/OBI_0000835>	<http://www.w3.org/2000/01/rdf-schema#label>	"manufacturer"	
<http://purl.obolibrary.org/obo/OBI_0000835>	<http://www.w3.org/2000/01/rdf-schema#label>	"manufacturer"@en	
<https://w3id.org/pmd/co/PMD_0010022>	<http://www.w3.org/2000/01/rdf-schema#label>	"containing magnetic species"	
<https://w3id.org/pmd/co/PMD_0000617>	<http://www.w3.org/2000/01/rdf-schema#label>	"dynamic mechanical analyzer"@en	
<https://w3id.org/pmd/co/PMD_0000617>	<http://www.w3.org/2000/01/rdf-schema#label>	"Dynamischer mechanischer Analysator"@de	
<https://w3id.org/pmd/co/PMD_0000504>	<http://www.w3.org/2000/01/rdf-schema#label>	"ab initio molecular dynamics simulation"@en	
<https://w3id.org/pmd/co/PMD_0000504>	<http://www.w3.org/2000/01/rdf-schema#label>	"Ab Initio MD Simulation"@de	
<https://w3id.org/pmd/co/PMD_0000626>	<http://www.w3.org/2000/01/rdf-schema#label>	"electron spectroscopy"@en	
<https://w3id.org/pmd/co/PMD_0000626>	<http://www.w3.org/2000/01/rdf-schema#label>	"Elektronenspektroskopie"@de	
<https://w3id.org/pmd/co/PMD_0020088>	<http://www.w3.org/2000/01/rdf-schema#label>	"portion of tin"@en	
<https://w3id.org/pmd/co/PMD_0020237>	<http://www.w3.org/2000/01/rdf-schema#label>	"Burgers vector"@en	
<https://w3id.org/pmd/co/PMD_0000577>	<http://www.w3.org/2000/01/rdf-schema#label>	"composite"@en	
<https://w3id.org/pmd/co/PMD_0000979>	<http://www.w3.org/2000/01/rdf-schema#label>	"thermal conductivity measurement process"@en	
<https://w3id.org/pmd/co/PMD_0000979>	<http://www.w3.org/2000/01/rdf-schema#label>	"Wärmeleitfähigkeitsmessverfahren"@de	
<https://w3id.org/pmd/co/PMD_0020090>	<http://www.w3.org/2000/01/rdf-schema#label>	"portion of uranium"@en	
<https://w3id.org/pmd/co/PMD_0020025>	<http://www.w3.org/2000/01/rdf-schema#label>	"obstacle role"@en	
<https://w3id.org/pmd/co/PMD_0000878>	<http://www.w3.org/2000/01/rdf-schema#label>	"optical property analyzing process"@en	
<https://w3id.org/pmd/co/PMD_0000878>	<http://www.w3.org/2000/01/rdf-schema#label>	"Optische Eigenschaften Analyseverfahren"@de	
<http://purl.obolibrary.org/obo/CHEBI_49648>	<http://www.w3.org/2000/01/rdf-schema#label>	"holmium atom"	
<http://purl.obolibrary.org/obo/IAO_0000129>	<http://www.w3.org/2000/01/rdf-schema#label>	"version number"@en	
<https://w3id.org/pmd/co/PMD_0001018>	<http://www.w3.org/2000/01/rdf-schema#label>	"x-ray microanalysis"@en	
<https://w3id.org/pmd/co/PMD_0001018>	<http://www.w3.org/2000/01/rdf-schema#label>	"Röntgen-Mikroanalyse"@de	
<http://purl.obolibrary.org/obo/CHEBI_33396>	<http://www.w3.org/2000/01/rdf-schema#label>	"nobelium"	
<https://w3id.org/pmd/co/PMD_0000828>	<http://www.w3.org/2000/01/rdf-schema#label>	"magnetizing function"@en	
<https://w3id.org/pmd/co/PMD_0000828>	<http://www.w3.org/2000/01/rdf-schema#label>	"Magnetisierungsfunktion"@de	
<http://purl.obolibrary.org/obo/OBI_0002201>	<http://www.w3.org/2000/01/rdf-schema#label>	"determination if assay will provide reliable results"	
<https://w3id.org/pmd/co/PMD_0020101>	<http://www.w3.org/2000/01/rdf-schema#label>	"proportion"@en	
<https://w3id.org/pmd/co/PMD_0000563>	<http://www.w3.org/2000/01/rdf-schema#label>	"coating"@en	
<https://w3id.org/pmd/co/PMD_0000563>	<http://www.w3.org/2000/01/rdf-schema#label>	"Beschichten"@de	
<https://w3id.org/pmd/co/PMD_0020061>	<http://www.w3.org/2000/01/rdf-schema#label>	"portion of krypton"@en	
<http://purl.obolibrary.org/obo/CHEBI_30514>	<http://www.w3.org/2000/01/rdf-schema#label>	"caesium atom"	
<https://w3id.org/pmd/co/PMD_0050068>	<http://www.w3.org/2000/01/rdf-schema#label>	"silicon nitride ceramic"@en	
<https://w3id.org/pmd/co/PMD_0000633>	<http://www.w3.org/2000/01/rdf-schema#label>	"environmental chamber"@en	
<https://w3id.org/pmd/co/PMD_0000633>	<http://www.w3.org/2000/01/rdf-schema#label>	"Umweltschrank"@de	
<http://purl.obolibrary.org/obo/CHEBI_33388>	<http://www.w3.org/2000/01/rdf-schema#label>	"plutonium atom"	
<https://w3id.org/pmd/co/PMD_0000801>	<http://www.w3.org/2000/01/rdf-schema#label>	"irradiating"@en	
<https://w3id.org/pmd/co/PMD_0000801>	<http://www.w3.org/2000/01/rdf-schema#label>	"Bestrahlen"@de	
<http://purl.obolibrary.org/obo/OBI_0000245>	<http://www.w3.org/2000/01/rdf-schema#label>	"organization"@en	
<https://w3id.org/pmd/co/PMD_0000809>	<http://www.w3.org/2000/01/rdf-schema#label>	"joining by soldering"@en	
<https://w3id.org/pmd/co/PMD_0000809>	<http://www.w3.org/2000/01/rdf-schema#label>	"Fügen Durch Löten"@de	
<https://w3id.org/pmd/co/PMD_0000835>	<http://www.w3.org/2000/01/rdf-schema#label>	"mass spectrometer"@en	
<https://w3id.org/pmd/co/PMD_0000835>	<http://www.w3.org/2000/01/rdf-schema#label>	"Massenspektrometer"@de	
<https://w3id.org/pmd/co/PMD_0020191>	<http://www.w3.org/2000/01/rdf-schema#label>	"metallographic section (embedded sample)"@en	
<https://w3id.org/pmd/co/PMD_0050029>	<http://www.w3.org/2000/01/rdf-schema#label>	"urea formaldehyde"@en	
<https://w3id.org/pmd/co/PMD_0000121>	<http://www.w3.org/2000/01/rdf-schema#label>	"polymer matrix composite"@en	
<http://purl.obolibrary.org/obo/CHEBI_53284>	<http://www.w3.org/2000/01/rdf-schema#label>	"polyurethane macromolecule"	
<https://w3id.org/pmd/co/PMD_0050075>	<http://www.w3.org/2000/01/rdf-schema#label>	"oxide-oxide composite"@en	
<http://purl.obolibrary.org/obo/DIGITRUBBER_000443>	<http://www.w3.org/2000/01/rdf-schema#label>	"surface defect"@en	
<http://purl.obolibrary.org/obo/DIGITRUBBER_000443>	<http://www.w3.org/2000/01/rdf-schema#label>	"Oberflächenfehler"@de	
<http://purl.obolibrary.org/obo/OBI_0200042>	<http://www.w3.org/2000/01/rdf-schema#label>	"hierarchical clustering [obi]"@en	
<http://purl.obolibrary.org/obo/CHMO_0001685>	<http://www.w3.org/2000/01/rdf-schema#label>	"mixing [chmo]"@en	
<http://purl.obolibrary.org/obo/CHMO_0001685>	<http://www.w3.org/2000/01/rdf-schema#label>	"Mischen [chmo]"@de	
<http://purl.obolibrary.org/obo/OBI_0000947>	<http://www.w3.org/2000/01/rdf-schema#label>	"service provider role"@en	
<http://purl.obolibrary.org/obo/DIGITRUBBER_1000003>	<http://www.w3.org/2000/01/rdf-schema#label>	"molecular weight distribution"@en	
<http://purl.obolibrary.org/obo/DIGITRUBBER_1000003>	<http://www.w3.org/2000/01/rdf-schema#label>	"Molmassenverteilung"@de	
<http://purl.obolibrary.org/obo/NCIT_C48834>	<http://www.w3.org/2000/01/rdf-schema#label>	"correlation"@en	
<http://purl.obolibrary.org/obo/PATO_0002198>	<http://www.w3.org/2000/01/rdf-schema#label>	"quality of a substance"@en	
<http://purl.obolibrary.org/obo/DIGITRUBBER_000457>	<http://www.w3.org/2000/01/rdf-schema#label>	"Getriebe"@de	
<http://purl.obolibrary.org/obo/DIGITRUBBER_000457>	<http://www.w3.org/2000/01/rdf-schema#label>	"gearbox"@en	
<http://purl.obolibrary.org/obo/OBI_0000094>	<http://www.w3.org/2000/01/rdf-schema#label>	"material processing"@en	
<http://purl.obolibrary.org/obo/DIGITRUBBER_000344>	<http://www.w3.org/2000/01/rdf-schema#label>	"setting roll"@en	
<http://purl.obolibrary.org/obo/DIGITRUBBER_000344>	<http://www.w3.org/2000/01/rdf-schema#label>	"Stellwalze"@de	
<http://purl.obolibrary.org/obo/DIGITRUBBER_000226>	<http://www.w3.org/2000/01/rdf-schema#label>	"photometric measurement process"@en	
<http://purl.obolibrary.org/obo/DIGITRUBBER_000570>	<http://www.w3.org/2000/01/rdf-schema#label>	"melting range"@en	
<http://purl.obolibrary.org/obo/DIGITRUBBER_000570>	<http://www.w3.org/2000/01/rdf-schema#label>	"Schmelzbereich‎"@de	
<http://purl.obolibrary.org/obo/DIGITRUBBER_1000035>	<http://www.w3.org/2000/01/rdf-schema#label>	"Glasübergangstemperatur"@de	
<http://purl.obolibrary.org/obo/DIGITRUBBER_1000035>	<http://www.w3.org/2000/01/rdf-schema#label>	"glass transition temperature"@en	
<http://purl.obolibrary.org/obo/CHEBI_79056>	<http://www.w3.org/2000/01/rdf-schema#label>	"plasticizer"@en	
<http://purl.obolibrary.org/obo/CHEBI_79056>	<http://www.w3.org/2000/01/rdf-schema#label>	"weichmacher"@de	
<http://purl.obolibrary.org/obo/DIGITRUBBER_000486>	<http://www.w3.org/2000/01/rdf-schema#label>	"optimum cure"@en	
<http://purl.obolibrary.org/obo/DIGITRUBBER_000486>	<http://www.w3.org/2000/01/rdf-schema#label>	"Vulkanisationsoptimum"@de	
<http://purl.obolibrary.org/obo/CHEBI_36358>	<http://www.w3.org/2000/01/rdf-schema#label>	"polyatomic ion"@en	
<http://purl.obolibrary.org/obo/OBI_0200051>	<http://www.w3.org/2000/01/rdf-schema#label>	"principal components analysis dimensionality reduction [obi]"@en	
<http://purl.allotrope.org/ontologies/result#AFR_0000984>	<http://www.w3.org/2000/01/rdf-schema#label>	"count"@en	
<http://purl.obolibrary.org/obo/OBI_0000272>	<http://www.w3.org/2000/01/rdf-schema#label>	"protocol"@en	
<http://purl.obolibrary.org/obo/DIGITRUBBER_000339>	<http://www.w3.org/2000/01/rdf-schema#label>	"Sicherheitsdatenblatt"@de	
<http://purl.obolibrary.org/obo/DIGITRUBBER_000339>	<http://www.w3.org/2000/01/rdf-schema#label>	"safety data sheet"@en	
<http://purl.obolibrary.org/obo/IAO_0000015>	<http://www.w3.org/2000/01/rdf-schema#label>	"information carrier"@en	
<http://purl.obolibrary.org/obo/DIGITRUBBER_1000008>	<http://www.w3.org/2000/01/rdf-schema#label>	"solution SBR"@en	
<http://purl.obolibrary.org/obo/DIGITRUBBER_1000008>	<http://www.w3.org/2000/01/rdf-schema#label>	"Lösungs-Styrol-Butadiene-Kautschuk"@de	
<http://purl.obolibrary.org/obo/DIGITRUBBER_000397>	<http://www.w3.org/2000/01/rdf-schema#label>	"torque unit"@en	
<http://purl.obolibrary.org/obo/DIGITRUBBER_000397>	<http://www.w3.org/2000/01/rdf-schema#label>	"Drehmoment Einheit"@de	
<http://purl.obolibrary.org/obo/APOLLO_SV_00000796>	<http://www.w3.org/2000/01/rdf-schema#label>	"dataset creating"@en	
<http://purl.obolibrary.org/obo/DIGITRUBBER_000300>	<http://www.w3.org/2000/01/rdf-schema#label>	"N600-Ruß"@de	
<http://purl.obolibrary.org/obo/DIGITRUBBER_000300>	<http://www.w3.org/2000/01/rdf-schema#label>	"N600-Carbon Black"@en	
<http://purl.obolibrary.org/obo/DIGITRUBBER_1000051>	<http://www.w3.org/2000/01/rdf-schema#label>	"Imaginärteil des elastischen Moduls gemessen bei 60 °C"@de	
<http://purl.obolibrary.org/obo/DIGITRUBBER_1000051>	<http://www.w3.org/2000/01/rdf-schema#label>	"E double dash 60 degree celcius"@en	
<http://purl.obolibrary.org/obo/DIGITRUBBER_000136>	<http://www.w3.org/2000/01/rdf-schema#label>	"qualitätsprüfer"@de	
<http://purl.obolibrary.org/obo/DIGITRUBBER_000136>	<http://www.w3.org/2000/01/rdf-schema#label>	"quality inspector"@en	
<http://purl.obolibrary.org/obo/DIGITRUBBER_000216>	<http://www.w3.org/2000/01/rdf-schema#label>	"peak"@en	
<http://purl.obolibrary.org/obo/DIGITRUBBER_000560>	<http://www.w3.org/2000/01/rdf-schema#label>	"Spezifische Oberfläche"@de	
<http://purl.obolibrary.org/obo/DIGITRUBBER_000560>	<http://www.w3.org/2000/01/rdf-schema#label>	"specific surface"@en	
<http://purl.obolibrary.org/obo/DIGITRUBBER_000025>	<http://www.w3.org/2000/01/rdf-schema#label>	"bundle adjustment method"@en	
<http://purl.obolibrary.org/obo/DIGITRUBBER_1000078>	<http://www.w3.org/2000/01/rdf-schema#label>	"compoundtemperatur"@de	
<http://purl.obolibrary.org/obo/DIGITRUBBER_1000078>	<http://www.w3.org/2000/01/rdf-schema#label>	"compound temperature"@en	
<http://purl.obolibrary.org/obo/OBI_0000749>	<http://www.w3.org/2000/01/rdf-schema#label>	"CART"@en	
<http://purl.obolibrary.org/obo/DIGITRUBBER_000476>	<http://www.w3.org/2000/01/rdf-schema#label>	"Vulkanisat"@de	
<http://purl.obolibrary.org/obo/DIGITRUBBER_000476>	<http://www.w3.org/2000/01/rdf-schema#label>	"vulcanizate"@en	
<http://purl.obolibrary.org/obo/DIGITRUBBER_1000037>	<http://www.w3.org/2000/01/rdf-schema#label>	"ML1+4"@en	
<http://purl.obolibrary.org/obo/DIGITRUBBER_1000037>	<http://www.w3.org/2000/01/rdf-schema#label>	"Mooney Viskosität ML 1+4"@de	
<http://purl.obolibrary.org/obo/DIGITRUBBER_1000022>	<http://www.w3.org/2000/01/rdf-schema#label>	"Mooney Stress Relaxation"@de	
<http://purl.obolibrary.org/obo/DIGITRUBBER_1000022>	<http://www.w3.org/2000/01/rdf-schema#label>	"mooney stress relaxation"@en	
<http://purl.obolibrary.org/obo/DIGITRUBBER_1000068>	<http://www.w3.org/2000/01/rdf-schema#label>	"tan d max"@en	
<http://purl.obolibrary.org/obo/DIGITRUBBER_1000068>	<http://www.w3.org/2000/01/rdf-schema#label>	"Maximum des Verlustfaktors"@de	
<http://purl.obolibrary.org/obo/PATO_0001291>	<http://www.w3.org/2000/01/rdf-schema#label>	"electromagnetic (EM) radiation quality"@en	
<http://purl.obolibrary.org/obo/DIGITRUBBER_1000000>	<http://www.w3.org/2000/01/rdf-schema#label>	"weight averaged molecular weight"@en	
<http://purl.obolibrary.org/obo/DIGITRUBBER_1000000>	<http://www.w3.org/2000/01/rdf-schema#label>	"gewichtsgemittelte Molmasse"@de	
<http://purl.obolibrary.org/obo/OBI_0002989>	<http://www.w3.org/2000/01/rdf-schema#label>	"material supplier"@en	
<http://purl.obolibrary.org/obo/DIGITRUBBER_1000080>	<http://www.w3.org/2000/01/rdf-schema#label>	"storage modulus"@en	
<http://purl.obolibrary.org/obo/DIGITRUBBER_1000080>	<http://www.w3.org/2000/01/rdf-schema#label>	"Speichermodul"@de	
<http://purl.obolibrary.org/obo/DIGITRUBBER_000422>	<http://www.w3.org/2000/01/rdf-schema#label>	"compound batch"@en	
<http://purl.obolibrary.org/obo/DIGITRUBBER_000422>	<http://www.w3.org/2000/01/rdf-schema#label>	"Mischungscharge"@de	
<http://purl.obolibrary.org/obo/DIGITRUBBER_000394>	<http://www.w3.org/2000/01/rdf-schema#label>	"Stempel-Temperatur"@de	
<http://purl.obolibrary.org/obo/DIGITRUBBER_000394>	<http://www.w3.org/2000/01/rdf-schema#label>	"stamp temperature"@en	
<http://purl.obolibrary.org/obo/CHEBI_33582>	<http://www.w3.org/2000/01/rdf-schema#label>	"carbon group molecular entity"@en	
<http://purl.obolibrary.org/obo/DIGITRUBBER_000283>	<http://www.w3.org/2000/01/rdf-schema#label>	"Partikel"@de	
<http://purl.obolibrary.org/obo/DIGITRUBBER_000283>	<http://www.w3.org/2000/01/rdf-schema#label>	"particle"@en	
<http://purl.obolibrary.org/obo/DIGITRUBBER_1000017>	<http://www.w3.org/2000/01/rdf-schema#label>	"tread"@en	
<http://purl.obolibrary.org/obo/DIGITRUBBER_1000017>	<http://www.w3.org/2000/01/rdf-schema#label>	"Reifenlauffläche"@de	
<http://purl.obolibrary.org/obo/DIGITRUBBER_000343>	<http://www.w3.org/2000/01/rdf-schema#label>	"fixed roll"@en	
<http://purl.obolibrary.org/obo/DIGITRUBBER_000343>	<http://www.w3.org/2000/01/rdf-schema#label>	"Festwalze"@de	
<http://purl.obolibrary.org/obo/DIGITRUBBER_1000060>	<http://www.w3.org/2000/01/rdf-schema#label>	"quellung hausmethode K10-1"@de	
<http://purl.obolibrary.org/obo/DIGITRUBBER_1000060>	<http://www.w3.org/2000/01/rdf-schema#label>	"die swelling first measurement"@en	
<http://purl.obolibrary.org/obo/OBI_0200050>	<http://www.w3.org/2000/01/rdf-schema#label>	"dimensionality reduction"@en	
<http://purl.obolibrary.org/obo/DIGITRUBBER_000333>	<http://www.w3.org/2000/01/rdf-schema#label>	"Verzögerer"@de	
<http://purl.obolibrary.org/obo/DIGITRUBBER_000333>	<http://www.w3.org/2000/01/rdf-schema#label>	"retarder"@en	
<http://purl.obolibrary.org/obo/NCIT_C25677>	<http://www.w3.org/2000/01/rdf-schema#label>	"shape"@en	
<http://purl.obolibrary.org/obo/DIGITRUBBER_000593>	<http://www.w3.org/2000/01/rdf-schema#label>	"concentration measurement protocol"@en	
<http://purl.obolibrary.org/obo/DIGITRUBBER_000593>	<http://www.w3.org/2000/01/rdf-schema#label>	"Protokoll zur Konzentrationsmessung"@de	
<http://purl.obolibrary.org/obo/DIGITRUBBER_000193>	<http://www.w3.org/2000/01/rdf-schema#label>	"raman spectrum"@en	
<http://purl.obolibrary.org/obo/DIGITRUBBER_000538>	<http://www.w3.org/2000/01/rdf-schema#label>	"Mooney viscosity measurement protocol"@en	
<http://purl.obolibrary.org/obo/DIGITRUBBER_000538>	<http://www.w3.org/2000/01/rdf-schema#label>	"Protokoll zur Mooney-Viskositätsmessung"@de	
<http://purl.obolibrary.org/obo/DIGITRUBBER_000427>	<http://www.w3.org/2000/01/rdf-schema#label>	"Extruderstift"@de	
<http://purl.obolibrary.org/obo/DIGITRUBBER_000427>	<http://www.w3.org/2000/01/rdf-schema#label>	"extruder pin"@en	
<http://purl.obolibrary.org/obo/CHEBI_26835>	<http://www.w3.org/2000/01/rdf-schema#label>	"sulfur molecular entity"@en	
<http://purl.obolibrary.org/obo/DIGITRUBBER_1000043>	<http://www.w3.org/2000/01/rdf-schema#label>	"Zugspannung bei 100% Elongation [Arlanxeo]"@de	
<http://purl.obolibrary.org/obo/DIGITRUBBER_1000043>	<http://www.w3.org/2000/01/rdf-schema#label>	"S100"@en	
<http://purl.obolibrary.org/obo/CHEBI_24532>	<http://www.w3.org/2000/01/rdf-schema#label>	"organic heterocyclic compound"@en	
<http://purl.obolibrary.org/obo/DIGITRUBBER_000215>	<http://www.w3.org/2000/01/rdf-schema#label>	"distribution quality"@en	
<http://purl.obolibrary.org/obo/DIGITRUBBER_000179>	<http://www.w3.org/2000/01/rdf-schema#label>	"synthetikkautschuk"@de	
<http://purl.obolibrary.org/obo/DIGITRUBBER_000179>	<http://www.w3.org/2000/01/rdf-schema#label>	"synthetic rubber"@en	
<http://purl.obolibrary.org/obo/DIGITRUBBER_000024>	<http://www.w3.org/2000/01/rdf-schema#label>	"camera calibration"@en	
<http://purl.obolibrary.org/obo/DIGITRUBBER_000590>	<http://www.w3.org/2000/01/rdf-schema#label>	"ethylene concentration measurement assay [dik]"@en	
<http://purl.obolibrary.org/obo/DIGITRUBBER_000590>	<http://www.w3.org/2000/01/rdf-schema#label>	"Prüfung zur Ethylen-Konzentrationsmessung [dik]"@de	
<http://purl.obolibrary.org/obo/CHEBI_33675>	<http://www.w3.org/2000/01/rdf-schema#label>	"p-block molecular entity"@en	
<http://purl.obolibrary.org/obo/DIGITRUBBER_000475>	<http://www.w3.org/2000/01/rdf-schema#label>	"crosslink density"@en	
<http://purl.obolibrary.org/obo/DIGITRUBBER_000475>	<http://www.w3.org/2000/01/rdf-schema#label>	"Vernetzungsdichte"@de	
<http://purl.obolibrary.org/obo/DIGITRUBBER_000576>	<http://www.w3.org/2000/01/rdf-schema#label>	"loss shear modulus"@en	
<http://purl.obolibrary.org/obo/DIGITRUBBER_000576>	<http://www.w3.org/2000/01/rdf-schema#label>	"Verlustmodul"@de	
<http://purl.obolibrary.org/obo/OBI_0200175>	<http://www.w3.org/2000/01/rdf-schema#label>	"class discovery data transformation"@en	
<http://purl.obolibrary.org/obo/CHEBI_33655>	<http://www.w3.org/2000/01/rdf-schema#label>	"aromatic compound"@en	
<http://purl.obolibrary.org/obo/DIGITRUBBER_000328>	<http://www.w3.org/2000/01/rdf-schema#label>	"zinc dibenzyldithiocarbamate"@en	
<http://purl.obolibrary.org/obo/DIGITRUBBER_000328>	<http://www.w3.org/2000/01/rdf-schema#label>	"Zink-Dibenzyldithiocarbamat"@de	
<http://purl.obolibrary.org/obo/DIGITRUBBER_1000016>	<http://www.w3.org/2000/01/rdf-schema#label>	"silane"@en	
<http://purl.obolibrary.org/obo/DIGITRUBBER_1000016>	<http://www.w3.org/2000/01/rdf-schema#label>	"Silan"@de	
<http://purl.obolibrary.org/obo/DIGITRUBBER_000386>	<http://www.w3.org/2000/01/rdf-schema#label>	"rotor speed"@en	
<http://purl.obolibrary.org/obo/DIGITRUBBER_000386>	<http://www.w3.org/2000/01/rdf-schema#label>	"Rotor-Drehzahl"@de	
<http://purl.obolibrary.org/obo/NCIT_C55826>	<http://www.w3.org/2000/01/rdf-schema#label>	"plasticizer"@en	
<http://purl.obolibrary.org/obo/NCIT_C55826>	<http://www.w3.org/2000/01/rdf-schema#label>	"weichmacher"@de	
<http://purl.obolibrary.org/obo/CHEBI_48343>	<http://www.w3.org/2000/01/rdf-schema#label>	"disulfide"@en	
<http://purl.obolibrary.org/obo/CHEBI_33833>	<http://www.w3.org/2000/01/rdf-schema#label>	"heteroarene"@en	
<http://purl.obolibrary.org/obo/DIGITRUBBER_000125>	<http://www.w3.org/2000/01/rdf-schema#label>	"finished product"@en	
<http://purl.obolibrary.org/obo/DIGITRUBBER_000125>	<http://www.w3.org/2000/01/rdf-schema#label>	"endprodukt"@de	
<http://purl.obolibrary.org/obo/DIGITRUBBER_000431>	<http://www.w3.org/2000/01/rdf-schema#label>	"Extruderkopf"@de	
<http://purl.obolibrary.org/obo/DIGITRUBBER_000431>	<http://www.w3.org/2000/01/rdf-schema#label>	"extruder head"@en	
<http://purl.obolibrary.org/obo/DIGITRUBBER_1000026>	<http://www.w3.org/2000/01/rdf-schema#label>	"ramp"@en	
<http://purl.obolibrary.org/obo/DIGITRUBBER_1000026>	<http://www.w3.org/2000/01/rdf-schema#label>	"Rampe"@de	
<http://purl.obolibrary.org/obo/DIGITRUBBER_000366>	<http://www.w3.org/2000/01/rdf-schema#label>	"Festwalzen-Temperatursteuergerät"@de	
<http://purl.obolibrary.org/obo/DIGITRUBBER_000366>	<http://www.w3.org/2000/01/rdf-schema#label>	"fixed roll temperature control unit"@en	
<http://purl.obolibrary.org/obo/DIGITRUBBER_000094>	<http://www.w3.org/2000/01/rdf-schema#label>	"Zylinderdruck"@de	
<http://purl.obolibrary.org/obo/DIGITRUBBER_000094>	<http://www.w3.org/2000/01/rdf-schema#label>	"cylinder pressure"@en	
<http://purl.obolibrary.org/obo/CHEBI_29853>	<http://www.w3.org/2000/01/rdf-schema#label>	"ethylidene group"@en	
<http://purl.obolibrary.org/obo/CHEBI_29853>	<http://www.w3.org/2000/01/rdf-schema#label>	"Ethylidengruppe"@de	
<http://purl.obolibrary.org/obo/DIGITRUBBER_000592>	<http://www.w3.org/2000/01/rdf-schema#label>	"Prüfung zur Molekulargewichtsverteilung [dik]"@de	
<http://purl.obolibrary.org/obo/DIGITRUBBER_000592>	<http://www.w3.org/2000/01/rdf-schema#label>	"molecular weight distribution measurement assay [dik]"@en	
<http://purl.obolibrary.org/obo/DIGITRUBBER_1000057>	<http://www.w3.org/2000/01/rdf-schema#label>	"masse pro messzeit 2"@de	
<http://purl.obolibrary.org/obo/DIGITRUBBER_1000057>	<http://www.w3.org/2000/01/rdf-schema#label>	"mass per measurement time 2"@en	
<http://purl.obolibrary.org/obo/DIGITRUBBER_000291>	<http://www.w3.org/2000/01/rdf-schema#label>	"M-group rubber"@en	
<http://purl.obolibrary.org/obo/DIGITRUBBER_000291>	<http://www.w3.org/2000/01/rdf-schema#label>	"M-Gruppe Kautschuk"@de	
<http://purl.obolibrary.org/obo/DIGITRUBBER_1000006>	<http://www.w3.org/2000/01/rdf-schema#label>	"Styrol-Butadiene-Kautschuk"@de	
<http://purl.obolibrary.org/obo/DIGITRUBBER_1000006>	<http://www.w3.org/2000/01/rdf-schema#label>	"styrene-butadiene rubber"@en	
<http://purl.obolibrary.org/obo/CHEBI_33471>	<http://www.w3.org/2000/01/rdf-schema#label>	"hydrocarbylene group"@en	
<http://purl.obolibrary.org/obo/DIGITRUBBER_000440>	<http://www.w3.org/2000/01/rdf-schema#label>	"geometry variation"@en	
<http://purl.obolibrary.org/obo/DIGITRUBBER_000440>	<http://www.w3.org/2000/01/rdf-schema#label>	"Geometrieschwankung"@de	
<http://purl.obolibrary.org/obo/DIGITRUBBER_000573>	<http://www.w3.org/2000/01/rdf-schema#label>	"komplexer Young’s Modul"@de	
<http://purl.obolibrary.org/obo/DIGITRUBBER_000573>	<http://www.w3.org/2000/01/rdf-schema#label>	"complex Young’s modulus"@en	
<http://purl.obolibrary.org/obo/DIGITRUBBER_000229>	<http://www.w3.org/2000/01/rdf-schema#label>	"photometry"@en	
<http://purl.obolibrary.org/obo/DIGITRUBBER_000322>	<http://www.w3.org/2000/01/rdf-schema#label>	"Vulkacit MBTS"@en	
<http://purl.obolibrary.org/obo/DIGITRUBBER_000322>	<http://www.w3.org/2000/01/rdf-schema#label>	"Vulkacit MBTS"@de	
<http://purl.obolibrary.org/obo/DIGITRUBBER_000489>	<http://www.w3.org/2000/01/rdf-schema#label>	"sample"@en	
<http://purl.obolibrary.org/obo/DIGITRUBBER_000489>	<http://www.w3.org/2000/01/rdf-schema#label>	"Probe"@de	
<http://purl.obolibrary.org/obo/DIGITRUBBER_000582>	<http://www.w3.org/2000/01/rdf-schema#label>	"Rheometer"@de	
<http://purl.obolibrary.org/obo/DIGITRUBBER_000582>	<http://www.w3.org/2000/01/rdf-schema#label>	"curemeter"@en	
<http://purl.obolibrary.org/obo/DIGITRUBBER_000064>	<http://www.w3.org/2000/01/rdf-schema#label>	"Online-Optimierung"@de	
<http://purl.obolibrary.org/obo/DIGITRUBBER_000064>	<http://www.w3.org/2000/01/rdf-schema#label>	"online optimization"@en	
<http://purl.obolibrary.org/obo/DIGITRUBBER_1000032>	<http://www.w3.org/2000/01/rdf-schema#label>	"cis-Butadienegehalt"@de	
<http://purl.obolibrary.org/obo/DIGITRUBBER_1000032>	<http://www.w3.org/2000/01/rdf-schema#label>	"cis content"@en	
<http://purl.obolibrary.org/obo/PATO_0000051>	<http://www.w3.org/2000/01/rdf-schema#label>	"morphology"@en	
<http://purl.obolibrary.org/obo/DIGITRUBBER_000365>	<http://www.w3.org/2000/01/rdf-schema#label>	"Temperatursteuergerät"@de	
<http://purl.obolibrary.org/obo/DIGITRUBBER_000365>	<http://www.w3.org/2000/01/rdf-schema#label>	"temperature control unit"@en	
<http://purl.obolibrary.org/obo/DIGITRUBBER_000093>	<http://www.w3.org/2000/01/rdf-schema#label>	"Temperierung Zylinder"@de	
<http://purl.obolibrary.org/obo/DIGITRUBBER_000093>	<http://www.w3.org/2000/01/rdf-schema#label>	"tempering cylinder"@en	
<http://purl.obolibrary.org/obo/DIGITRUBBER_000305>	<http://www.w3.org/2000/01/rdf-schema#label>	"‎Prozessöl‎"@de	
<http://purl.obolibrary.org/obo/DIGITRUBBER_000305>	<http://www.w3.org/2000/01/rdf-schema#label>	"process oil"@en	
<http://purl.obolibrary.org/obo/OBI_0002076>	<http://www.w3.org/2000/01/rdf-schema#label>	"collection of specimens"@en	
<http://purl.obolibrary.org/obo/DIGITRUBBER_000565>	<http://www.w3.org/2000/01/rdf-schema#label>	"kinematic viscosity"@en	
<http://purl.obolibrary.org/obo/DIGITRUBBER_000565>	<http://www.w3.org/2000/01/rdf-schema#label>	"Kinematische Viskosität"@de	
<http://purl.obolibrary.org/obo/CHEBI_50803>	<http://www.w3.org/2000/01/rdf-schema#label>	"nanoparticle"@en	
<http://purl.obolibrary.org/obo/DIGITRUBBER_000454>	<http://www.w3.org/2000/01/rdf-schema#label>	"temperature measuring sword"@en	
<http://purl.obolibrary.org/obo/DIGITRUBBER_000454>	<http://www.w3.org/2000/01/rdf-schema#label>	"Temperaturmessschwert"@de	
<http://purl.obolibrary.org/obo/NCIT_C64925>	<http://www.w3.org/2000/01/rdf-schema#label>	"mixing [ncit]"@en	
<http://purl.obolibrary.org/obo/DIGITRUBBER_1000005>	<http://www.w3.org/2000/01/rdf-schema#label>	"Butadiene-Kautschuk"@de	
<http://purl.obolibrary.org/obo/DIGITRUBBER_1000005>	<http://www.w3.org/2000/01/rdf-schema#label>	"butadiene rubber"@en	
<http://purl.obolibrary.org/obo/DIGITRUBBER_000425>	<http://www.w3.org/2000/01/rdf-schema#label>	"Einschneckenextruder"@de	
<http://purl.obolibrary.org/obo/DIGITRUBBER_000425>	<http://www.w3.org/2000/01/rdf-schema#label>	"single screw extruder"@en	
<http://purl.obolibrary.org/obo/IAO_0000101>	<http://www.w3.org/2000/01/rdf-schema#label>	"image"@en	
<http://purl.obolibrary.org/obo/DIGITRUBBER_000632>	<http://www.w3.org/2000/01/rdf-schema#label>	"Ethylidennorbornen-Konzentration"@de	
<http://purl.obolibrary.org/obo/DIGITRUBBER_000632>	<http://www.w3.org/2000/01/rdf-schema#label>	"ethylidene norbornene concentration"@en	
<http://www.w3.org/ns/sosa/Sample>	<http://www.w3.org/2000/01/rdf-schema#label>	"Probe"@de	
<http://www.w3.org/ns/sosa/Sample>	<http://www.w3.org/2000/01/rdf-schema#label>	"sample"@en	
<http://purl.obolibrary.org/obo/DIGITRUBBER_000321>	<http://www.w3.org/2000/01/rdf-schema#label>	"Di(benzothiazol-2-yl)disulfid"@de	
<http://purl.obolibrary.org/obo/DIGITRUBBER_000321>	<http://www.w3.org/2000/01/rdf-schema#label>	"di(benzothiazol-2-yl)disulfide"@en	
<http://purl.obolibrary.org/obo/DIGITRUBBER_1000065>	<http://www.w3.org/2000/01/rdf-schema#label>	"temperatur tan d max"@de	
<http://purl.obolibrary.org/obo/DIGITRUBBER_1000065>	<http://www.w3.org/2000/01/rdf-schema#label>	"tan Delta Peak Temperature"@en	
<http://purl.obolibrary.org/obo/DIGITRUBBER_000083>	<http://www.w3.org/2000/01/rdf-schema#label>	"Mischungstemperatur"@de	
<http://purl.obolibrary.org/obo/DIGITRUBBER_000083>	<http://www.w3.org/2000/01/rdf-schema#label>	"mixing temperature"@en	
<http://purl.obolibrary.org/obo/CHEBI_24870>	<http://www.w3.org/2000/01/rdf-schema#label>	"ion"@en	
<http://purl.obolibrary.org/obo/DIGITRUBBER_000581>	<http://www.w3.org/2000/01/rdf-schema#label>	"Mooney shearing-disc viscometer"@en	
<http://purl.obolibrary.org/obo/DIGITRUBBER_000581>	<http://www.w3.org/2000/01/rdf-schema#label>	"Mooney-Scherscheibenviskosimeter"@de	
<https://w3id.org/pmd/co/PMD_0000879>	<http://www.w3.org/2000/01/rdf-schema#label>	"organization"@en	
<http://purl.obolibrary.org/obo/DIGITRUBBER_000497>	<http://www.w3.org/2000/01/rdf-schema#label>	"physikalische Qualität"@de	
<http://purl.obolibrary.org/obo/DIGITRUBBER_000497>	<http://www.w3.org/2000/01/rdf-schema#label>	"physical quality"@en	
<http://purl.obolibrary.org/obo/OBI_0000023>	<http://www.w3.org/2000/01/rdf-schema#label>	"classified data set"@en	
<http://purl.obolibrary.org/obo/NCIT_C154897>	<http://www.w3.org/2000/01/rdf-schema#label>	"activator"@en	
<http://purl.obolibrary.org/obo/NCIT_C154897>	<http://www.w3.org/2000/01/rdf-schema#label>	"Aktivator"@de	
<http://purl.obolibrary.org/obo/DIGITRUBBER_000480>	<http://www.w3.org/2000/01/rdf-schema#label>	"state of cure"@en	
<http://purl.obolibrary.org/obo/DIGITRUBBER_000480>	<http://www.w3.org/2000/01/rdf-schema#label>	"Vernetzungsgrad"@de	
<http://purl.obolibrary.org/obo/DIGITRUBBER_000381>	<http://www.w3.org/2000/01/rdf-schema#label>	"Innenmischer"@de	
<http://purl.obolibrary.org/obo/DIGITRUBBER_000381>	<http://www.w3.org/2000/01/rdf-schema#label>	"internal mixer"@en	
<http://purl.obolibrary.org/obo/PATO_0000122>	<http://www.w3.org/2000/01/rdf-schema#label>	"length"@en	
<http://purl.obolibrary.org/obo/DIGITRUBBER_000162>	<http://www.w3.org/2000/01/rdf-schema#label>	"reifenproduktionsmaschine"@de	
<http://purl.obolibrary.org/obo/DIGITRUBBER_000162>	<http://www.w3.org/2000/01/rdf-schema#label>	"tire-building machine"@en	
<http://purl.obolibrary.org/obo/DIGITRUBBER_000297>	<http://www.w3.org/2000/01/rdf-schema#label>	"carbon black"@en	
<http://purl.obolibrary.org/obo/DIGITRUBBER_000297>	<http://www.w3.org/2000/01/rdf-schema#label>	"Ruß"@de	
<http://purl.obolibrary.org/obo/DIGITRUBBER_1000075>	<http://www.w3.org/2000/01/rdf-schema#label>	"instruction step"@en	
<http://purl.obolibrary.org/obo/DIGITRUBBER_000302>	<http://www.w3.org/2000/01/rdf-schema#label>	"softener"@en	
<http://purl.obolibrary.org/obo/DIGITRUBBER_000302>	<http://www.w3.org/2000/01/rdf-schema#label>	"Weichmacher"@de	
<http://purl.obolibrary.org/obo/DIGITRUBBER_000330>	<http://www.w3.org/2000/01/rdf-schema#label>	"Vulkanisationsmittel"@de	
<http://purl.obolibrary.org/obo/DIGITRUBBER_000330>	<http://www.w3.org/2000/01/rdf-schema#label>	"vulcanizing agent"@en	
<http://purl.obolibrary.org/obo/DIGITRUBBER_000111>	<http://www.w3.org/2000/01/rdf-schema#label>	"energiekosten"@de	
<http://purl.obolibrary.org/obo/DIGITRUBBER_000111>	<http://www.w3.org/2000/01/rdf-schema#label>	"energy cost"@en	
<http://purl.obolibrary.org/obo/DIGITRUBBER_000562>	<http://www.w3.org/2000/01/rdf-schema#label>	"volume-specific surface"@en	
<http://purl.obolibrary.org/obo/DIGITRUBBER_000562>	<http://www.w3.org/2000/01/rdf-schema#label>	"Volumenbezogene spezifische Oberfläche"@de	
<http://purl.obolibrary.org/obo/DIGITRUBBER_000027>	<http://www.w3.org/2000/01/rdf-schema#label>	"agent"@en	
<http://purl.obolibrary.org/obo/DIGITRUBBER_000391>	<http://www.w3.org/2000/01/rdf-schema#label>	"drop door temperature control unit"@en	
<http://purl.obolibrary.org/obo/DIGITRUBBER_000391>	<http://www.w3.org/2000/01/rdf-schema#label>	"Klappsattel-Temperatursteuergerät"@de	
<http://purl.obolibrary.org/obo/DIGITRUBBER_1000048>	<http://www.w3.org/2000/01/rdf-schema#label>	"Realteil des elastischen Moduls gemessen bei 60 °C"@de	
<http://purl.obolibrary.org/obo/DIGITRUBBER_1000048>	<http://www.w3.org/2000/01/rdf-schema#label>	"E dash 60 degree celcius"@en	
<http://purl.obolibrary.org/obo/DIGITRUBBER_000579>	<http://www.w3.org/2000/01/rdf-schema#label>	"Tangens delta"@de	
<http://purl.obolibrary.org/obo/DIGITRUBBER_000579>	<http://www.w3.org/2000/01/rdf-schema#label>	"tan delta"@en	
<http://purl.obolibrary.org/obo/CHEBI_72695>	<http://www.w3.org/2000/01/rdf-schema#label>	"organic molecule"@en	
<http://purl.obolibrary.org/obo/DIGITRUBBER_000424>	<http://www.w3.org/2000/01/rdf-schema#label>	"extruder"@en	
<http://purl.obolibrary.org/obo/DIGITRUBBER_000424>	<http://www.w3.org/2000/01/rdf-schema#label>	"Extruder"@de	
<http://purl.obolibrary.org/obo/OBI_0100051>	<http://www.w3.org/2000/01/rdf-schema#label>	"specimen"@en	
<http://purl.obolibrary.org/obo/DIGITRUBBER_000340>	<http://www.w3.org/2000/01/rdf-schema#label>	"Produktdatenblatt"@de	
<http://purl.obolibrary.org/obo/DIGITRUBBER_000340>	<http://www.w3.org/2000/01/rdf-schema#label>	"product data sheet"@en	
<http://purl.obolibrary.org/obo/DIGITRUBBER_1000019>	<http://www.w3.org/2000/01/rdf-schema#label>	"elastic modulus"@en	
<http://purl.obolibrary.org/obo/DIGITRUBBER_1000019>	<http://www.w3.org/2000/01/rdf-schema#label>	"Elastisches Modul"@de	
<http://purl.obolibrary.org/obo/DIGITRUBBER_1000091>	<http://www.w3.org/2000/01/rdf-schema#label>	"gleichung"@de	
<http://purl.obolibrary.org/obo/DIGITRUBBER_1000091>	<http://www.w3.org/2000/01/rdf-schema#label>	"equation"@en	
<http://purl.obolibrary.org/obo/DIGITRUBBER_000482>	<http://www.w3.org/2000/01/rdf-schema#label>	"Autoklav"@de	
<http://purl.obolibrary.org/obo/DIGITRUBBER_000482>	<http://www.w3.org/2000/01/rdf-schema#label>	"autoclave"@en	
<http://purl.obolibrary.org/obo/DIGITRUBBER_1000062>	<http://www.w3.org/2000/01/rdf-schema#label>	"rubber mixing"@en	
<http://purl.obolibrary.org/obo/DIGITRUBBER_000082>	<http://www.w3.org/2000/01/rdf-schema#label>	"Zweischneckenextruder"@de	
<http://purl.obolibrary.org/obo/DIGITRUBBER_000082>	<http://www.w3.org/2000/01/rdf-schema#label>	"twin screw extruder"@en	
<http://purl.obolibrary.org/obo/DIGITRUBBER_000462>	<http://www.w3.org/2000/01/rdf-schema#label>	"feeding zone"@en	
<http://purl.obolibrary.org/obo/DIGITRUBBER_000462>	<http://www.w3.org/2000/01/rdf-schema#label>	"Einzugszone"@de	
<http://purl.obolibrary.org/obo/DIGITRUBBER1000031>	<http://www.w3.org/2000/01/rdf-schema#label>	"extruder zone"@en	
<http://purl.obolibrary.org/obo/DIGITRUBBER1000031>	<http://www.w3.org/2000/01/rdf-schema#label>	"Extruderzone"@de	
<http://purl.obolibrary.org/obo/NCIT_C53322>	<http://www.w3.org/2000/01/rdf-schema#label>	"standard deviation"@en	
<http://purl.obolibrary.org/obo/IAO_0000308>	<http://www.w3.org/2000/01/rdf-schema#label>	"figure"@en	
<http://purl.obolibrary.org/obo/DIGITRUBBER_000595>	<http://www.w3.org/2000/01/rdf-schema#label>	"ethylidene norbornene concentration measurement protocol"@en	
<http://purl.obolibrary.org/obo/DIGITRUBBER_000595>	<http://www.w3.org/2000/01/rdf-schema#label>	"Protokoll zur Ethylidennorbornen-Konzentrationsmessung"@de	
<http://purl.obolibrary.org/obo/DIGITRUBBER_000535>	<http://www.w3.org/2000/01/rdf-schema#label>	"manufacturing specification"@en	
<http://purl.obolibrary.org/obo/DIGITRUBBER_000535>	<http://www.w3.org/2000/01/rdf-schema#label>	"Herstellungsvorschrift"@de	
<http://purl.obolibrary.org/obo/DIGITRUBBER_000099>	<http://www.w3.org/2000/01/rdf-schema#label>	"outlet surface"@en	
<http://purl.obolibrary.org/obo/DIGITRUBBER_000099>	<http://www.w3.org/2000/01/rdf-schema#label>	"Austrittsfläche"@de	
<http://purl.obolibrary.org/obo/CHEBI_50860>	<http://www.w3.org/2000/01/rdf-schema#label>	"organic molecular entity"@en	
<http://purl.obolibrary.org/obo/DIGITRUBBER_000640>	<http://www.w3.org/2000/01/rdf-schema#label>	"normalization"@en	
<http://purl.obolibrary.org/obo/DIGITRUBBER_000132>	<http://www.w3.org/2000/01/rdf-schema#label>	"supervisor"@en	
<http://purl.obolibrary.org/obo/DIGITRUBBER_000132>	<http://www.w3.org/2000/01/rdf-schema#label>	"supervisor"@de	
<http://purl.obolibrary.org/obo/OBI_0000371>	<http://www.w3.org/2000/01/rdf-schema#label>	"heat function"@en	
<http://purl.obolibrary.org/obo/DIGITRUBBER_000048>	<http://www.w3.org/2000/01/rdf-schema#label>	"Kautschuk"@de	
<http://purl.obolibrary.org/obo/DIGITRUBBER_000048>	<http://www.w3.org/2000/01/rdf-schema#label>	"rubber"@en	
<http://purl.obolibrary.org/obo/DIGITRUBBER_000472>	<http://www.w3.org/2000/01/rdf-schema#label>	"molding zone temperature control unit"@en	
<http://purl.obolibrary.org/obo/DIGITRUBBER_000472>	<http://www.w3.org/2000/01/rdf-schema#label>	"Werkzeugzonen-Temperatursteuergerät"@de	
<http://purl.obolibrary.org/obo/DIGITRUBBER_000373>	<http://www.w3.org/2000/01/rdf-schema#label>	"Mastikation"@de	
<http://purl.obolibrary.org/obo/DIGITRUBBER_000373>	<http://www.w3.org/2000/01/rdf-schema#label>	"mastication"@en	
<http://purl.obolibrary.org/obo/DIGITRUBBER_1000045>	<http://www.w3.org/2000/01/rdf-schema#label>	"Medianwert der Bruchdehnung [Arlanxeo]"@de	
<http://purl.obolibrary.org/obo/DIGITRUBBER_1000045>	<http://www.w3.org/2000/01/rdf-schema#label>	"D Median"@en	
<http://purl.obolibrary.org/obo/DIGITRUBBER_000289>	<http://www.w3.org/2000/01/rdf-schema#label>	"Rohkautschuk"@de	
<http://purl.obolibrary.org/obo/DIGITRUBBER_000289>	<http://www.w3.org/2000/01/rdf-schema#label>	"raw rubber"@en	
<http://purl.obolibrary.org/obo/DIGITRUBBER_1000023>	<http://www.w3.org/2000/01/rdf-schema#label>	"Servo-hydraulische Prüfmaschine von der Firma Mechanical Test Systems (MTS) [Arlanxeo]"@de	
<http://purl.obolibrary.org/obo/DIGITRUBBER_1000023>	<http://www.w3.org/2000/01/rdf-schema#label>	"mechanical testing system"@en	
<http://purl.obolibrary.org/obo/DIGITRUBBER_1000054>	<http://www.w3.org/2000/01/rdf-schema#label>	"Medianwert der Bruchspannung [Arlanxeo]"@de	
<http://purl.obolibrary.org/obo/DIGITRUBBER_1000054>	<http://www.w3.org/2000/01/rdf-schema#label>	"F Median"@en	
<http://purl.obolibrary.org/obo/DIGITRUBBER_000390>	<http://www.w3.org/2000/01/rdf-schema#label>	"Mischkammer-Temperatur"@de	
<http://purl.obolibrary.org/obo/DIGITRUBBER_000390>	<http://www.w3.org/2000/01/rdf-schema#label>	"mixing chamber temperature"@en	
<http://purl.obolibrary.org/obo/DIGITRUBBER_000318>	<http://www.w3.org/2000/01/rdf-schema#label>	"Zweitvulkanisationsbeschleuniger"@de	
<http://purl.obolibrary.org/obo/DIGITRUBBER_000318>	<http://www.w3.org/2000/01/rdf-schema#label>	"secondary vulcanisation accelerator"@en	
<http://purl.obolibrary.org/obo/DIGITRUBBER_000650>	<http://www.w3.org/2000/01/rdf-schema#label>	"styrene-butadiene rubber SBR"@en	
<http://purl.obolibrary.org/obo/DIGITRUBBER_000578>	<http://www.w3.org/2000/01/rdf-schema#label>	"modulus"@en	
<http://purl.obolibrary.org/obo/DIGITRUBBER_000578>	<http://www.w3.org/2000/01/rdf-schema#label>	"Modul"@de	
<http://purl.obolibrary.org/obo/DIGITRUBBER_000467>	<http://www.w3.org/2000/01/rdf-schema#label>	"screw temperature"@en	
<http://purl.obolibrary.org/obo/DIGITRUBBER_000467>	<http://www.w3.org/2000/01/rdf-schema#label>	"Schnecken-Temperatur"@de	
<http://purl.obolibrary.org/obo/NCIT_C48367>	<http://www.w3.org/2000/01/rdf-schema#label>	"pixel"@en	
<http://purl.obolibrary.org/obo/DIGITRUBBER_000587>	<http://www.w3.org/2000/01/rdf-schema#label>	"press plate"@en	
<http://purl.obolibrary.org/obo/DIGITRUBBER_000587>	<http://www.w3.org/2000/01/rdf-schema#label>	"Pressenplatte"@de	
<http://purl.obolibrary.org/obo/DIGITRUBBER_000370>	<http://www.w3.org/2000/01/rdf-schema#label>	"roller gap"@en	
<http://purl.obolibrary.org/obo/DIGITRUBBER_000370>	<http://www.w3.org/2000/01/rdf-schema#label>	"Walzenspalt"@de	
<http://purl.obolibrary.org/obo/DIGITRUBBER_1000083>	<http://www.w3.org/2000/01/rdf-schema#label>	"rubber process analyzer"@en	
<http://purl.obolibrary.org/obo/DIGITRUBBER_000100>	<http://www.w3.org/2000/01/rdf-schema#label>	"Extrusionsdurchsatz"@de	
<http://purl.obolibrary.org/obo/DIGITRUBBER_000100>	<http://www.w3.org/2000/01/rdf-schema#label>	"Extrusion throughput"@en	
<http://purl.obolibrary.org/obo/CHEBI_38101>	<http://www.w3.org/2000/01/rdf-schema#label>	"organonitrogen heterocyclic compound"@en	
<http://purl.obolibrary.org/obo/DIGITRUBBER_000016>	<http://www.w3.org/2000/01/rdf-schema#label>	"distance between sensor and extrudate"@en	
<http://purl.obolibrary.org/obo/DIGITRUBBER_000180>	<http://www.w3.org/2000/01/rdf-schema#label>	"filling material"@en	
<http://purl.obolibrary.org/obo/DIGITRUBBER_000180>	<http://www.w3.org/2000/01/rdf-schema#label>	"füllstoffe"@de	
<http://purl.obolibrary.org/obo/DIGITRUBBER_000368>	<http://www.w3.org/2000/01/rdf-schema#label>	"fixed roll temperature"@en	
<http://purl.obolibrary.org/obo/DIGITRUBBER_000368>	<http://www.w3.org/2000/01/rdf-schema#label>	"Festwalzen-Temperatur"@de	
<http://purl.obolibrary.org/obo/DIGITRUBBER_000096>	<http://www.w3.org/2000/01/rdf-schema#label>	"Werkzeugdruck"@de	
<http://purl.obolibrary.org/obo/DIGITRUBBER_000096>	<http://www.w3.org/2000/01/rdf-schema#label>	"extrusion pressure"@en	
<http://purl.obolibrary.org/obo/DIGITRUBBER_000308>	<http://www.w3.org/2000/01/rdf-schema#label>	"Antilux 500‎"@en	
<http://purl.obolibrary.org/obo/DIGITRUBBER_000308>	<http://www.w3.org/2000/01/rdf-schema#label>	"Antilux 500‎"@de	
<http://purl.obolibrary.org/obo/DIGITRUBBER_1000059>	<http://www.w3.org/2000/01/rdf-schema#label>	"massedruck 2"@de	
<http://purl.obolibrary.org/obo/DIGITRUBBER_1000059>	<http://www.w3.org/2000/01/rdf-schema#label>	"mass pressure 2"@en	
<http://purl.obolibrary.org/obo/DIGITRUBBER_000117>	<http://www.w3.org/2000/01/rdf-schema#label>	"turnover"@en	
<http://purl.obolibrary.org/obo/DIGITRUBBER_000117>	<http://www.w3.org/2000/01/rdf-schema#label>	"umsatz"@de	
<http://purl.obolibrary.org/obo/NCIT_C52095>	<http://www.w3.org/2000/01/rdf-schema#label>	"metadata"@en	
<http://purl.obolibrary.org/obo/DIGITRUBBER_000568>	<http://www.w3.org/2000/01/rdf-schema#label>	"molecular weight"@en	
<http://purl.obolibrary.org/obo/DIGITRUBBER_000568>	<http://www.w3.org/2000/01/rdf-schema#label>	"Molekulargewicht"@de	
<http://purl.obolibrary.org/obo/DIGITRUBBER_000413>	<http://www.w3.org/2000/01/rdf-schema#label>	"addition sequence"@en	
<http://purl.obolibrary.org/obo/DIGITRUBBER_000413>	<http://www.w3.org/2000/01/rdf-schema#label>	"Zugabereihenfolge"@de	
<http://purl.obolibrary.org/obo/DIGITRUBBER_000493>	<http://www.w3.org/2000/01/rdf-schema#label>	"scrap rubber"@en	
<http://purl.obolibrary.org/obo/DIGITRUBBER_000493>	<http://www.w3.org/2000/01/rdf-schema#label>	"Gummiabfall"@de	
<http://purl.obolibrary.org/obo/DIGITRUBBER_000471>	<http://www.w3.org/2000/01/rdf-schema#label>	"Stiftzonen-Temperatur"@de	
<http://purl.obolibrary.org/obo/DIGITRUBBER_000471>	<http://www.w3.org/2000/01/rdf-schema#label>	"pin zone temperature"@en	
<http://purl.obolibrary.org/obo/OBI_0000700>	<http://www.w3.org/2000/01/rdf-schema#label>	"support vector machine"@en	
<http://purl.obolibrary.org/obo/DIGITRUBBER_1000088>	<http://www.w3.org/2000/01/rdf-schema#label>	"sieving process"@en	
<http://purl.obolibrary.org/obo/DIGITRUBBER_1000088>	<http://www.w3.org/2000/01/rdf-schema#label>	"siebverfahren"@de	
<http://purl.obolibrary.org/obo/DIGITRUBBER_000324>	<http://www.w3.org/2000/01/rdf-schema#label>	"Tetrabenzylthiuramdisulfid"@de	
<http://purl.obolibrary.org/obo/DIGITRUBBER_000324>	<http://www.w3.org/2000/01/rdf-schema#label>	"tetrabenzylthiuramdisulfide"@en	
<http://purl.obolibrary.org/obo/DIGITRUBBER_000584>	<http://www.w3.org/2000/01/rdf-schema#label>	"rotorloser Rheometer"@de	
<http://purl.obolibrary.org/obo/DIGITRUBBER_000584>	<http://www.w3.org/2000/01/rdf-schema#label>	"rotorless curemeter"@en	
<http://purl.obolibrary.org/obo/DIGITRUBBER_000524>	<http://www.w3.org/2000/01/rdf-schema#label>	"Mooney Einheit"@de	
<http://purl.obolibrary.org/obo/DIGITRUBBER_000524>	<http://www.w3.org/2000/01/rdf-schema#label>	"Mooney unit"@en	
<http://purl.obolibrary.org/obo/DIGITRUBBER_000001>	<http://www.w3.org/2000/01/rdf-schema#label>	"measurement quality"@en	
<http://purl.obolibrary.org/obo/CHMO_0000258>	<http://www.w3.org/2000/01/rdf-schema#label>	"laser-induced breakdown spectroscopy"@en	
<http://purl.obolibrary.org/obo/CHEBI_36829>	<http://www.w3.org/2000/01/rdf-schema#label>	"polyatomic monoanion"@en	
<http://purl.obolibrary.org/obo/DIGITRUBBER_000384>	<http://www.w3.org/2000/01/rdf-schema#label>	"Klappsattel"@de	
<http://purl.obolibrary.org/obo/DIGITRUBBER_000384>	<http://www.w3.org/2000/01/rdf-schema#label>	"drop door"@en	
<http://purl.obolibrary.org/obo/APOLLO_SV_00000008>	<http://www.w3.org/2000/01/rdf-schema#label>	"software development"@en	
<http://purl.obolibrary.org/obo/DIGITRUBBER_000090>	<http://www.w3.org/2000/01/rdf-schema#label>	"screw torque"@en	
<http://purl.obolibrary.org/obo/DIGITRUBBER_000090>	<http://www.w3.org/2000/01/rdf-schema#label>	"Schneckendrehmoment"@de	
<http://purl.obolibrary.org/obo/DIGITRUBBER_000389>	<http://www.w3.org/2000/01/rdf-schema#label>	"mixing chamber temperature control unit"@en	
<http://purl.obolibrary.org/obo/DIGITRUBBER_000389>	<http://www.w3.org/2000/01/rdf-schema#label>	"Mischkammer-Temperatursteuergerät"@de	
<http://purl.obolibrary.org/obo/DIGITRUBBER_1000034>	<http://www.w3.org/2000/01/rdf-schema#label>	"vinyl content"@en	
<http://purl.obolibrary.org/obo/DIGITRUBBER_1000034>	<http://www.w3.org/2000/01/rdf-schema#label>	"Vinyl-Gehalt"@de	
<http://purl.obolibrary.org/obo/DIGITRUBBER_000646>	<http://www.w3.org/2000/01/rdf-schema#label>	"polyisoprene IR"@en	
<http://purl.obolibrary.org/obo/OBI_0000401>	<http://www.w3.org/2000/01/rdf-schema#label>	"environment control function"@en	
<http://purl.obolibrary.org/obo/DIGITRUBBER_000307>	<http://www.w3.org/2000/01/rdf-schema#label>	"antidegradant"@en	
<http://purl.obolibrary.org/obo/DIGITRUBBER_000307>	<http://www.w3.org/2000/01/rdf-schema#label>	"Alterungsschutzmittel"@de	
<http://purl.obolibrary.org/obo/DIGITRUBBER_1000002>	<http://www.w3.org/2000/01/rdf-schema#label>	"Gel-Permeations-Chromatographie"@de	
<http://purl.obolibrary.org/obo/DIGITRUBBER_1000002>	<http://www.w3.org/2000/01/rdf-schema#label>	"gel permeation chromatography method"@en	
<http://purl.obolibrary.org/obo/CHEBI_38418>	<http://www.w3.org/2000/01/rdf-schema#label>	"1,3-thiazoles"@en	
<http://purl.obolibrary.org/obo/DIGITRUBBER_000456>	<http://www.w3.org/2000/01/rdf-schema#label>	"temperature sensor"@en	
<http://purl.obolibrary.org/obo/DIGITRUBBER_000456>	<http://www.w3.org/2000/01/rdf-schema#label>	"Temperatursensor"@de	
<http://purl.obolibrary.org/obo/CHEBI_84291>	<http://www.w3.org/2000/01/rdf-schema#label>	"organic sulfur anion"@en	
<http://purl.obolibrary.org/obo/PATO_0001739>	<http://www.w3.org/2000/01/rdf-schema#label>	"radiation quality"@en	
<http://purl.obolibrary.org/obo/DIGITRUBBER_1000072>	<http://www.w3.org/2000/01/rdf-schema#label>	"ingredient specification set"@en	
<http://purl.obolibrary.org/obo/OBI_0200190>	<http://www.w3.org/2000/01/rdf-schema#label>	"clustered data visualization"@en	
<http://purl.obolibrary.org/obo/OBI_0000659>	<http://www.w3.org/2000/01/rdf-schema#label>	"specimen collection process"@en	
<http://purl.obolibrary.org/obo/DIGITRUBBER_000345>	<http://www.w3.org/2000/01/rdf-schema#label>	"Drehzahl"@de	
<http://purl.obolibrary.org/obo/DIGITRUBBER_000345>	<http://www.w3.org/2000/01/rdf-schema#label>	"rotational frequency"@en	
<http://purl.obolibrary.org/obo/PATO_0001546>	<http://www.w3.org/2000/01/rdf-schema#label>	"quality of a solid"@en	
<http://purl.obolibrary.org/obo/DIGITRUBBER_000485>	<http://www.w3.org/2000/01/rdf-schema#label>	"Vulkanisationsplateau"@de	
<http://purl.obolibrary.org/obo/DIGITRUBBER_000485>	<http://www.w3.org/2000/01/rdf-schema#label>	"plateau cure"@en	
<http://purl.obolibrary.org/obo/DIGITRUBBER_000494>	<http://www.w3.org/2000/01/rdf-schema#label>	"Produktionsabfall"@de	
<http://purl.obolibrary.org/obo/DIGITRUBBER_000494>	<http://www.w3.org/2000/01/rdf-schema#label>	"factory scrap"@en	
<http://purl.obolibrary.org/obo/DIGITRUBBER_000316>	<http://www.w3.org/2000/01/rdf-schema#label>	"vulcanisation accelerator"@en	
<http://purl.obolibrary.org/obo/DIGITRUBBER_000316>	<http://www.w3.org/2000/01/rdf-schema#label>	"Vulkanisationsbeschleuniger"@de	
<http://purl.obolibrary.org/obo/DIGITRUBBER_000205>	<http://www.w3.org/2000/01/rdf-schema#label>	"concentration"@en	
<http://purl.obolibrary.org/obo/OBI_0000047>	<http://www.w3.org/2000/01/rdf-schema#label>	"processed material"@en	
<http://purl.obolibrary.org/obo/CHEBI_33285>	<http://www.w3.org/2000/01/rdf-schema#label>	"heteroorganic entity"@en	
<http://purl.obolibrary.org/obo/DIGITRUBBER_1000067>	<http://www.w3.org/2000/01/rdf-schema#label>	"tan d 7 percent 1 Messung"@de	
<http://purl.obolibrary.org/obo/DIGITRUBBER_1000067>	<http://www.w3.org/2000/01/rdf-schema#label>	"loss factor at 7 percent"@en	
<http://purl.obolibrary.org/obo/DIGITRUBBER_000523>	<http://www.w3.org/2000/01/rdf-schema#label>	"Mooney viscosity unit"@en	
<http://purl.obolibrary.org/obo/DIGITRUBBER_000523>	<http://www.w3.org/2000/01/rdf-schema#label>	"Mooney Viskositätseinheit"@de	
<http://purl.obolibrary.org/obo/DIGITRUBBER_000465>	<http://www.w3.org/2000/01/rdf-schema#label>	"Speisewalzen-Temperatur"@de	
<http://purl.obolibrary.org/obo/DIGITRUBBER_000465>	<http://www.w3.org/2000/01/rdf-schema#label>	"feeding roll temperature"@en	
<http://purl.obolibrary.org/obo/DIGITRUBBER_000439>	<http://www.w3.org/2000/01/rdf-schema#label>	"pressure variation"@en	
<http://purl.obolibrary.org/obo/DIGITRUBBER_000439>	<http://www.w3.org/2000/01/rdf-schema#label>	"Druckschwankung"@de	
<http://purl.obolibrary.org/obo/DIGITRUBBER_000383>	<http://www.w3.org/2000/01/rdf-schema#label>	"Mischkammer"@de	
<http://purl.obolibrary.org/obo/DIGITRUBBER_000383>	<http://www.w3.org/2000/01/rdf-schema#label>	"mixing chamber"@en	
<http://purl.obolibrary.org/obo/DIGITRUBBER_000643>	<http://www.w3.org/2000/01/rdf-schema#label>	"functional group"@en	
<http://purl.obolibrary.org/obo/DIGITRUBBER_000299>	<http://www.w3.org/2000/01/rdf-schema#label>	"S-carbon black"@en	
<http://purl.obolibrary.org/obo/DIGITRUBBER_000299>	<http://www.w3.org/2000/01/rdf-schema#label>	"S-Ruß"@de	
<http://purl.obolibrary.org/obo/DIGITRUBBER_000135>	<http://www.w3.org/2000/01/rdf-schema#label>	"lagerist"@de	
<http://purl.obolibrary.org/obo/DIGITRUBBER_000135>	<http://www.w3.org/2000/01/rdf-schema#label>	"warehouse clerk"@en	
<http://purl.obolibrary.org/obo/DIGITRUBBER_000419>	<http://www.w3.org/2000/01/rdf-schema#label>	"Mischzeit"@de	
<http://purl.obolibrary.org/obo/DIGITRUBBER_000419>	<http://www.w3.org/2000/01/rdf-schema#label>	"mixing time"@en	
<http://purl.obolibrary.org/obo/DIGITRUBBER_1000077>	<http://www.w3.org/2000/01/rdf-schema#label>	"stempelweg"@de	
<http://purl.obolibrary.org/obo/DIGITRUBBER_1000077>	<http://www.w3.org/2000/01/rdf-schema#label>	"ram position"@en	
<http://purl.obolibrary.org/obo/DIGITRUBBER_000332>	<http://www.w3.org/2000/01/rdf-schema#label>	"Vernetzungsgeschwindigkeit"@de	
<http://purl.obolibrary.org/obo/DIGITRUBBER_000332>	<http://www.w3.org/2000/01/rdf-schema#label>	"cure rate"@en	
<http://purl.obolibrary.org/obo/OBI_0200033>	<http://www.w3.org/2000/01/rdf-schema#label>	"leave one out cross validation method"@en	
<http://purl.obolibrary.org/obo/DIGITRUBBER_000041>	<http://www.w3.org/2000/01/rdf-schema#label>	"elastomer"@en	
<http://purl.obolibrary.org/obo/DIGITRUBBER_000041>	<http://www.w3.org/2000/01/rdf-schema#label>	"Elastomere"@de	
<http://purl.obolibrary.org/obo/DIGITRUBBER_000421>	<http://www.w3.org/2000/01/rdf-schema#label>	"Mischstufenanzahl [dik]"@de	
<http://purl.obolibrary.org/obo/DIGITRUBBER_000421>	<http://www.w3.org/2000/01/rdf-schema#label>	"number of mixing stages"@en	
<http://purl.obolibrary.org/obo/DIGITRUBBER_000149>	<http://www.w3.org/2000/01/rdf-schema#label>	"deprecated class"@en	
<http://purl.obolibrary.org/obo/DIGITRUBBER_000393>	<http://www.w3.org/2000/01/rdf-schema#label>	"stamp temperature control unit"@en	
<http://purl.obolibrary.org/obo/DIGITRUBBER_000393>	<http://www.w3.org/2000/01/rdf-schema#label>	"Stempel-Temperatursteuergerät"@de	
<http://purl.obolibrary.org/obo/CHEBI_133602>	<http://www.w3.org/2000/01/rdf-schema#label>	"carbon black nanoparticle"@en	
<http://purl.obolibrary.org/obo/DIGITRUBBER_000342>	<http://www.w3.org/2000/01/rdf-schema#label>	"roll"@en	
<http://purl.obolibrary.org/obo/DIGITRUBBER_000342>	<http://www.w3.org/2000/01/rdf-schema#label>	"Walze"@de	
<http://purl.allotrope.org/ontologies/result#AFR_0002036>	<http://www.w3.org/2000/01/rdf-schema#label>	"concentration datum"@en	
<http://purl.obolibrary.org/obo/DIGITRUBBER_1000086>	<http://www.w3.org/2000/01/rdf-schema#label>	"surface topography"@en	
<http://purl.obolibrary.org/obo/DIGITRUBBER_1000086>	<http://www.w3.org/2000/01/rdf-schema#label>	"oberflächentopografie"@de	
<http://purl.obolibrary.org/obo/CHEBI_38179>	<http://www.w3.org/2000/01/rdf-schema#label>	"monocyclic heteroarene"@en	
<http://purl.obolibrary.org/obo/DIGITRUBBER_000464>	<http://www.w3.org/2000/01/rdf-schema#label>	"Speisewalzen-Temperatursteuergerät"@de	
<http://purl.obolibrary.org/obo/DIGITRUBBER_000464>	<http://www.w3.org/2000/01/rdf-schema#label>	"feeding roll temperature control unit"@en	
<http://purl.obolibrary.org/obo/DIGITRUBBER_000293>	<http://www.w3.org/2000/01/rdf-schema#label>	"Dienkautschuk"@de	
<http://purl.obolibrary.org/obo/DIGITRUBBER_000293>	<http://www.w3.org/2000/01/rdf-schema#label>	"diene rubber"@en	
<http://purl.obolibrary.org/obo/IAO_0000184>	<http://www.w3.org/2000/01/rdf-schema#label>	"scatter plot"@en	
<http://purl.obolibrary.org/obo/DIGITRUBBER_000537>	<http://www.w3.org/2000/01/rdf-schema#label>	"viscosity measurement protocol"@en	
<http://purl.obolibrary.org/obo/DIGITRUBBER_000537>	<http://www.w3.org/2000/01/rdf-schema#label>	"Protokoll zur Viskositätsmessung"@de	
<http://purl.obolibrary.org/obo/DIGITRUBBER_000134>	<http://www.w3.org/2000/01/rdf-schema#label>	"hilfskraft"@de	
<http://purl.obolibrary.org/obo/DIGITRUBBER_000134>	<http://www.w3.org/2000/01/rdf-schema#label>	"operational assistant"@en	
<http://purl.obolibrary.org/obo/DIGITRUBBER_1000042>	<http://www.w3.org/2000/01/rdf-schema#label>	"S50"@en	
<http://purl.obolibrary.org/obo/DIGITRUBBER_1000042>	<http://www.w3.org/2000/01/rdf-schema#label>	"Zugspannung bei 50% Elongation"@de	
<http://purl.obolibrary.org/obo/DIGITRUBBER_000023>	<http://www.w3.org/2000/01/rdf-schema#label>	"exterior orientation"@en	
<http://purl.obolibrary.org/obo/DIGITRUBBER_000143>	<http://www.w3.org/2000/01/rdf-schema#label>	"stromverbrauch"@de	
<http://purl.obolibrary.org/obo/DIGITRUBBER_000143>	<http://www.w3.org/2000/01/rdf-schema#label>	"energy consumption"@en	
<http://purl.obolibrary.org/obo/DIGITRUBBER_000474>	<http://www.w3.org/2000/01/rdf-schema#label>	"vulcanization time"@en	
<http://purl.obolibrary.org/obo/DIGITRUBBER_000474>	<http://www.w3.org/2000/01/rdf-schema#label>	"Vulkanisationszeit"@de	
<http://purl.obolibrary.org/obo/OBI_0200041>	<http://www.w3.org/2000/01/rdf-schema#label>	"k-means clustering [obi]"@en	
<http://purl.obolibrary.org/obo/OBI_0000946>	<http://www.w3.org/2000/01/rdf-schema#label>	"sterilization function"@en	
<http://purl.obolibrary.org/obo/NCIT_C17157>	<http://www.w3.org/2000/01/rdf-schema#label>	"Raman spectroscopy"@en	
<http://purl.obolibrary.org/obo/CHEBI_25367>	<http://www.w3.org/2000/01/rdf-schema#label>	"molecule"@en	
<http://purl.obolibrary.org/obo/DIGITRUBBER_000575>	<http://www.w3.org/2000/01/rdf-schema#label>	"Youngscher Elastizitätsmodul"@de	
<http://purl.obolibrary.org/obo/DIGITRUBBER_000575>	<http://www.w3.org/2000/01/rdf-schema#label>	"elastic Young’s modulus"@en	
<http://purl.obolibrary.org/obo/CHEBI_33302>	<http://www.w3.org/2000/01/rdf-schema#label>	"pnictogen molecular entity"@en	
<http://purl.obolibrary.org/obo/DIGITRUBBER_000420>	<http://www.w3.org/2000/01/rdf-schema#label>	"Füllgrad"@de	
<http://purl.obolibrary.org/obo/DIGITRUBBER_000420>	<http://www.w3.org/2000/01/rdf-schema#label>	"filling ratio"@en	
<http://purl.obolibrary.org/obo/DIGITRUBBER_1000056>	<http://www.w3.org/2000/01/rdf-schema#label>	"masse pro messzeit 1"@de	
<http://purl.obolibrary.org/obo/DIGITRUBBER_1000056>	<http://www.w3.org/2000/01/rdf-schema#label>	"mass per measurement time 1"@en	
<http://purl.obolibrary.org/obo/OBI_0000727>	<http://www.w3.org/2000/01/rdf-schema#label>	"k-nearest neighbors [obi]"@en	
<http://purl.obolibrary.org/obo/DIGITRUBBER_1000015>	<http://www.w3.org/2000/01/rdf-schema#label>	"silica"@en	
<http://purl.obolibrary.org/obo/DIGITRUBBER_1000015>	<http://www.w3.org/2000/01/rdf-schema#label>	"Silikat-Füllstoff"@de	
<http://purl.obolibrary.org/obo/DIGITRUBBER_000329>	<http://www.w3.org/2000/01/rdf-schema#label>	"Rhenogran ‎ZBDC 80‎"@en	
<http://purl.obolibrary.org/obo/DIGITRUBBER_000329>	<http://www.w3.org/2000/01/rdf-schema#label>	"Rhenogran ‎ZBDC 80‎"@de	
<http://purl.obolibrary.org/obo/PATO_0001241>	<http://www.w3.org/2000/01/rdf-schema#label>	"physical object quality"@en	
<http://purl.obolibrary.org/obo/OBI_0000457>	<http://www.w3.org/2000/01/rdf-schema#label>	"manufacturing [obi]"@en	
<http://purl.obolibrary.org/obo/DIGITRUBBER_1000085>	<http://www.w3.org/2000/01/rdf-schema#label>	"ring test"@en	
<http://purl.obolibrary.org/obo/DIGITRUBBER_1000085>	<http://www.w3.org/2000/01/rdf-schema#label>	"ringversuch"@de	
<http://purl.obolibrary.org/obo/DIGITRUBBER_000589>	<http://www.w3.org/2000/01/rdf-schema#label>	"concentration measurement assay [dik]"@en	
<http://purl.obolibrary.org/obo/DIGITRUBBER_000589>	<http://www.w3.org/2000/01/rdf-schema#label>	"Prüfung zur Konzentrationsmessung [dik]"@de	
<http://purl.obolibrary.org/obo/DIGITRUBBER_000372>	<http://www.w3.org/2000/01/rdf-schema#label>	"Dispergierung [dik]"@de	
<http://purl.obolibrary.org/obo/DIGITRUBBER_000372>	<http://www.w3.org/2000/01/rdf-schema#label>	"dispersion [dik]"@en	
<http://purl.obolibrary.org/obo/CHEBI_33832>	<http://www.w3.org/2000/01/rdf-schema#label>	"organic cyclic compound"@en	
<http://purl.obolibrary.org/obo/CHEBI_51422>	<http://www.w3.org/2000/01/rdf-schema#label>	"organodiyl group"@en	
<http://purl.obolibrary.org/obo/DIGITRUBBER_000124>	<http://www.w3.org/2000/01/rdf-schema#label>	"halbfabrikat"@de	
<http://purl.obolibrary.org/obo/DIGITRUBBER_000124>	<http://www.w3.org/2000/01/rdf-schema#label>	"semi-finished product"@en	
<http://purl.obolibrary.org/obo/DIGITRUBBER_000006>	<http://www.w3.org/2000/01/rdf-schema#label>	"triangulation"@en	
<http://purl.obolibrary.org/obo/DIGITRUBBER_000430>	<http://www.w3.org/2000/01/rdf-schema#label>	"Extrudat"@de	
<http://purl.obolibrary.org/obo/DIGITRUBBER_000430>	<http://www.w3.org/2000/01/rdf-schema#label>	"extrudate"@en	
<http://purl.obolibrary.org/obo/DIGITRUBBER_1000094>	<http://www.w3.org/2000/01/rdf-schema#label>	"mixing time reduction"@en	
<http://purl.obolibrary.org/obo/DIGITRUBBER_1000094>	<http://www.w3.org/2000/01/rdf-schema#label>	"Mischzeitreduktion"@de	
<http://purl.obolibrary.org/obo/CHEBI_36357>	<http://www.w3.org/2000/01/rdf-schema#label>	"polyatomic entity"@en	
<http://purl.obolibrary.org/obo/DIGITRUBBER_000591>	<http://www.w3.org/2000/01/rdf-schema#label>	"ethylidene norbornene concentration measurement assay [dik]"@en	
<http://purl.obolibrary.org/obo/DIGITRUBBER_000591>	<http://www.w3.org/2000/01/rdf-schema#label>	"Prüfung zur Ethylidennorbornen-Konzentrationsmessung [dik]"@de	
<http://purl.obolibrary.org/obo/OBI_0000792>	<http://www.w3.org/2000/01/rdf-schema#label>	"statistical model validation"@en	
<http://purl.obolibrary.org/obo/DIGITRUBBER_000649>	<http://www.w3.org/2000/01/rdf-schema#label>	"hydrogenated nitrile rubber HNBR"@en	
<http://purl.obolibrary.org/obo/DIGITRUBBER_000290>	<http://www.w3.org/2000/01/rdf-schema#label>	"synthetic rubber"@en	
<http://purl.obolibrary.org/obo/DIGITRUBBER_000290>	<http://www.w3.org/2000/01/rdf-schema#label>	"Synthesekautschuk"@de	
<http://purl.obolibrary.org/obo/IAO_0000183>	<http://www.w3.org/2000/01/rdf-schema#label>	"dendrogram"@en	
<http://purl.obolibrary.org/obo/DIGITRUBBER_000437>	<http://www.w3.org/2000/01/rdf-schema#label>	"conveyor belt"@en	
<http://purl.obolibrary.org/obo/DIGITRUBBER_000437>	<http://www.w3.org/2000/01/rdf-schema#label>	"Förderband"@de	
<http://purl.obolibrary.org/obo/DIGITRUBBER_000338>	<http://www.w3.org/2000/01/rdf-schema#label>	"compound"@en	
<http://purl.obolibrary.org/obo/DIGITRUBBER_000338>	<http://www.w3.org/2000/01/rdf-schema#label>	"Mischung"@de	
<http://purl.obolibrary.org/obo/PATO_0001842>	<http://www.w3.org/2000/01/rdf-schema#label>	"Säuregrad"@de	
<http://purl.obolibrary.org/obo/PATO_0001842>	<http://www.w3.org/2000/01/rdf-schema#label>	"acidity"@en	
<http://purl.obolibrary.org/obo/OBI_0000112>	<http://www.w3.org/2000/01/rdf-schema#label>	"specimen role"@en	
<http://purl.obolibrary.org/obo/CHEBI_60004>	<http://www.w3.org/2000/01/rdf-schema#label>	"Mischung"@de	
<http://purl.obolibrary.org/obo/CHEBI_60004>	<http://www.w3.org/2000/01/rdf-schema#label>	"mixture"@en	
<http://purl.obolibrary.org/obo/DIGITRUBBER_1000041>	<http://www.w3.org/2000/01/rdf-schema#label>	"rebound mean value 2"@en	
<http://purl.obolibrary.org/obo/DIGITRUBBER_1000041>	<http://www.w3.org/2000/01/rdf-schema#label>	"Mittelwert des Rückprall (zweite Messung) [Arlanxeo]"@de	
<http://purl.obolibrary.org/obo/PATO_0000992>	<http://www.w3.org/2000/01/rdf-schema#label>	"viscosity"@en	
<http://purl.obolibrary.org/obo/PATO_0000992>	<http://www.w3.org/2000/01/rdf-schema#label>	"Viskosität"@de	
<http://purl.obolibrary.org/obo/OBI_0000018>	<http://www.w3.org/2000/01/rdf-schema#label>	"material supplier role"@en	
<http://purl.obolibrary.org/obo/DIGITRUBBER_000516>	<http://www.w3.org/2000/01/rdf-schema#label>	"Mooney viscosity measurement assay [dik]"@en	
<http://purl.obolibrary.org/obo/DIGITRUBBER_000516>	<http://www.w3.org/2000/01/rdf-schema#label>	"Prüfung zur Mooney-Viskositätsmessung [dik]"@de	
<http://purl.obolibrary.org/obo/DIGITRUBBER_1000036>	<http://www.w3.org/2000/01/rdf-schema#label>	"ML1+1"@en	
<http://purl.obolibrary.org/obo/DIGITRUBBER_1000021>	<http://www.w3.org/2000/01/rdf-schema#label>	"mooney viscosity"@en	
<http://purl.obolibrary.org/obo/DIGITRUBBER_1000021>	<http://www.w3.org/2000/01/rdf-schema#label>	"Mooney Viskosität"@de	
<http://purl.obolibrary.org/obo/DIGITRUBBER_000273>	<http://www.w3.org/2000/01/rdf-schema#label>	"polymer"@en	
<http://purl.obolibrary.org/obo/DIGITRUBBER_000273>	<http://www.w3.org/2000/01/rdf-schema#label>	"Polymer"@de	
<http://purl.obolibrary.org/obo/DIGITRUBBER_000453>	<http://www.w3.org/2000/01/rdf-schema#label>	"sensor"@en	
<http://purl.obolibrary.org/obo/DIGITRUBBER_000453>	<http://www.w3.org/2000/01/rdf-schema#label>	"Sensor"@de	
<http://purl.obolibrary.org/obo/STATO_0000047>	<http://www.w3.org/2000/01/rdf-schema#label>	"count"@en	
<http://purl.obolibrary.org/obo/CHEBI_68452>	<http://www.w3.org/2000/01/rdf-schema#label>	"azole"@en	
<http://purl.obolibrary.org/obo/DIGITRUBBER_000282>	<http://www.w3.org/2000/01/rdf-schema#label>	"filler aggregate"@en	
<http://purl.obolibrary.org/obo/DIGITRUBBER_000282>	<http://www.w3.org/2000/01/rdf-schema#label>	"Füllaggregat"@de	
<http://purl.obolibrary.org/obo/DIGITRUBBER_000063>	<http://www.w3.org/2000/01/rdf-schema#label>	"Online-Charakterisierung"@de	
<http://purl.obolibrary.org/obo/DIGITRUBBER_000063>	<http://www.w3.org/2000/01/rdf-schema#label>	"online characterisation"@en	
<http://purl.obolibrary.org/obo/NCIT_C19579>	<http://www.w3.org/2000/01/rdf-schema#label>	"direct costs"@en	
<http://purl.obolibrary.org/obo/NCIT_C19579>	<http://www.w3.org/2000/01/rdf-schema#label>	"direkte kosten"@de	
<http://purl.obolibrary.org/obo/DIGITRUBBER_000222>	<http://www.w3.org/2000/01/rdf-schema#label>	"processed spectrum"@en	
<http://purl.obolibrary.org/obo/DIGITRUBBER_000123>	<http://www.w3.org/2000/01/rdf-schema#label>	"rohmaterial"@de	
<http://purl.obolibrary.org/obo/DIGITRUBBER_000123>	<http://www.w3.org/2000/01/rdf-schema#label>	"raw material"@en	
<http://purl.obolibrary.org/obo/DIGITRUBBER_1000031>	<http://www.w3.org/2000/01/rdf-schema#label>	"Styrol-Gehalt"@de	
<http://purl.obolibrary.org/obo/DIGITRUBBER_1000031>	<http://www.w3.org/2000/01/rdf-schema#label>	"styrene content"@en	
<http://purl.obolibrary.org/obo/PATO_0000052>	<http://www.w3.org/2000/01/rdf-schema#label>	"shape"@en	
<http://purl.obolibrary.org/obo/DIGITRUBBER_000506>	<http://www.w3.org/2000/01/rdf-schema#label>	"density measurement assay [dik]"@en	
<http://purl.obolibrary.org/obo/DIGITRUBBER_000506>	<http://www.w3.org/2000/01/rdf-schema#label>	"Prüfung zur Dichtemessung [dik]"@de	
<http://purl.obolibrary.org/obo/DIGITRUBBER_000092>	<http://www.w3.org/2000/01/rdf-schema#label>	"tempering feed roller"@en	
<http://purl.obolibrary.org/obo/DIGITRUBBER_000092>	<http://www.w3.org/2000/01/rdf-schema#label>	"Temperierung Speisewalze"@de	
<http://purl.obolibrary.org/obo/CHEBI_5686>	<http://www.w3.org/2000/01/rdf-schema#label>	"heterocyclic compound"@en	
<http://purl.obolibrary.org/obo/CHEBI_33579>	<http://www.w3.org/2000/01/rdf-schema#label>	"main group molecular entity"@en	
<http://purl.obolibrary.org/obo/UO_0000016>	<http://www.w3.org/2000/01/rdf-schema#label>	"millimeter [nist]"@de	
<http://purl.obolibrary.org/obo/UO_0000016>	<http://www.w3.org/2000/01/rdf-schema#label>	"millimeter"@en	
<http://purl.obolibrary.org/obo/UO_0000016>	<http://www.w3.org/2000/01/rdf-schema#label>	"millimeter"	
<http://purl.obolibrary.org/obo/DIGITRUBBER_000648>	<http://www.w3.org/2000/01/rdf-schema#label>	"fluororubber FKM"@en	
<http://purl.obolibrary.org/obo/DIGITRUBBER_1000004>	<http://www.w3.org/2000/01/rdf-schema#label>	"Rohpolymer"@de	
<http://purl.obolibrary.org/obo/DIGITRUBBER_1000004>	<http://www.w3.org/2000/01/rdf-schema#label>	"raw polymer"@en	
<http://purl.obolibrary.org/obo/DIGITRUBBER_000426>	<http://www.w3.org/2000/01/rdf-schema#label>	"Stiftextruder"@de	
<http://purl.obolibrary.org/obo/DIGITRUBBER_000426>	<http://www.w3.org/2000/01/rdf-schema#label>	"pin extruder"@en	
<http://purl.obolibrary.org/obo/DIGITRUBBER_1000074>	<http://www.w3.org/2000/01/rdf-schema#label>	"instruction set"@en	
<http://purl.obolibrary.org/obo/DIGITRUBBER_000559>	<http://www.w3.org/2000/01/rdf-schema#label>	"iodine adsorption number"@en	
<http://purl.obolibrary.org/obo/DIGITRUBBER_000559>	<http://www.w3.org/2000/01/rdf-schema#label>	"Jodadsorptionszahl"@de	
<http://purl.obolibrary.org/obo/DIGITRUBBER_1000064>	<http://www.w3.org/2000/01/rdf-schema#label>	"elastic torque at 90 percent"@en	
<http://purl.obolibrary.org/obo/DIGITRUBBER_1000064>	<http://www.w3.org/2000/01/rdf-schema#label>	"S dash bei 90percent Umsatz"@de	
<http://purl.obolibrary.org/obo/DIGITRUBBER_000580>	<http://www.w3.org/2000/01/rdf-schema#label>	"viscometer"@en	
<http://purl.obolibrary.org/obo/DIGITRUBBER_000580>	<http://www.w3.org/2000/01/rdf-schema#label>	"Viskosimeter"@de	
<http://www.ontology-of-units-of-measure.org/resource/om-2/Pressure>	<http://www.w3.org/2000/01/rdf-schema#label>	"pressure"@en	
<http://www.ontology-of-units-of-measure.org/resource/om-2/Pressure>	<http://www.w3.org/2000/01/rdf-schema#label>	"Druck"@de	
<http://purl.obolibrary.org/obo/IAO_0000038>	<http://www.w3.org/2000/01/rdf-schema#label>	"graph"@en	
<http://purl.obolibrary.org/obo/DIGITRUBBER_000327>	<http://www.w3.org/2000/01/rdf-schema#label>	"Dithiocarbamat"@de	
<http://purl.obolibrary.org/obo/DIGITRUBBER_000327>	<http://www.w3.org/2000/01/rdf-schema#label>	"dithiocarbamate"@en	
<http://purl.obolibrary.org/obo/DIGITRUBBER_000055>	<http://www.w3.org/2000/01/rdf-schema#label>	"Mikrocontroller"@de	
<http://purl.obolibrary.org/obo/DIGITRUBBER_000055>	<http://www.w3.org/2000/01/rdf-schema#label>	"microcontroller"@en	
<http://purl.obolibrary.org/obo/DIGITRUBBER_000108>	<http://www.w3.org/2000/01/rdf-schema#label>	"kostengruppe"@de	
<http://purl.obolibrary.org/obo/DIGITRUBBER_000108>	<http://www.w3.org/2000/01/rdf-schema#label>	"cost group"@en	
<http://purl.obolibrary.org/obo/DIGITRUBBER_000380>	<http://www.w3.org/2000/01/rdf-schema#label>	"mechanical mixer"@en	
<http://purl.obolibrary.org/obo/DIGITRUBBER_000380>	<http://www.w3.org/2000/01/rdf-schema#label>	"Mechanischer Mischer"@de	
<http://purl.obolibrary.org/obo/CHMO_0001613>	<http://www.w3.org/2000/01/rdf-schema#label>	"Extrudieren [chmo]"@de	
<http://purl.obolibrary.org/obo/CHMO_0001613>	<http://www.w3.org/2000/01/rdf-schema#label>	"extrusion [chmo]"@en	
<http://purl.obolibrary.org/obo/CHEBI_33595>	<http://www.w3.org/2000/01/rdf-schema#label>	"cyclic compound"@en	
<http://purl.obolibrary.org/obo/DIGITRUBBER_000385>	<http://www.w3.org/2000/01/rdf-schema#label>	"Stempel"@de	
<http://purl.obolibrary.org/obo/DIGITRUBBER_000385>	<http://www.w3.org/2000/01/rdf-schema#label>	"stamp"@en	
<http://purl.obolibrary.org/obo/DIGITRUBBER_000004>	<http://www.w3.org/2000/01/rdf-schema#label>	"geometry"@en	
<http://purl.obolibrary.org/obo/DIGITRUBBER_000356>	<http://www.w3.org/2000/01/rdf-schema#label>	"Stellwalzen-Drehzahl"@de	
<http://purl.obolibrary.org/obo/DIGITRUBBER_000356>	<http://www.w3.org/2000/01/rdf-schema#label>	"setting roll speed"@en	
<http://purl.obolibrary.org/obo/DIGITRUBBER_1000047>	<http://www.w3.org/2000/01/rdf-schema#label>	"Realteil des elastischen Moduls gemessen bei 23 °C"@de	
<http://purl.obolibrary.org/obo/DIGITRUBBER_1000047>	<http://www.w3.org/2000/01/rdf-schema#label>	"E dash 23 degree celcius"@en	
<http://purl.obolibrary.org/obo/DIGITRUBBER_1000025>	<http://www.w3.org/2000/01/rdf-schema#label>	"dynamic mechanical thermal analysis"@en	
<http://purl.obolibrary.org/obo/DIGITRUBBER_1000025>	<http://www.w3.org/2000/01/rdf-schema#label>	"Dynamisch-Mechanisch-Thermische Analyse"@de	
<http://purl.obolibrary.org/obo/CHEBI_28798>	<http://www.w3.org/2000/01/rdf-schema#label>	"rubber particle"@en	
<http://purl.obolibrary.org/obo/DIGITRUBBER_1000010>	<http://www.w3.org/2000/01/rdf-schema#label>	"vulkanisierter Compound"@de	
<http://purl.obolibrary.org/obo/DIGITRUBBER_1000010>	<http://www.w3.org/2000/01/rdf-schema#label>	"vulcanized compound"@en	
<http://purl.obolibrary.org/obo/DIGITRUBBER_000563>	<http://www.w3.org/2000/01/rdf-schema#label>	"Ölabsorptionszahl"@de	
<http://purl.obolibrary.org/obo/DIGITRUBBER_000563>	<http://www.w3.org/2000/01/rdf-schema#label>	"oil absorption number"@en	
<http://purl.obolibrary.org/obo/CHEBI_17514>	<http://www.w3.org/2000/01/rdf-schema#label>	"cyanide"@en	
<http://purl.obolibrary.org/obo/DIGITRUBBER_000479>	<http://www.w3.org/2000/01/rdf-schema#label>	"Vernetzen"@de	
<http://purl.obolibrary.org/obo/DIGITRUBBER_000479>	<http://www.w3.org/2000/01/rdf-schema#label>	"crosslinking"@en	
<http://purl.obolibrary.org/obo/DIGITRUBBER_000534>	<http://www.w3.org/2000/01/rdf-schema#label>	"material processing protocol"@en	
<http://purl.obolibrary.org/obo/DIGITRUBBER_000534>	<http://www.w3.org/2000/01/rdf-schema#label>	"Materialverarbeitungsprotokoll"@de	
<https://w3id.org/pmd/co/PMD_0000003>	<http://www.w3.org/2000/01/rdf-schema#label>	"plan specification"@en	
<http://purl.obolibrary.org/obo/CHEBI_33659>	<http://www.w3.org/2000/01/rdf-schema#label>	"organic aromatic compound"@en	
<http://purl.obolibrary.org/obo/DIGITRUBBER_000459>	<http://www.w3.org/2000/01/rdf-schema#label>	"motor"@en	
<http://purl.obolibrary.org/obo/CHEBI_35352>	<http://www.w3.org/2000/01/rdf-schema#label>	"organonitrogen compound"@en	
<http://purl.obolibrary.org/obo/DIGITRUBBER_000312>	<http://www.w3.org/2000/01/rdf-schema#label>	"Zinkoxid Rotsiegel"@en	
<http://purl.obolibrary.org/obo/DIGITRUBBER_000312>	<http://www.w3.org/2000/01/rdf-schema#label>	"zinkoxid rotsiegel"@de	
<http://purl.obolibrary.org/obo/DIGITRUBBER_000572>	<http://www.w3.org/2000/01/rdf-schema#label>	"complex shear modulus"@en	
<http://purl.obolibrary.org/obo/DIGITRUBBER_000572>	<http://www.w3.org/2000/01/rdf-schema#label>	"komplexer Schubmodul"@de	
<http://purl.obolibrary.org/obo/CHEBI_33259>	<http://www.w3.org/2000/01/rdf-schema#label>	"elemental molecular entity"@en	
<http://purl.obolibrary.org/obo/DIGITRUBBER_000081>	<http://www.w3.org/2000/01/rdf-schema#label>	"Walzen"@de	
<http://purl.obolibrary.org/obo/DIGITRUBBER_000081>	<http://www.w3.org/2000/01/rdf-schema#label>	"rolling"@en	
<http://purl.obolibrary.org/obo/DIGITRUBBER_000009>	<http://www.w3.org/2000/01/rdf-schema#label>	"surface of extrudate"@en	
<http://purl.obolibrary.org/obo/CHEBI_51143>	<http://www.w3.org/2000/01/rdf-schema#label>	"nitrogen molecular entity"@en	
<http://purl.obolibrary.org/obo/OBI_0200171>	<http://www.w3.org/2000/01/rdf-schema#label>	"partitioning data transformation"@en	
<http://purl.obolibrary.org/obo/DIGITRUBBER_000461>	<http://www.w3.org/2000/01/rdf-schema#label>	"pin zone"@en	
<http://purl.obolibrary.org/obo/DIGITRUBBER_000461>	<http://www.w3.org/2000/01/rdf-schema#label>	"Stiftzone"@de	
<http://purl.obolibrary.org/obo/DIGITRUBBER_000488>	<http://www.w3.org/2000/01/rdf-schema#label>	"Untervulkanisation"@de	
<http://purl.obolibrary.org/obo/DIGITRUBBER_000488>	<http://www.w3.org/2000/01/rdf-schema#label>	"undercure"@en	
<http://purl.obolibrary.org/obo/DIGITRUBBER1000030>	<http://www.w3.org/2000/01/rdf-schema#label>	"Gerätezone"@de	
<http://purl.obolibrary.org/obo/DIGITRUBBER1000030>	<http://www.w3.org/2000/01/rdf-schema#label>	"device zone"@en	
<http://purl.obolibrary.org/obo/OBI_0000014>	<http://www.w3.org/2000/01/rdf-schema#label>	"regulator role"@en	
<http://purl.obolibrary.org/obo/OBI_0200111>	<http://www.w3.org/2000/01/rdf-schema#label>	"data visualization"@en	
<http://purl.obolibrary.org/obo/OBI_0200000>	<http://www.w3.org/2000/01/rdf-schema#label>	"data transformation"@en	
<http://purl.obolibrary.org/obo/IAO_0000037>	<http://www.w3.org/2000/01/rdf-schema#label>	"dot plot"@en	
<http://purl.obolibrary.org/obo/DIGITRUBBER_1000012>	<http://www.w3.org/2000/01/rdf-schema#label>	"parts per hundred rubber"@en	
<http://purl.obolibrary.org/obo/DIGITRUBBER_1000012>	<http://www.w3.org/2000/01/rdf-schema#label>	"(Massen-)Anteile pro hundert (Massen-)Teile Kautschuk"@de	
<http://purl.obolibrary.org/obo/CHEBI_33261>	<http://www.w3.org/2000/01/rdf-schema#label>	"organosulfur compound"@en	
<http://purl.obolibrary.org/obo/DIGITRUBBER_000295>	<http://www.w3.org/2000/01/rdf-schema#label>	"Füllstoff"@de	
<http://purl.obolibrary.org/obo/DIGITRUBBER_000295>	<http://www.w3.org/2000/01/rdf-schema#label>	"filler"@en	
<http://purl.obolibrary.org/obo/DIGITRUBBER_000047>	<http://www.w3.org/2000/01/rdf-schema#label>	"Industrie 4.0"@de	
<http://purl.obolibrary.org/obo/DIGITRUBBER_000047>	<http://www.w3.org/2000/01/rdf-schema#label>	"industry 4.0"@en	
<http://purl.obolibrary.org/obo/DIGITRUBBER_000196>	<http://www.w3.org/2000/01/rdf-schema#label>	"ATR-FTIR"@en	
<http://purl.obolibrary.org/obo/DIGITRUBBER_000196>	<http://www.w3.org/2000/01/rdf-schema#label>	"ATR-FTIR"@de	
<http://purl.obolibrary.org/obo/DIGITRUBBER_000399>	<http://www.w3.org/2000/01/rdf-schema#label>	"Rotor-Drehmoment"@de	
<http://purl.obolibrary.org/obo/DIGITRUBBER_000399>	<http://www.w3.org/2000/01/rdf-schema#label>	"rotor torque"@en	
<http://purl.obolibrary.org/obo/DIGITRUBBER_000244>	<http://www.w3.org/2000/01/rdf-schema#label>	"geometry correction"@en	
<http://purl.obolibrary.org/obo/DIGITRUBBER_1000044>	<http://www.w3.org/2000/01/rdf-schema#label>	"Zugspannung bei 300% Elongation"@de	
<http://purl.obolibrary.org/obo/DIGITRUBBER_1000044>	<http://www.w3.org/2000/01/rdf-schema#label>	"S300"@en	
<http://purl.obolibrary.org/obo/DIGITRUBBER_1000053>	<http://www.w3.org/2000/01/rdf-schema#label>	"elastic modulus G dash zero point five percent measurement1"@en	
<http://purl.obolibrary.org/obo/DIGITRUBBER_1000053>	<http://www.w3.org/2000/01/rdf-schema#label>	"ElasticModulus G dash zero point five percent 1 messung"@de	
<http://purl.obolibrary.org/obo/DIGITRUBBER_000444>	<http://www.w3.org/2000/01/rdf-schema#label>	"Oberflächentemperatur"@de	
<http://purl.obolibrary.org/obo/DIGITRUBBER_000444>	<http://www.w3.org/2000/01/rdf-schema#label>	"surface temperature"@en	
<http://purl.obolibrary.org/obo/DIGITRUBBER_000317>	<http://www.w3.org/2000/01/rdf-schema#label>	"primary vulcanisation accelerator"@en	
<http://purl.obolibrary.org/obo/DIGITRUBBER_000317>	<http://www.w3.org/2000/01/rdf-schema#label>	"Primärvulkanisationsbeschleuniger"@de	
<http://purl.obolibrary.org/obo/DIGITRUBBER_1000039>	<http://www.w3.org/2000/01/rdf-schema#label>	"Mittelwert Rückprall"@de	
<http://purl.obolibrary.org/obo/DIGITRUBBER_1000039>	<http://www.w3.org/2000/01/rdf-schema#label>	"rebound mean value"@en	
<http://purl.obolibrary.org/obo/CHEBI_33415>	<http://www.w3.org/2000/01/rdf-schema#label>	"elemental carbon"@en	
<http://purl.obolibrary.org/obo/DIGITRUBBER_000577>	<http://www.w3.org/2000/01/rdf-schema#label>	"loss Young’s modulus"@en	
<http://purl.obolibrary.org/obo/DIGITRUBBER_000577>	<http://www.w3.org/2000/01/rdf-schema#label>	"Young’sches Verlustmodul"@de	
<http://purl.obolibrary.org/obo/CHEBI_33304>	<http://www.w3.org/2000/01/rdf-schema#label>	"chalcogen molecular entity"@en	
<http://purl.obolibrary.org/obo/DIGITRUBBER_1000082>	<http://www.w3.org/2000/01/rdf-schema#label>	"savtizky golay filter"@en	
<http://purl.obolibrary.org/obo/DIGITRUBBER_1000082>	<http://www.w3.org/2000/01/rdf-schema#label>	"savtizky golay filter"@de	
<http://purl.obolibrary.org/obo/CHEBI_51446>	<http://www.w3.org/2000/01/rdf-schema#label>	"organic divalent group"@en	
<http://purl.obolibrary.org/obo/PATO_0002182>	<http://www.w3.org/2000/01/rdf-schema#label>	"molecular quality"@en	
<http://purl.obolibrary.org/obo/DIGITRUBBER_000460>	<http://www.w3.org/2000/01/rdf-schema#label>	"feeding roll"@en	
<http://purl.obolibrary.org/obo/DIGITRUBBER_000460>	<http://www.w3.org/2000/01/rdf-schema#label>	"Speisewalze"@de	
<http://purl.obolibrary.org/obo/DIGITRUBBER_000369>	<http://www.w3.org/2000/01/rdf-schema#label>	"Stellwalzen-Temperatur"@de	
<http://purl.obolibrary.org/obo/DIGITRUBBER_000369>	<http://www.w3.org/2000/01/rdf-schema#label>	"setting roll temperature"@en	
<http://purl.obolibrary.org/obo/DIGITRUBBER_000412>	<http://www.w3.org/2000/01/rdf-schema#label>	"Stempelweg"@de	
<http://purl.obolibrary.org/obo/DIGITRUBBER_000412>	<http://www.w3.org/2000/01/rdf-schema#label>	"stamp distance"@en	
<http://purl.obolibrary.org/obo/IAO_0000178>	<http://www.w3.org/2000/01/rdf-schema#label>	"material information bearer"@en	
<http://ncicb.nci.nih.gov/xml/owl/EVS/Thesaurus.owl#C25463>	<http://www.w3.org/2000/01/rdf-schema#label>	"count"@en	
<http://purl.obolibrary.org/obo/DIGITRUBBER_000161>	<http://www.w3.org/2000/01/rdf-schema#label>	"banbury mixer"@en	
<http://purl.obolibrary.org/obo/DIGITRUBBER_000161>	<http://www.w3.org/2000/01/rdf-schema#label>	"Knetmaschine"@de	
<http://purl.obolibrary.org/obo/DIGITRUBBER_000492>	<http://www.w3.org/2000/01/rdf-schema#label>	"Prüfkörper"@de	
<http://purl.obolibrary.org/obo/DIGITRUBBER_000492>	<http://www.w3.org/2000/01/rdf-schema#label>	"test piece"@en	
<http://purl.obolibrary.org/obo/DIGITRUBBER_000470>	<http://www.w3.org/2000/01/rdf-schema#label>	"pin zone temperature control unit"@en	
<http://purl.obolibrary.org/obo/DIGITRUBBER_000470>	<http://www.w3.org/2000/01/rdf-schema#label>	"Stiftzonen-Temperatursteuergerät"@de	
<http://purl.obolibrary.org/obo/DIGITRUBBER_1000009>	<http://www.w3.org/2000/01/rdf-schema#label>	"\"grüne\" bzw. nachhaltige Kautschukmischung [Arlanxeo]"@de	
<http://purl.obolibrary.org/obo/DIGITRUBBER_1000009>	<http://www.w3.org/2000/01/rdf-schema#label>	"green compound"@en	
<http://purl.obolibrary.org/obo/DIGITRUBBER_000398>	<http://www.w3.org/2000/01/rdf-schema#label>	"Newtonmeter"@en	
<http://purl.obolibrary.org/obo/DIGITRUBBER_000398>	<http://www.w3.org/2000/01/rdf-schema#label>	"Newtonmeter"@de	
<http://purl.obolibrary.org/obo/DIGITRUBBER_000429>	<http://www.w3.org/2000/01/rdf-schema#label>	"extruder die"@en	
<http://purl.obolibrary.org/obo/DIGITRUBBER_000429>	<http://www.w3.org/2000/01/rdf-schema#label>	"Extruderschablone"@de	
<http://purl.obolibrary.org/obo/DIGITRUBBER_000301>	<http://www.w3.org/2000/01/rdf-schema#label>	"Corax N660"@en	
<http://purl.obolibrary.org/obo/DIGITRUBBER_000301>	<http://www.w3.org/2000/01/rdf-schema#label>	"Corax N660"@de	
<http://purl.obolibrary.org/obo/CHEBI_35489>	<http://www.w3.org/2000/01/rdf-schema#label>	"organic disulfide"@en	
<http://purl.obolibrary.org/obo/DIGITRUBBER_000441>	<http://www.w3.org/2000/01/rdf-schema#label>	"surface"@en	
<http://purl.obolibrary.org/obo/DIGITRUBBER_000441>	<http://www.w3.org/2000/01/rdf-schema#label>	"Oberfläche"@de	
<http://purl.obolibrary.org/obo/DIGITRUBBER_1000052>	<http://www.w3.org/2000/01/rdf-schema#label>	"elastic modulus G dash 15 percent measurement1"@en	
<http://purl.obolibrary.org/obo/DIGITRUBBER_1000052>	<http://www.w3.org/2000/01/rdf-schema#label>	"ElasticModulus G dash 15 percent 1 messung"@de	
<http://purl.obolibrary.org/obo/CHEBI_25696>	<http://www.w3.org/2000/01/rdf-schema#label>	"organic anion"@en	
<http://purl.obolibrary.org/obo/DIGITRUBBER_000561>	<http://www.w3.org/2000/01/rdf-schema#label>	"Massenbezogene spezifische Oberfläche"@de	
<http://purl.obolibrary.org/obo/DIGITRUBBER_000561>	<http://www.w3.org/2000/01/rdf-schema#label>	"mass-specific surface"@en	
<http://purl.obolibrary.org/obo/DIGITRUBBER_000270>	<http://www.w3.org/2000/01/rdf-schema#label>	"monomer"@en	
<http://purl.obolibrary.org/obo/DIGITRUBBER_000450>	<http://www.w3.org/2000/01/rdf-schema#label>	"Extrudatquerschnitt"@de	
<http://purl.obolibrary.org/obo/DIGITRUBBER_000450>	<http://www.w3.org/2000/01/rdf-schema#label>	"extrudate cross section"@en	
<http://purl.obolibrary.org/obo/DIGITRUBBER_1000038>	<http://www.w3.org/2000/01/rdf-schema#label>	"hardness mean value"@en	
<http://purl.obolibrary.org/obo/DIGITRUBBER_1000038>	<http://www.w3.org/2000/01/rdf-schema#label>	"Mittelwert der Härte"@de	
<http://purl.obolibrary.org/obo/DIGITRUBBER_000477>	<http://www.w3.org/2000/01/rdf-schema#label>	"crosslink"@en	
<http://purl.obolibrary.org/obo/DIGITRUBBER_000477>	<http://www.w3.org/2000/01/rdf-schema#label>	"Vernetzung"@de	
<http://purl.obolibrary.org/obo/DIGITRUBBER_000378>	<http://www.w3.org/2000/01/rdf-schema#label>	"Mischer"@de	
<http://purl.obolibrary.org/obo/DIGITRUBBER_000378>	<http://www.w3.org/2000/01/rdf-schema#label>	"mixer device"@en	
<http://purl.obolibrary.org/obo/DIGITRUBBER_000171>	<http://www.w3.org/2000/01/rdf-schema#label>	"wekzeuge"@de	
<http://purl.obolibrary.org/obo/DIGITRUBBER_000171>	<http://www.w3.org/2000/01/rdf-schema#label>	"tool"@en	
<http://www.ontology-of-units-of-measure.org/resource/om-2/Torque>	<http://www.w3.org/2000/01/rdf-schema#label>	"torque"@en	
<http://www.ontology-of-units-of-measure.org/resource/om-2/Torque>	<http://www.w3.org/2000/01/rdf-schema#label>	"Drehmoment"@de	
<http://purl.obolibrary.org/obo/DIGITRUBBER_1000069>	<http://www.w3.org/2000/01/rdf-schema#label>	"mixing recipe"@en	
<http://purl.obolibrary.org/obo/OBI_0000453>	<http://www.w3.org/2000/01/rdf-schema#label>	"measure function"@en	
<http://purl.obolibrary.org/obo/DIGITRUBBER_1000001>	<http://www.w3.org/2000/01/rdf-schema#label>	"number averaged molecular weight"@en	
<http://purl.obolibrary.org/obo/DIGITRUBBER_1000001>	<http://www.w3.org/2000/01/rdf-schema#label>	"zahlengemittelte Molmasse"@de	
<http://purl.obolibrary.org/obo/DIGITRUBBER_1000081>	<http://www.w3.org/2000/01/rdf-schema#label>	"symbolische regression"@de	
<http://purl.obolibrary.org/obo/DIGITRUBBER_1000081>	<http://www.w3.org/2000/01/rdf-schema#label>	"symbolic regression"@en	
<http://purl.obolibrary.org/obo/CHEBI_36828>	<http://www.w3.org/2000/01/rdf-schema#label>	"pseudohalide anion"@en	
<http://purl.obolibrary.org/obo/DIGITRUBBER_1000018>	<http://www.w3.org/2000/01/rdf-schema#label>	"luftundurchlässige Innenschicht eines Reifens"@de	
<http://purl.obolibrary.org/obo/DIGITRUBBER_1000018>	<http://www.w3.org/2000/01/rdf-schema#label>	"inner liner"@en	
<http://purl.obolibrary.org/obo/DIGITRUBBER_000556>	<http://www.w3.org/2000/01/rdf-schema#label>	"Mischen [dik]"@de	
<http://purl.obolibrary.org/obo/DIGITRUBBER_000556>	<http://www.w3.org/2000/01/rdf-schema#label>	"mixing [dik]"@en	
<http://purl.obolibrary.org/obo/DIGITRUBBER_1000079>	<http://www.w3.org/2000/01/rdf-schema#label>	"shear rate"@en	
<http://purl.obolibrary.org/obo/DIGITRUBBER_1000079>	<http://www.w3.org/2000/01/rdf-schema#label>	"Schergeschwindigkeit"@de	
<http://purl.obolibrary.org/obo/DIGITRUBBER_000388>	<http://www.w3.org/2000/01/rdf-schema#label>	"rotor temperature"@en	
<http://purl.obolibrary.org/obo/DIGITRUBBER_000388>	<http://www.w3.org/2000/01/rdf-schema#label>	"Rotor-Temperatur"@de	
<http://purl.obolibrary.org/obo/DIGITRUBBER_1000061>	<http://www.w3.org/2000/01/rdf-schema#label>	"quellung hausmethode K10-2"@de	
<http://purl.obolibrary.org/obo/DIGITRUBBER_1000061>	<http://www.w3.org/2000/01/rdf-schema#label>	"die swelling second measurement"@en	
<http://purl.obolibrary.org/obo/DIGITRUBBER_1000033>	<http://www.w3.org/2000/01/rdf-schema#label>	"Trans-Butadiene-Gehalt"@de	
<http://purl.obolibrary.org/obo/DIGITRUBBER_1000033>	<http://www.w3.org/2000/01/rdf-schema#label>	"trans content"@en	
<http://purl.obolibrary.org/obo/DIGITRUBBER_000645>	<http://www.w3.org/2000/01/rdf-schema#label>	"EPDM rubber"@en	
<http://purl.obolibrary.org/obo/PATO_0001025>	<http://www.w3.org/2000/01/rdf-schema#label>	"pressure"@en	
<http://purl.obolibrary.org/obo/OBI_0000648>	<http://www.w3.org/2000/01/rdf-schema#label>	"clustered data set"@en	
<http://purl.obolibrary.org/obo/DIGITRUBBER_000306>	<http://www.w3.org/2000/01/rdf-schema#label>	"processing aid"@en	
<http://purl.obolibrary.org/obo/DIGITRUBBER_000306>	<http://www.w3.org/2000/01/rdf-schema#label>	"Verarbeitungshilfsmittel"@de	
<http://purl.obolibrary.org/obo/DIGITRUBBER_000334>	<http://www.w3.org/2000/01/rdf-schema#label>	"Schwefel"@de	
<http://purl.obolibrary.org/obo/DIGITRUBBER_000334>	<http://www.w3.org/2000/01/rdf-schema#label>	"sulfur"@en	
<http://purl.obolibrary.org/obo/IAO_0000225>	<http://www.w3.org/2000/01/rdf-schema#label>	"obsolescence reason specification"@en	
<http://purl.obolibrary.org/obo/DIGITRUBBER_1000028>	<http://www.w3.org/2000/01/rdf-schema#label>	"elongation"@en	
<http://purl.obolibrary.org/obo/DIGITRUBBER_1000028>	<http://www.w3.org/2000/01/rdf-schema#label>	"Elongation"@de	
<http://purl.obolibrary.org/obo/DIGITRUBBER_000594>	<http://www.w3.org/2000/01/rdf-schema#label>	"ethylene concentration measurement protocol"@en	
<http://purl.obolibrary.org/obo/DIGITRUBBER_000594>	<http://www.w3.org/2000/01/rdf-schema#label>	"Protokoll zur Ethylen-Konzentrationsmessung"@de	
<http://purl.obolibrary.org/obo/DIGITRUBBER_000566>	<http://www.w3.org/2000/01/rdf-schema#label>	"setting point"@en	
<http://purl.obolibrary.org/obo/DIGITRUBBER_000566>	<http://www.w3.org/2000/01/rdf-schema#label>	"Erstarrungspunkt"@de	
<http://purl.obolibrary.org/obo/CHEBI_38106>	<http://www.w3.org/2000/01/rdf-schema#label>	"organosulfur heterocyclic compound"@en	
<http://purl.obolibrary.org/obo/DIGITRUBBER_1000071>	<http://www.w3.org/2000/01/rdf-schema#label>	"ingredient specification"@en	
<http://purl.obolibrary.org/obo/IAO_0000102>	<http://www.w3.org/2000/01/rdf-schema#label>	"data about an ontology part"@en	
<http://purl.obolibrary.org/obo/DIGITRUBBER_000428>	<http://www.w3.org/2000/01/rdf-schema#label>	"Kautschukextruderschnecke"@de	
<http://purl.obolibrary.org/obo/DIGITRUBBER_000428>	<http://www.w3.org/2000/01/rdf-schema#label>	"rubber extruder screw"@en	
<http://nmrML.org/nmrCV#NMR:1000457>	<http://www.w3.org/2000/01/rdf-schema#label>	"Probe"@de	
<http://nmrML.org/nmrCV#NMR:1000457>	<http://www.w3.org/2000/01/rdf-schema#label>	"sample"@en	
<http://purl.obolibrary.org/obo/CHEBI_36962>	<http://www.w3.org/2000/01/rdf-schema#label>	"organochalcogen compound"@en	
<http://purl.obolibrary.org/obo/NCIT_C111096>	<http://www.w3.org/2000/01/rdf-schema#label>	"colorimetry"@en	
<http://purl.obolibrary.org/obo/DIGITRUBBER_000315>	<http://www.w3.org/2000/01/rdf-schema#label>	"PALMERA B 1802-CG"@en	
<http://purl.obolibrary.org/obo/DIGITRUBBER_000315>	<http://www.w3.org/2000/01/rdf-schema#label>	"PALMERA B 1802-CG"@de	
<http://purl.obolibrary.org/obo/NCIT_C69088>	<http://www.w3.org/2000/01/rdf-schema#label>	"cost"@en	
<http://purl.obolibrary.org/obo/NCIT_C69088>	<http://www.w3.org/2000/01/rdf-schema#label>	"kosten"@de	
<http://purl.obolibrary.org/obo/DIGITRUBBER_1000066>	<http://www.w3.org/2000/01/rdf-schema#label>	"umsatzzeit 90percent"@de	
<http://purl.obolibrary.org/obo/DIGITRUBBER_1000066>	<http://www.w3.org/2000/01/rdf-schema#label>	"t90"@en	
<http://purl.obolibrary.org/obo/DIGITRUBBER_000438>	<http://www.w3.org/2000/01/rdf-schema#label>	"mass throughput"@en	
<http://purl.obolibrary.org/obo/DIGITRUBBER_000438>	<http://www.w3.org/2000/01/rdf-schema#label>	"Massedurchsatz"@de	
<http://purl.obolibrary.org/obo/DIGITRUBBER_000466>	<http://www.w3.org/2000/01/rdf-schema#label>	"screw temperature control unit"@en	
<http://purl.obolibrary.org/obo/DIGITRUBBER_000466>	<http://www.w3.org/2000/01/rdf-schema#label>	"Schnecken-Temperatursteuergerät"@de	
<http://purl.obolibrary.org/obo/DIGITRUBBER_000150>	<http://www.w3.org/2000/01/rdf-schema#label>	"durchsatz"@de	
<http://purl.obolibrary.org/obo/DIGITRUBBER_000150>	<http://www.w3.org/2000/01/rdf-schema#label>	"throughput"@en	
<http://purl.obolibrary.org/obo/DIGITRUBBER_000481>	<http://www.w3.org/2000/01/rdf-schema#label>	"Vulkanisation"@de	
<http://purl.obolibrary.org/obo/DIGITRUBBER_000481>	<http://www.w3.org/2000/01/rdf-schema#label>	"vulcanization"@en	
<http://purl.obolibrary.org/obo/DIGITRUBBER_000382>	<http://www.w3.org/2000/01/rdf-schema#label>	"rotor"@en	
<http://purl.obolibrary.org/obo/DIGITRUBBER_000382>	<http://www.w3.org/2000/01/rdf-schema#label>	"Rotor"@de	
<http://purl.obolibrary.org/obo/DIGITRUBBER_000298>	<http://www.w3.org/2000/01/rdf-schema#label>	"N-carbon black"@en	
<http://purl.obolibrary.org/obo/DIGITRUBBER_000298>	<http://www.w3.org/2000/01/rdf-schema#label>	"N-Ruß"@de	
<http://purl.obolibrary.org/obo/DIGITRUBBER_000387>	<http://www.w3.org/2000/01/rdf-schema#label>	"rotor temperature control unit"@en	
<http://purl.obolibrary.org/obo/DIGITRUBBER_000387>	<http://www.w3.org/2000/01/rdf-schema#label>	"Rotor-Temperatursteuergerät"@de	
<http://purl.obolibrary.org/obo/DIGITRUBBER_000418>	<http://www.w3.org/2000/01/rdf-schema#label>	"Elektrische Leistung"@de	
<http://purl.obolibrary.org/obo/DIGITRUBBER_000418>	<http://www.w3.org/2000/01/rdf-schema#label>	"electrical power"@en	
<http://purl.obolibrary.org/obo/DIGITRUBBER_000276>	<http://www.w3.org/2000/01/rdf-schema#label>	"polymer composition"@en	
<http://purl.obolibrary.org/obo/DIGITRUBBER_000644>	<http://www.w3.org/2000/01/rdf-schema#label>	"butyl rubber BIIR"@en	
<http://purl.obolibrary.org/obo/DIGITRUBBER_000199>	<http://www.w3.org/2000/01/rdf-schema#label>	"raw rubber samples"@en	
<http://purl.obolibrary.org/obo/DIGITRUBBER_000331>	<http://www.w3.org/2000/01/rdf-schema#label>	"vulcanizing system"@en	
<http://purl.obolibrary.org/obo/DIGITRUBBER_000331>	<http://www.w3.org/2000/01/rdf-schema#label>	"Vulkanisationssystem"@de	
<http://purl.obolibrary.org/obo/IAO_0000078>	<http://www.w3.org/2000/01/rdf-schema#label>	"curation status specification"@en	
<http://purl.obolibrary.org/obo/DIGITRUBBER_000095>	<http://www.w3.org/2000/01/rdf-schema#label>	"Temperiung Werkzeug"@de	
<http://purl.obolibrary.org/obo/DIGITRUBBER_000095>	<http://www.w3.org/2000/01/rdf-schema#label>	"tempering tool"@en	
<http://purl.obolibrary.org/obo/DIGITRUBBER_000367>	<http://www.w3.org/2000/01/rdf-schema#label>	"setting roll temperature control unit"@en	
<http://purl.obolibrary.org/obo/DIGITRUBBER_000367>	<http://www.w3.org/2000/01/rdf-schema#label>	"Stellwalzen-Temperatursteuergerät"@de	
<http://purl.obolibrary.org/obo/DIGITRUBBER_1000027>	<http://www.w3.org/2000/01/rdf-schema#label>	"shearing"@en	
<http://purl.obolibrary.org/obo/DIGITRUBBER_1000027>	<http://www.w3.org/2000/01/rdf-schema#label>	"Scherung"@de	
<http://purl.obolibrary.org/obo/DIGITRUBBER_1000058>	<http://www.w3.org/2000/01/rdf-schema#label>	"massedruck 1"@de	
<http://purl.obolibrary.org/obo/DIGITRUBBER_1000058>	<http://www.w3.org/2000/01/rdf-schema#label>	"mass presssure 1"@en	
<http://purl.obolibrary.org/obo/DIGITRUBBER_1000070>	<http://www.w3.org/2000/01/rdf-schema#label>	"objective specification set"@en	
<http://purl.obolibrary.org/obo/CHEBI_33247>	<http://www.w3.org/2000/01/rdf-schema#label>	"organic group"@en	
<http://purl.obolibrary.org/obo/CHEBI_33247>	<http://www.w3.org/2000/01/rdf-schema#label>	"organische-Gruppe"@de	
<http://purl.obolibrary.org/obo/DIGITRUBBER_1000007>	<http://www.w3.org/2000/01/rdf-schema#label>	"Emulsions-Styrol-Butadiene-Kautschuk"@de	
<http://purl.obolibrary.org/obo/DIGITRUBBER_1000007>	<http://www.w3.org/2000/01/rdf-schema#label>	"emulsion SBR"@en	
<http://purl.obolibrary.org/obo/DIGITRUBBER_1000087>	<http://www.w3.org/2000/01/rdf-schema#label>	"penetration thermometer"@en	
<http://purl.obolibrary.org/obo/DIGITRUBBER_1000087>	<http://www.w3.org/2000/01/rdf-schema#label>	"einstichthermometer"@de	
<http://purl.obolibrary.org/obo/DIGITRUBBER_1000050>	<http://www.w3.org/2000/01/rdf-schema#label>	"Imaginärteil des elastischen Moduls gemessen bei 23 °C [Arlanxeo]"@de	
<http://purl.obolibrary.org/obo/DIGITRUBBER_1000050>	<http://www.w3.org/2000/01/rdf-schema#label>	"E double dash 23 degree celcius"@en	
<http://purl.obolibrary.org/obo/NCIT_C42575>	<http://www.w3.org/2000/01/rdf-schema#label>	"unit of mass density"@en	
<http://purl.obolibrary.org/obo/NCIT_C42575>	<http://www.w3.org/2000/01/rdf-schema#label>	"Massendichte Einheit"@de	
<http://purl.obolibrary.org/obo/DIGITRUBBER_000323>	<http://www.w3.org/2000/01/rdf-schema#label>	"Thiuram"@de	
<http://purl.obolibrary.org/obo/DIGITRUBBER_000323>	<http://www.w3.org/2000/01/rdf-schema#label>	"thiuram"@en	
<http://purl.obolibrary.org/obo/DIGITRUBBER_000574>	<http://www.w3.org/2000/01/rdf-schema#label>	"Elastizitätsmodul"@de	
<http://purl.obolibrary.org/obo/DIGITRUBBER_000574>	<http://www.w3.org/2000/01/rdf-schema#label>	"elastic shear modulus"@en	
<http://purl.obolibrary.org/obo/DIGITRUBBER_000463>	<http://www.w3.org/2000/01/rdf-schema#label>	"molding zone"@en	
<http://purl.obolibrary.org/obo/DIGITRUBBER_000463>	<http://www.w3.org/2000/01/rdf-schema#label>	"Werkzeugzone"@de	
<http://purl.obolibrary.org/obo/DIGITRUBBER_000239>	<http://www.w3.org/2000/01/rdf-schema#label>	"digital image processing"@en	
<http://purl.obolibrary.org/obo/DIGITRUBBER_000583>	<http://www.w3.org/2000/01/rdf-schema#label>	"oscillating-disc curemeter"@en	
<http://purl.obolibrary.org/obo/DIGITRUBBER_000583>	<http://www.w3.org/2000/01/rdf-schema#label>	"oszillierendes Scheibenrheometer"@de	
<http://purl.obolibrary.org/obo/DIGITRUBBER_000292>	<http://www.w3.org/2000/01/rdf-schema#label>	"Ethylen-Propylen-Dien-‎Kautschuk"@de	
<http://purl.obolibrary.org/obo/DIGITRUBBER_000292>	<http://www.w3.org/2000/01/rdf-schema#label>	"ethylene propylene diene rubber"@en	
<http://purl.obolibrary.org/obo/NCIT_C63845>	<http://www.w3.org/2000/01/rdf-schema#label>	"monomer"@en	
<http://purl.obolibrary.org/obo/DIGITRUBBER_000164>	<http://www.w3.org/2000/01/rdf-schema#label>	"calandar"@en	
<http://purl.obolibrary.org/obo/DIGITRUBBER_000164>	<http://www.w3.org/2000/01/rdf-schema#label>	"Kalandar"@de	
<http://purl.obolibrary.org/obo/IAO_0000409>	<http://www.w3.org/2000/01/rdf-schema#label>	"denotator type"@en	
<http://purl.obolibrary.org/obo/DIGITRUBBER_000304>	<http://www.w3.org/2000/01/rdf-schema#label>	"‎P460"@en	
<http://purl.obolibrary.org/obo/DIGITRUBBER_000304>	<http://www.w3.org/2000/01/rdf-schema#label>	"‎P460"@de	
<http://purl.obolibrary.org/obo/DIGITRUBBER_1000055>	<http://www.w3.org/2000/01/rdf-schema#label>	"Maximum des Imaginärteils (viscouser Teil) des Schermoduls [Arlanxeo]"@de	
<http://purl.obolibrary.org/obo/DIGITRUBBER_1000055>	<http://www.w3.org/2000/01/rdf-schema#label>	"LossModulus Gdouble dash(max)"@en	
<http://purl.obolibrary.org/obo/CHEBI_25699>	<http://www.w3.org/2000/01/rdf-schema#label>	"organic ion"@en	
<https://w3id.org/pmd/co/PMD_0001025>	<http://www.w3.org/2000/01/rdf-schema#label>	"assay"@en	
<https://w3id.org/pmd/co/PMD_0001025>	<http://www.w3.org/2000/01/rdf-schema#label>	"Analyse"@de	
<http://purl.obolibrary.org/obo/DIGITRUBBER_000130>	<http://www.w3.org/2000/01/rdf-schema#label>	"operator"@en	
<http://purl.obolibrary.org/obo/DIGITRUBBER_000130>	<http://www.w3.org/2000/01/rdf-schema#label>	"operator"@de	
<http://purl.obolibrary.org/obo/DIGITRUBBER_000455>	<http://www.w3.org/2000/01/rdf-schema#label>	"Drucksensor"@de	
<http://purl.obolibrary.org/obo/DIGITRUBBER_000455>	<http://www.w3.org/2000/01/rdf-schema#label>	"Pressure Sensor"@en	
<http://purl.obolibrary.org/obo/DIGITRUBBER_000588>	<http://www.w3.org/2000/01/rdf-schema#label>	"Ethylidennorbornen"@de	
<http://purl.obolibrary.org/obo/DIGITRUBBER_000588>	<http://www.w3.org/2000/01/rdf-schema#label>	"ethylidene norbornene"@en	
<http://purl.obolibrary.org/obo/DIGITRUBBER_000371>	<http://www.w3.org/2000/01/rdf-schema#label>	"sheeting"@en	
<http://purl.obolibrary.org/obo/DIGITRUBBER_000371>	<http://www.w3.org/2000/01/rdf-schema#label>	"Auswalzen"@de	
<http://purl.obolibrary.org/obo/DIGITRUBBER_1000084>	<http://www.w3.org/2000/01/rdf-schema#label>	"payne effekt"@de	
<http://purl.obolibrary.org/obo/DIGITRUBBER_1000084>	<http://www.w3.org/2000/01/rdf-schema#label>	"payne effect"@en	
<http://purl.obolibrary.org/obo/DIGITRUBBER_1000093>	<http://www.w3.org/2000/01/rdf-schema#label>	"energy efficiency"@en	
<http://purl.obolibrary.org/obo/DIGITRUBBER_1000093>	<http://www.w3.org/2000/01/rdf-schema#label>	"energieeffizienz"@de	
<http://purl.obolibrary.org/obo/DIGITRUBBER_000520>	<http://www.w3.org/2000/01/rdf-schema#label>	"Mooney Viskosität"@de	
<http://purl.obolibrary.org/obo/DIGITRUBBER_000520>	<http://www.w3.org/2000/01/rdf-schema#label>	"Mooney viscosity"@en	
<http://purl.obolibrary.org/obo/DIGITRUBBER_000084>	<http://www.w3.org/2000/01/rdf-schema#label>	"stamp pressure"@en	
<http://purl.obolibrary.org/obo/DIGITRUBBER_000084>	<http://www.w3.org/2000/01/rdf-schema#label>	"Stemepeldruck"@de	
<http://purl.obolibrary.org/obo/DIGITRUBBER_000436>	<http://www.w3.org/2000/01/rdf-schema#label>	"haul-off speed"@en	
<http://purl.obolibrary.org/obo/DIGITRUBBER_000436>	<http://www.w3.org/2000/01/rdf-schema#label>	"Abzugsgeschwindigkeit"@de	
<http://purl.obolibrary.org/obo/DIGITRUBBER_000337>	<http://www.w3.org/2000/01/rdf-schema#label>	"Mischungsbestandteil‎ [dik]"@de	
<http://purl.obolibrary.org/obo/DIGITRUBBER_000337>	<http://www.w3.org/2000/01/rdf-schema#label>	"compounding ingredient"@en	
<http://purl.obolibrary.org/obo/DIGITRUBBER_000597>	<http://www.w3.org/2000/01/rdf-schema#label>	"ethylene group"@en	
<http://purl.obolibrary.org/obo/DIGITRUBBER_1000040>	<http://www.w3.org/2000/01/rdf-schema#label>	"rebound mean value 1"@en	
<http://purl.obolibrary.org/obo/DIGITRUBBER_1000040>	<http://www.w3.org/2000/01/rdf-schema#label>	"Mittelwert des Rückprall (erste Messung)"@de	
<http://purl.obolibrary.org/obo/OBI_0000017>	<http://www.w3.org/2000/01/rdf-schema#label>	"regulatory role"@en	
<http://purl.obolibrary.org/obo/DIGITRUBBER_000642>	<http://www.w3.org/2000/01/rdf-schema#label>	"butadiene rubber BR"@en	
<http://purl.obolibrary.org/obo/CHEBI_22563>	<http://www.w3.org/2000/01/rdf-schema#label>	"anion"@en	
<http://purl.obolibrary.org/obo/DIGITRUBBER_000515>	<http://www.w3.org/2000/01/rdf-schema#label>	"viscosity measurement assay [dik]"@en	
<http://purl.obolibrary.org/obo/DIGITRUBBER_000515>	<http://www.w3.org/2000/01/rdf-schema#label>	"Prüfung zur Viskositätsmessung [dik]"@de	
<http://purl.obolibrary.org/obo/DIGITRUBBER_1000076>	<http://www.w3.org/2000/01/rdf-schema#label>	"condition specification"@en	
<http://purl.obolibrary.org/obo/DIGITRUBBER_000303>	<http://www.w3.org/2000/01/rdf-schema#label>	"Paraffinöl"@de	
<http://purl.obolibrary.org/obo/DIGITRUBBER_000303>	<http://www.w3.org/2000/01/rdf-schema#label>	"paraffinic oil"@en	
<http://purl.obolibrary.org/obo/DIGITRUBBER_000112>	<http://www.w3.org/2000/01/rdf-schema#label>	"materialkosten"@de	
<http://purl.obolibrary.org/obo/DIGITRUBBER_000112>	<http://www.w3.org/2000/01/rdf-schema#label>	"material cost"@en	
<http://purl.obolibrary.org/obo/DIGITRUBBER_1000020>	<http://www.w3.org/2000/01/rdf-schema#label>	"loss modulus"@en	
<http://purl.obolibrary.org/obo/DIGITRUBBER_1000020>	<http://www.w3.org/2000/01/rdf-schema#label>	"Verlustmodul"@de	
<http://purl.obolibrary.org/obo/DIGITRUBBER_000392>	<http://www.w3.org/2000/01/rdf-schema#label>	"Klappsattel-Temperatur"@de	
<http://purl.obolibrary.org/obo/DIGITRUBBER_000392>	<http://www.w3.org/2000/01/rdf-schema#label>	"drop door temperature"@en	
<http://purl.obolibrary.org/obo/CHEBI_48901>	<http://www.w3.org/2000/01/rdf-schema#label>	"thiazoles"@en	
<http://purl.obolibrary.org/obo/DIGITRUBBER_000281>	<http://www.w3.org/2000/01/rdf-schema#label>	"Füllstoffagglomerat"@de	
<http://purl.obolibrary.org/obo/DIGITRUBBER_000281>	<http://www.w3.org/2000/01/rdf-schema#label>	"filler agglomerate"@en	
<http://purl.obolibrary.org/obo/NCIT_C75762>	<http://www.w3.org/2000/01/rdf-schema#label>	"mass density"@en	
<http://purl.obolibrary.org/obo/NCIT_C75762>	<http://www.w3.org/2000/01/rdf-schema#label>	"Massendichte"@de	
<http://www.ontology-of-units-of-measure.org/resource/om-2/Power>	<http://www.w3.org/2000/01/rdf-schema#label>	"power"@en	
<http://www.ontology-of-units-of-measure.org/resource/om-2/Power>	<http://www.w3.org/2000/01/rdf-schema#label>	"Leistung"@de	
<http://purl.obolibrary.org/obo/DIGITRUBBER_000089>	<http://www.w3.org/2000/01/rdf-schema#label>	"screw speed"@en	
<http://purl.obolibrary.org/obo/DIGITRUBBER_000089>	<http://www.w3.org/2000/01/rdf-schema#label>	"Schneckendrezahl"@de	
<http://purl.obolibrary.org/obo/DIGITRUBBER_1000049>	<http://www.w3.org/2000/01/rdf-schema#label>	"Realteil des Schermoduls gemessen bei 0.5% Dehnung während eines Amplitudensweeps [Arlanxeo]"@de	
<http://purl.obolibrary.org/obo/DIGITRUBBER_1000049>	<http://www.w3.org/2000/01/rdf-schema#label>	"E double dash 0 degree celcius"@en	
<http://purl.obolibrary.org/obo/DIGITRUBBER_000221>	<http://www.w3.org/2000/01/rdf-schema#label>	"raw spectrum"@en	
<http://purl.obolibrary.org/obo/DIGITRUBBER_000469>	<http://www.w3.org/2000/01/rdf-schema#label>	"feeding zone temperature"@en	
<http://purl.obolibrary.org/obo/DIGITRUBBER_000469>	<http://www.w3.org/2000/01/rdf-schema#label>	"Einzugszonen-Temperatur"@de	
<http://purl.obolibrary.org/obo/DIGITRUBBER_000341>	<http://www.w3.org/2000/01/rdf-schema#label>	"Walzwerk"@de	
<http://purl.obolibrary.org/obo/DIGITRUBBER_000341>	<http://www.w3.org/2000/01/rdf-schema#label>	"mill"@en	
<http://purl.obolibrary.org/obo/DIGITRUBBER_1000092>	<http://www.w3.org/2000/01/rdf-schema#label>	"mixing curves"@en	
<http://purl.obolibrary.org/obo/DIGITRUBBER_1000092>	<http://www.w3.org/2000/01/rdf-schema#label>	"mischkurven"@de	
<http://purl.obolibrary.org/obo/DIGITRUBBER_000647>	<http://www.w3.org/2000/01/rdf-schema#label>	"nitrile rubber NBR"@en	
<http://purl.obolibrary.org/obo/OBI_0000953>	<http://www.w3.org/2000/01/rdf-schema#label>	"processed specimen"@en	
<http://purl.obolibrary.org/obo/DIGITRUBBER_000435>	<http://www.w3.org/2000/01/rdf-schema#label>	"Extrudatspritzquellung"@de	
<http://purl.obolibrary.org/obo/DIGITRUBBER_000435>	<http://www.w3.org/2000/01/rdf-schema#label>	"extrudate die swell"@en	
<http://purl.obolibrary.org/obo/DIGITRUBBER_000336>	<http://www.w3.org/2000/01/rdf-schema#label>	"rubber compound recipe"@en	
<http://purl.obolibrary.org/obo/IAO_0000309>	<http://www.w3.org/2000/01/rdf-schema#label>	"diagram"@en	
<http://purl.obolibrary.org/obo/DIGITRUBBER_000596>	<http://www.w3.org/2000/01/rdf-schema#label>	"Protokoll zur Molekulargewichtsverteilung"@de	
<http://purl.obolibrary.org/obo/DIGITRUBBER_000596>	<http://www.w3.org/2000/01/rdf-schema#label>	"molecular weight distribution measurement protocol"@en	
<http://purl.obolibrary.org/obo/DIGITRUBBER_000536>	<http://www.w3.org/2000/01/rdf-schema#label>	"density measurement protocol"@en	
<http://purl.obolibrary.org/obo/DIGITRUBBER_000536>	<http://www.w3.org/2000/01/rdf-schema#label>	"Protokoll zur Dichtemessung"@de	
<http://purl.obolibrary.org/obo/CHEBI_84292>	<http://www.w3.org/2000/01/rdf-schema#label>	"dithiocarbamate anions"@en	
<http://purl.obolibrary.org/obo/DIGITRUBBER_1000073>	<http://www.w3.org/2000/01/rdf-schema#label>	"device specification set"@en	
<http://purl.obolibrary.org/obo/DIGITRUBBER_000022>	<http://www.w3.org/2000/01/rdf-schema#label>	"camera coordinate system"@en	
<http://purl.allotrope.org/ontologies/process#AFP_0002309>	<http://www.w3.org/2000/01/rdf-schema#label>	"colorimetry"@en	
<http://purl.obolibrary.org/obo/DIGITRUBBER_000473>	<http://www.w3.org/2000/01/rdf-schema#label>	"molding zone temperature"@en	
<http://purl.obolibrary.org/obo/DIGITRUBBER_000473>	<http://www.w3.org/2000/01/rdf-schema#label>	"Werkzeugzonen-Temperatur"@de	
<http://purl.obolibrary.org/obo/OBI_0000387>	<http://www.w3.org/2000/01/rdf-schema#label>	"cool function"@en	
<http://purl.obolibrary.org/obo/CHEBI_33273>	<http://www.w3.org/2000/01/rdf-schema#label>	"polyatomic anion"@en	
<http://purl.obolibrary.org/obo/OBI_0000726>	<http://www.w3.org/2000/01/rdf-schema#label>	"peak matching"@en	
<http://purl.obolibrary.org/obo/DIGITRUBBER_000280>	<http://www.w3.org/2000/01/rdf-schema#label>	"sample"@en	
<http://purl.obolibrary.org/obo/DIGITRUBBER_1000014>	<http://www.w3.org/2000/01/rdf-schema#label>	"Rußfüller"@de	
<http://purl.obolibrary.org/obo/DIGITRUBBER_1000014>	<http://www.w3.org/2000/01/rdf-schema#label>	"carbon black filler"@en	
<http://purl.obolibrary.org/obo/DIGITRUBBER_000552>	<http://www.w3.org/2000/01/rdf-schema#label>	"Messgerät"@de	
<http://purl.obolibrary.org/obo/DIGITRUBBER_000552>	<http://www.w3.org/2000/01/rdf-schema#label>	"measurement device"@en	
<http://purl.obolibrary.org/obo/IAO_0000179>	<http://www.w3.org/2000/01/rdf-schema#label>	"histogram"@en	
<http://purl.obolibrary.org/obo/DIGITRUBBER_000586>	<http://www.w3.org/2000/01/rdf-schema#label>	"plate press"@en	
<http://purl.obolibrary.org/obo/DIGITRUBBER_000586>	<http://www.w3.org/2000/01/rdf-schema#label>	"Plattenpresse"@de	
<http://purl.obolibrary.org/obo/DIGITRUBBER_000468>	<http://www.w3.org/2000/01/rdf-schema#label>	"feeding zone temperature control unit"@en	
<http://purl.obolibrary.org/obo/DIGITRUBBER_000468>	<http://www.w3.org/2000/01/rdf-schema#label>	"Einzugszonen-Temperatursteuergerät"@de	
<http://purl.obolibrary.org/obo/DIGITRUBBER_000003>	<http://www.w3.org/2000/01/rdf-schema#label>	"geometry"@en	
<http://purl.obolibrary.org/obo/DIGITRUBBER_000631>	<http://www.w3.org/2000/01/rdf-schema#label>	"ethylene concentration"@en	
<http://purl.obolibrary.org/obo/DIGITRUBBER_000631>	<http://www.w3.org/2000/01/rdf-schema#label>	"Ethylen-Konzentration"@de	
<http://purl.obolibrary.org/obo/DIGITRUBBER_000504>	<http://www.w3.org/2000/01/rdf-schema#label>	"Prüfprozess"@de	
<http://purl.obolibrary.org/obo/DIGITRUBBER_000504>	<http://www.w3.org/2000/01/rdf-schema#label>	"assay process"@en	
<http://purl.obolibrary.org/obo/DIGITRUBBER_000355>	<http://www.w3.org/2000/01/rdf-schema#label>	"fixed roll speed"@en	
<http://purl.obolibrary.org/obo/DIGITRUBBER_000355>	<http://www.w3.org/2000/01/rdf-schema#label>	"Festwalzen-Drehzahl"@de	
<http://purl.obolibrary.org/obo/DIGITRUBBER_1000046>	<http://www.w3.org/2000/01/rdf-schema#label>	"Realteil des elastischen Moduls gemessen bei 0 °C [Arlanxeo]"@de	
<http://purl.obolibrary.org/obo/DIGITRUBBER_1000046>	<http://www.w3.org/2000/01/rdf-schema#label>	"E dash 0 degree celcius"@en	
<http://purl.obolibrary.org/obo/CHEBI_50812>	<http://www.w3.org/2000/01/rdf-schema#label>	"carbon nanostructure"@en	
<http://www.ontology-of-units-of-measure.org/resource/om-2/Length>	<http://www.w3.org/2000/01/rdf-schema#label>	"Länge"@de	
<http://www.ontology-of-units-of-measure.org/resource/om-2/Length>	<http://www.w3.org/2000/01/rdf-schema#label>	"length"@en	
<http://purl.obolibrary.org/obo/DIGITRUBBER_1000024>	<http://www.w3.org/2000/01/rdf-schema#label>	"moving die rheometer"@en	
<http://purl.obolibrary.org/obo/DIGITRUBBER_1000024>	<http://www.w3.org/2000/01/rdf-schema#label>	"Moving Die Rheometer"@de	
<http://purl.obolibrary.org/obo/OBI_0000707>	<http://www.w3.org/2000/01/rdf-schema#label>	"decision tree building data transformation"@en	
<http://purl.obolibrary.org/obo/DIGITRUBBER_000400>	<http://www.w3.org/2000/01/rdf-schema#label>	"mass temperature"@en	
<http://purl.obolibrary.org/obo/DIGITRUBBER_000400>	<http://www.w3.org/2000/01/rdf-schema#label>	"Massetemperatur"@de	
<http://purl.obolibrary.org/obo/IAO_0000180>	<http://www.w3.org/2000/01/rdf-schema#label>	"heatmap"@en	
<http://purl.obolibrary.org/obo/DIGITRUBBER_000017>	<http://www.w3.org/2000/01/rdf-schema#label>	"extrudate norm"@en	
<http://purl.obolibrary.org/obo/DIGITRUBBER_000181>	<http://www.w3.org/2000/01/rdf-schema#label>	"verstärkungsmaterialien"@de	
<http://purl.obolibrary.org/obo/DIGITRUBBER_000181>	<http://www.w3.org/2000/01/rdf-schema#label>	"reinforcing material"@en	
<http://purl.obolibrary.org/obo/CHEBI_28842>	<http://www.w3.org/2000/01/rdf-schema#label>	"Stearinsäure"@de	
<http://purl.obolibrary.org/obo/CHEBI_28842>	<http://www.w3.org/2000/01/rdf-schema#label>	"stearic acid"@en	
<http://purl.obolibrary.org/obo/DIGITRUBBER_000533>	<http://www.w3.org/2000/01/rdf-schema#label>	"Messprotokoll"@de	
<http://purl.obolibrary.org/obo/DIGITRUBBER_000533>	<http://www.w3.org/2000/01/rdf-schema#label>	"measurement protocol"@en	
<http://purl.obolibrary.org/obo/CHMO_0002820>	<http://www.w3.org/2000/01/rdf-schema#label>	"concentration output"@en	
<http://purl.obolibrary.org/obo/DIGITRUBBER_000449>	<http://www.w3.org/2000/01/rdf-schema#label>	"Schablonengeometrie"@de	
<http://purl.obolibrary.org/obo/DIGITRUBBER_000449>	<http://www.w3.org/2000/01/rdf-schema#label>	"die geometry"@en	
<http://purl.obolibrary.org/obo/OBI_0000663>	<http://www.w3.org/2000/01/rdf-schema#label>	"class prediction data transformation [obi]"@en	
<http://purl.obolibrary.org/obo/DIGITRUBBER_000569>	<http://www.w3.org/2000/01/rdf-schema#label>	"Säurezahl‎"@de	
<http://purl.obolibrary.org/obo/DIGITRUBBER_000569>	<http://www.w3.org/2000/01/rdf-schema#label>	"acid value"@en	
<http://purl.obolibrary.org/obo/DIGITRUBBER_000458>	<http://www.w3.org/2000/01/rdf-schema#label>	"Motor"@de	
<http://purl.obolibrary.org/obo/DIGITRUBBER_000458>	<http://www.w3.org/2000/01/rdf-schema#label>	"engine"@en	
<http://purl.obolibrary.org/obo/CHEBI_50795>	<http://www.w3.org/2000/01/rdf-schema#label>	"nanostructure"@en	
<http://purl.obolibrary.org/obo/DIGITRUBBER_000311>	<http://www.w3.org/2000/01/rdf-schema#label>	"Zinkoxid"@de	
<http://purl.obolibrary.org/obo/DIGITRUBBER_000311>	<http://www.w3.org/2000/01/rdf-schema#label>	"zinc oxide"@en	
<http://purl.obolibrary.org/obo/DIGITRUBBER_000227>	<http://www.w3.org/2000/01/rdf-schema#label>	"measurement metadata"@en	
<http://purl.obolibrary.org/obo/CHEBI_36830>	<http://www.w3.org/2000/01/rdf-schema#label>	"monoanion"@en	
<http://purl.obolibrary.org/obo/DIGITRUBBER_000571>	<http://www.w3.org/2000/01/rdf-schema#label>	"Öl-Gehalt‎"@de	
<http://purl.obolibrary.org/obo/DIGITRUBBER_000571>	<http://www.w3.org/2000/01/rdf-schema#label>	"oil content"@en	
<http://purl.obolibrary.org/obo/DIGITRUBBER_1000089>	<http://www.w3.org/2000/01/rdf-schema#label>	"mittlere absolute abweichung"@de	
<http://purl.obolibrary.org/obo/DIGITRUBBER_1000089>	<http://www.w3.org/2000/01/rdf-schema#label>	"mean absolute deviation"@en	
<http://purl.obolibrary.org/obo/PATO_0001300>	<http://www.w3.org/2000/01/rdf-schema#label>	"optical quality"@en	
<http://purl.obolibrary.org/obo/DIGITRUBBER_000487>	<http://www.w3.org/2000/01/rdf-schema#label>	"overcure"@en	
<http://purl.obolibrary.org/obo/DIGITRUBBER_000487>	<http://www.w3.org/2000/01/rdf-schema#label>	"Übervulkanisation"@de	
<http://purl.obolibrary.org/obo/PATO_0001548>	<http://www.w3.org/2000/01/rdf-schema#label>	"quality of a liquid"@en	
<http://purl.obolibrary.org/obo/DIGITRUBBER_000325>	<http://www.w3.org/2000/01/rdf-schema#label>	"Luvomaxx TbzTD"@en	
<http://purl.obolibrary.org/obo/DIGITRUBBER_000325>	<http://www.w3.org/2000/01/rdf-schema#label>	"Luvomaxx TbzTD"@de	
<http://purl.obolibrary.org/obo/DIGITRUBBER_000585>	<http://www.w3.org/2000/01/rdf-schema#label>	"vulcameter"@en	
<http://purl.obolibrary.org/obo/DIGITRUBBER_000585>	<http://www.w3.org/2000/01/rdf-schema#label>	"Vulkameter"@de	
<http://purl.obolibrary.org/obo/DIGITRUBBER_000294>	<http://www.w3.org/2000/01/rdf-schema#label>	"Keltan 5470C"@en	
<http://purl.obolibrary.org/obo/DIGITRUBBER_000294>	<http://www.w3.org/2000/01/rdf-schema#label>	"Keltan 5470C"@de	
<http://purl.obolibrary.org/obo/DIGITRUBBER_000414>	<http://www.w3.org/2000/01/rdf-schema#label>	"time of addition"@en	
<http://purl.obolibrary.org/obo/DIGITRUBBER_000414>	<http://www.w3.org/2000/01/rdf-schema#label>	"Zugabezeitpunkt"@de	
<http://purl.obolibrary.org/obo/DIGITRUBBER_000195>	<http://www.w3.org/2000/01/rdf-schema#label>	"FTIR spectroscopy"@en	
<http://purl.obolibrary.org/obo/DIGITRUBBER_1000090>	<http://www.w3.org/2000/01/rdf-schema#label>	"smoothing"@en	
<http://purl.obolibrary.org/obo/DIGITRUBBER_1000090>	<http://www.w3.org/2000/01/rdf-schema#label>	"glättung"@de	
<http://purl.obolibrary.org/obo/DIGITRUBBER_000243>	<http://www.w3.org/2000/01/rdf-schema#label>	"analytical target"@en	
<http://purl.obolibrary.org/obo/DIGITRUBBER_000091>	<http://www.w3.org/2000/01/rdf-schema#label>	"Temperierung Schnecke"@de	
<http://purl.obolibrary.org/obo/DIGITRUBBER_000091>	<http://www.w3.org/2000/01/rdf-schema#label>	"tempering screw"@en	
<http://purl.obolibrary.org/obo/CHEBI_23367>	<http://www.geneontology.org/formats/oboInOwl#hasRelatedSynonym>	"molecular entities"	
<http://purl.obolibrary.org/obo/CHEBI_23367>	<http://www.geneontology.org/formats/oboInOwl#hasRelatedSynonym>	"entidades moleculares"	
<http://purl.obolibrary.org/obo/CHEBI_23367>	<http://www.geneontology.org/formats/oboInOwl#hasRelatedSynonym>	"entidad molecular"	
<http://purl.obolibrary.org/obo/CHEBI_23367>	<http://www.geneontology.org/formats/oboInOwl#hasRelatedSynonym>	"molekulare Entitaet"	
<http://purl.obolibrary.org/obo/CHEBI_23367>	<http://www.geneontology.org/formats/oboInOwl#hasRelatedSynonym>	"entite moleculaire"	
<http://purl.obolibrary.org/obo/CHEBI_59999>	<http://www.geneontology.org/formats/oboInOwl#hasRelatedSynonym>	"Chemische Substanz"@de	
<http://purl.obolibrary.org/obo/CHEBI_59999>	<http://www.geneontology.org/formats/oboInOwl#hasRelatedSynonym>	"Chemische Substanz"	
<http://purl.obolibrary.org/obo/CHEBI_36358>	<http://www.geneontology.org/formats/oboInOwl#hasRelatedSynonym>	"polyatomic ions"	
<http://purl.obolibrary.org/obo/CHEBI_33582>	<http://www.geneontology.org/formats/oboInOwl#hasRelatedSynonym>	"carbon group molecular entities"	
<http://purl.obolibrary.org/obo/CHEBI_26835>	<http://www.geneontology.org/formats/oboInOwl#hasRelatedSynonym>	"sulfur molecular entities"	
<http://purl.obolibrary.org/obo/CHEBI_24532>	<http://www.geneontology.org/formats/oboInOwl#hasRelatedSynonym>	"organic heterocycle"	
<http://purl.obolibrary.org/obo/CHEBI_24532>	<http://www.geneontology.org/formats/oboInOwl#hasRelatedSynonym>	"organic heterocyclic compounds"	
<http://purl.obolibrary.org/obo/CHEBI_33675>	<http://www.geneontology.org/formats/oboInOwl#hasRelatedSynonym>	"p-block molecular entitiy"	
<http://purl.obolibrary.org/obo/CHEBI_33675>	<http://www.geneontology.org/formats/oboInOwl#hasRelatedSynonym>	"p-block compounds"	
<http://purl.obolibrary.org/obo/CHEBI_33675>	<http://www.geneontology.org/formats/oboInOwl#hasRelatedSynonym>	"p-block molecular entities"	
<http://purl.obolibrary.org/obo/CHEBI_33655>	<http://www.geneontology.org/formats/oboInOwl#hasRelatedSynonym>	"aromatische Verbindungen"	
<http://purl.obolibrary.org/obo/CHEBI_33655>	<http://www.geneontology.org/formats/oboInOwl#hasRelatedSynonym>	"aromatics"	
<http://purl.obolibrary.org/obo/CHEBI_48343>	<http://www.geneontology.org/formats/oboInOwl#hasRelatedSynonym>	"disulfides"	
<http://purl.obolibrary.org/obo/CHEBI_33833>	<http://www.geneontology.org/formats/oboInOwl#hasRelatedSynonym>	"hetarenes"	
<http://purl.obolibrary.org/obo/CHEBI_33471>	<http://www.geneontology.org/formats/oboInOwl#hasRelatedSynonym>	"grupo hidrocarbileno"	
<http://purl.obolibrary.org/obo/CHEBI_33471>	<http://www.geneontology.org/formats/oboInOwl#hasRelatedSynonym>	"groupe hydrocarbylene"	
<http://purl.obolibrary.org/obo/CHEBI_33471>	<http://www.geneontology.org/formats/oboInOwl#hasRelatedSynonym>	"grupos hidrocarbileno"	
<http://purl.obolibrary.org/obo/CHEBI_50803>	<http://www.geneontology.org/formats/oboInOwl#hasRelatedSynonym>	"nanoparticula"	
<http://purl.obolibrary.org/obo/CHEBI_50803>	<http://www.geneontology.org/formats/oboInOwl#hasRelatedSynonym>	"NP"	
<http://purl.obolibrary.org/obo/CHEBI_50803>	<http://www.geneontology.org/formats/oboInOwl#hasRelatedSynonym>	"nanoparticles"	
<http://purl.obolibrary.org/obo/CHEBI_50803>	<http://www.geneontology.org/formats/oboInOwl#hasRelatedSynonym>	"nanoparticule"	
<http://purl.obolibrary.org/obo/CHEBI_50803>	<http://www.geneontology.org/formats/oboInOwl#hasRelatedSynonym>	"Nanoteilchen"	
<http://purl.obolibrary.org/obo/CHEBI_24870>	<http://www.geneontology.org/formats/oboInOwl#hasRelatedSynonym>	"Ionen"	
<http://purl.obolibrary.org/obo/CHEBI_24870>	<http://www.geneontology.org/formats/oboInOwl#hasRelatedSynonym>	"ions"	
<http://purl.obolibrary.org/obo/CHEBI_24870>	<http://www.geneontology.org/formats/oboInOwl#hasRelatedSynonym>	"iones"	
<http://purl.obolibrary.org/obo/CHEBI_72695>	<http://www.geneontology.org/formats/oboInOwl#hasRelatedSynonym>	"organic molecules"	
<http://purl.obolibrary.org/obo/CHEBI_72695>	<http://www.geneontology.org/formats/oboInOwl#hasRelatedSynonym>	"organic compound"	
<http://purl.obolibrary.org/obo/CHEBI_72695>	<http://www.geneontology.org/formats/oboInOwl#hasRelatedSynonym>	"organic compounds"	
<http://purl.obolibrary.org/obo/CHEBI_50860>	<http://www.geneontology.org/formats/oboInOwl#hasRelatedSynonym>	"organic entity"	
<http://purl.obolibrary.org/obo/CHEBI_50860>	<http://www.geneontology.org/formats/oboInOwl#hasRelatedSynonym>	"organic compounds"	
<http://purl.obolibrary.org/obo/CHEBI_50860>	<http://www.geneontology.org/formats/oboInOwl#hasRelatedSynonym>	"organic molecular entities"	
<http://purl.obolibrary.org/obo/CHEBI_38101>	<http://www.geneontology.org/formats/oboInOwl#hasRelatedSynonym>	"heterocyclic organonitrogen compounds"	
<http://purl.obolibrary.org/obo/CHEBI_38101>	<http://www.geneontology.org/formats/oboInOwl#hasRelatedSynonym>	"organonitrogen heterocyclic compounds"	
<http://purl.obolibrary.org/obo/CHEBI_36829>	<http://www.geneontology.org/formats/oboInOwl#hasRelatedSynonym>	"polyatomic monoanions"	
<http://purl.obolibrary.org/obo/CHEBI_84291>	<http://www.geneontology.org/formats/oboInOwl#hasRelatedSynonym>	"organic sulfur anions"	
<http://purl.obolibrary.org/obo/CHEBI_33285>	<http://www.geneontology.org/formats/oboInOwl#hasRelatedSynonym>	"organoelement compounds"	
<http://purl.obolibrary.org/obo/CHEBI_33285>	<http://www.geneontology.org/formats/oboInOwl#hasRelatedSynonym>	"heteroorganic entities"	
<http://purl.obolibrary.org/obo/CHEBI_133602>	<http://www.geneontology.org/formats/oboInOwl#hasRelatedSynonym>	"carbon black nanoparticles"	
<http://purl.obolibrary.org/obo/CHEBI_38179>	<http://www.geneontology.org/formats/oboInOwl#hasRelatedSynonym>	"monocyclic heteroarenes"	
<http://purl.obolibrary.org/obo/CHEBI_25367>	<http://www.geneontology.org/formats/oboInOwl#hasRelatedSynonym>	"neutral molecular compounds"	
<http://purl.obolibrary.org/obo/CHEBI_25367>	<http://www.geneontology.org/formats/oboInOwl#hasRelatedSynonym>	"Molekuel"	
<http://purl.obolibrary.org/obo/CHEBI_25367>	<http://www.geneontology.org/formats/oboInOwl#hasRelatedSynonym>	"molecules"	
<http://purl.obolibrary.org/obo/CHEBI_25367>	<http://www.geneontology.org/formats/oboInOwl#hasRelatedSynonym>	"molecula"	
<http://purl.obolibrary.org/obo/CHEBI_33302>	<http://www.geneontology.org/formats/oboInOwl#hasRelatedSynonym>	"pnictogen molecular entities"	
<http://purl.obolibrary.org/obo/CHEBI_33832>	<http://www.geneontology.org/formats/oboInOwl#hasRelatedSynonym>	"organic cyclic compounds"	
<http://purl.obolibrary.org/obo/CHEBI_51422>	<http://www.geneontology.org/formats/oboInOwl#hasRelatedSynonym>	"organodiyl groups"	
<http://purl.obolibrary.org/obo/CHEBI_36357>	<http://www.geneontology.org/formats/oboInOwl#hasRelatedSynonym>	"polyatomic entities"	
<http://purl.obolibrary.org/obo/CHEBI_60004>	<http://www.geneontology.org/formats/oboInOwl#hasRelatedSynonym>	"Mischung"@de	
<http://purl.obolibrary.org/obo/CHEBI_60004>	<http://www.geneontology.org/formats/oboInOwl#hasRelatedSynonym>	"Mischung"	
<http://purl.obolibrary.org/obo/DIGITRUBBER_000273>	<http://www.geneontology.org/formats/oboInOwl#hasRelatedSynonym>	"Kunststoff"@de	
<http://purl.obolibrary.org/obo/CHEBI_68452>	<http://www.geneontology.org/formats/oboInOwl#hasRelatedSynonym>	"azoles"	
<http://purl.obolibrary.org/obo/CHEBI_5686>	<http://www.geneontology.org/formats/oboInOwl#hasRelatedSynonym>	"heterocycle"	
<http://purl.obolibrary.org/obo/CHEBI_5686>	<http://www.geneontology.org/formats/oboInOwl#hasRelatedSynonym>	"compuestos heterociclicos"	
<http://purl.obolibrary.org/obo/CHEBI_5686>	<http://www.geneontology.org/formats/oboInOwl#hasRelatedSynonym>	"compuesto heterociclico"	
<http://purl.obolibrary.org/obo/CHEBI_5686>	<http://www.geneontology.org/formats/oboInOwl#hasRelatedSynonym>	"heterocyclic compounds"	
<http://purl.obolibrary.org/obo/CHEBI_33579>	<http://www.geneontology.org/formats/oboInOwl#hasRelatedSynonym>	"main group molecular entities"	
<http://purl.obolibrary.org/obo/CHEBI_33579>	<http://www.geneontology.org/formats/oboInOwl#hasRelatedSynonym>	"main group compounds"	
<http://purl.obolibrary.org/obo/CHEBI_33595>	<http://www.geneontology.org/formats/oboInOwl#hasRelatedSynonym>	"cyclic compounds"	
<http://purl.obolibrary.org/obo/CHEBI_28798>	<http://www.geneontology.org/formats/oboInOwl#hasRelatedSynonym>	"Rubber"@en	
<http://purl.obolibrary.org/obo/CHEBI_28798>	<http://www.geneontology.org/formats/oboInOwl#hasRelatedSynonym>	"Rubber"	
<http://purl.obolibrary.org/obo/CHEBI_28798>	<http://www.geneontology.org/formats/oboInOwl#hasRelatedSynonym>	"Rubber (all-cis)"@en	
<http://purl.obolibrary.org/obo/CHEBI_28798>	<http://www.geneontology.org/formats/oboInOwl#hasRelatedSynonym>	"Rubber (all-cis)"	
<http://purl.obolibrary.org/obo/CHEBI_17514>	<http://www.geneontology.org/formats/oboInOwl#hasRelatedSynonym>	"CN-"	
<http://purl.obolibrary.org/obo/CHEBI_17514>	<http://www.geneontology.org/formats/oboInOwl#hasRelatedSynonym>	"CYANIDE ION"	
<http://purl.obolibrary.org/obo/CHEBI_17514>	<http://www.geneontology.org/formats/oboInOwl#hasRelatedSynonym>	"CN(-)"	
<http://purl.obolibrary.org/obo/CHEBI_17514>	<http://www.geneontology.org/formats/oboInOwl#hasRelatedSynonym>	"Prussiate"	
<http://purl.obolibrary.org/obo/CHEBI_17514>	<http://www.geneontology.org/formats/oboInOwl#hasRelatedSynonym>	"Zyanid"	
<http://purl.obolibrary.org/obo/CHEBI_33659>	<http://www.geneontology.org/formats/oboInOwl#hasRelatedSynonym>	"organic aromatic compounds"	
<http://purl.obolibrary.org/obo/CHEBI_35352>	<http://www.geneontology.org/formats/oboInOwl#hasRelatedSynonym>	"organonitrogens"	
<http://purl.obolibrary.org/obo/CHEBI_33259>	<http://www.geneontology.org/formats/oboInOwl#hasRelatedSynonym>	"homoatomic entity"	
<http://purl.obolibrary.org/obo/CHEBI_33259>	<http://www.geneontology.org/formats/oboInOwl#hasRelatedSynonym>	"homoatomic molecular entities"	
<http://purl.obolibrary.org/obo/CHEBI_33259>	<http://www.geneontology.org/formats/oboInOwl#hasRelatedSynonym>	"homoatomic molecular entity"	
<http://purl.obolibrary.org/obo/CHEBI_51143>	<http://www.geneontology.org/formats/oboInOwl#hasRelatedSynonym>	"Nitrogenous compounds"	
<http://purl.obolibrary.org/obo/CHEBI_51143>	<http://www.geneontology.org/formats/oboInOwl#hasRelatedSynonym>	"nitrogen compounds"	
<http://purl.obolibrary.org/obo/CHEBI_51143>	<http://www.geneontology.org/formats/oboInOwl#hasRelatedSynonym>	"nitrogen molecular entities"	
<http://purl.obolibrary.org/obo/CHEBI_33261>	<http://www.geneontology.org/formats/oboInOwl#hasRelatedSynonym>	"organosulfur compounds"	
<http://purl.obolibrary.org/obo/CHEBI_33415>	<http://www.geneontology.org/formats/oboInOwl#hasRelatedSynonym>	"carbon"	
<http://purl.obolibrary.org/obo/CHEBI_33304>	<http://www.geneontology.org/formats/oboInOwl#hasRelatedSynonym>	"chalcogen molecular entities"	
<http://purl.obolibrary.org/obo/CHEBI_33304>	<http://www.geneontology.org/formats/oboInOwl#hasRelatedSynonym>	"chalcogen compounds"	
<http://purl.obolibrary.org/obo/CHEBI_35489>	<http://www.geneontology.org/formats/oboInOwl#hasRelatedSynonym>	"organic disulfides"	
<http://purl.obolibrary.org/obo/CHEBI_35489>	<http://www.geneontology.org/formats/oboInOwl#hasRelatedSynonym>	"an organic disulfide"	
<http://purl.obolibrary.org/obo/CHEBI_25696>	<http://www.geneontology.org/formats/oboInOwl#hasRelatedSynonym>	"organic anions"	
<http://purl.obolibrary.org/obo/CHEBI_36828>	<http://www.geneontology.org/formats/oboInOwl#hasRelatedSynonym>	"pseudohalogen anion"	
<http://purl.obolibrary.org/obo/CHEBI_36828>	<http://www.geneontology.org/formats/oboInOwl#hasRelatedSynonym>	"pseudohalogen ion"	
<http://purl.obolibrary.org/obo/CHEBI_36828>	<http://www.geneontology.org/formats/oboInOwl#hasRelatedSynonym>	"pseudohalides"	
<http://purl.obolibrary.org/obo/CHEBI_36828>	<http://www.geneontology.org/formats/oboInOwl#hasRelatedSynonym>	"pseudohalide anions"	
<http://purl.obolibrary.org/obo/CHEBI_38106>	<http://www.geneontology.org/formats/oboInOwl#hasRelatedSynonym>	"heterocyclic organosulfur compounds"	
<http://purl.obolibrary.org/obo/CHEBI_38106>	<http://www.geneontology.org/formats/oboInOwl#hasRelatedSynonym>	"organosulfur heterocyclic compounds"	
<http://purl.obolibrary.org/obo/CHEBI_36962>	<http://www.geneontology.org/formats/oboInOwl#hasRelatedSynonym>	"organochalcogen compounds"	
<http://purl.obolibrary.org/obo/CHEBI_25699>	<http://www.geneontology.org/formats/oboInOwl#hasRelatedSynonym>	"organic ions"	
<http://purl.obolibrary.org/obo/CHEBI_22563>	<http://www.geneontology.org/formats/oboInOwl#hasRelatedSynonym>	"anions"	
<http://purl.obolibrary.org/obo/CHEBI_22563>	<http://www.geneontology.org/formats/oboInOwl#hasRelatedSynonym>	"Anionen"	
<http://purl.obolibrary.org/obo/CHEBI_22563>	<http://www.geneontology.org/formats/oboInOwl#hasRelatedSynonym>	"aniones"	
<http://purl.obolibrary.org/obo/CHEBI_48901>	<http://www.geneontology.org/formats/oboInOwl#hasRelatedSynonym>	"thiazole"	
<http://purl.obolibrary.org/obo/CHEBI_33273>	<http://www.geneontology.org/formats/oboInOwl#hasRelatedSynonym>	"polyatomic anions"	
<http://purl.obolibrary.org/obo/CHEBI_50812>	<http://www.geneontology.org/formats/oboInOwl#hasRelatedSynonym>	"carbon nanostructures"	
<http://purl.obolibrary.org/obo/CHEBI_50795>	<http://www.geneontology.org/formats/oboInOwl#hasRelatedSynonym>	"nanoestructura"	
<http://purl.obolibrary.org/obo/CHEBI_36830>	<http://www.geneontology.org/formats/oboInOwl#hasRelatedSynonym>	"monoanions"	
<http://purl.obolibrary.org/obo/UO_0000076>	<http://www.geneontology.org/formats/oboInOwl#hasExactSynonym>	"chi"	
<http://purl.obolibrary.org/obo/UO_0000076>	<http://www.geneontology.org/formats/oboInOwl#hasExactSynonym>	"(x)"	
<http://purl.obolibrary.org/obo/CHEBI_24431>	<http://www.geneontology.org/formats/oboInOwl#hasExactSynonym>	"chemical entity"	
<http://purl.obolibrary.org/obo/UO_0000163>	<http://www.geneontology.org/formats/oboInOwl#hasExactSynonym>	"weight-weight percentage"	
<http://purl.obolibrary.org/obo/UO_0000163>	<http://www.geneontology.org/formats/oboInOwl#hasExactSynonym>	"w/w"	
<http://purl.obolibrary.org/obo/CHEBI_23367>	<http://www.geneontology.org/formats/oboInOwl#hasExactSynonym>	"molecular entity"	
<http://purl.obolibrary.org/obo/UO_0000164>	<http://www.geneontology.org/formats/oboInOwl#hasExactSynonym>	"weight-volume percentage"	
<http://purl.obolibrary.org/obo/UO_0000164>	<http://www.geneontology.org/formats/oboInOwl#hasExactSynonym>	"(w/v)"	
<http://purl.obolibrary.org/obo/UO_0000003>	<http://www.geneontology.org/formats/oboInOwl#hasExactSynonym>	"time derived unit"	
<http://purl.obolibrary.org/obo/CHEBI_33582>	<http://www.geneontology.org/formats/oboInOwl#hasExactSynonym>	"carbon group molecular entity"	
<http://purl.obolibrary.org/obo/CHEBI_26835>	<http://www.geneontology.org/formats/oboInOwl#hasExactSynonym>	"sulfur molecular entity"	
<http://purl.obolibrary.org/obo/DIGITRUBBER_000576>	<http://www.geneontology.org/formats/oboInOwl#hasExactSynonym>	"G''"	
<http://purl.obolibrary.org/obo/CHEBI_33655>	<http://www.geneontology.org/formats/oboInOwl#hasExactSynonym>	"aromatic compounds"	
<http://purl.obolibrary.org/obo/CHEBI_33655>	<http://www.geneontology.org/formats/oboInOwl#hasExactSynonym>	"aromatic molecular entity"	
<http://purl.obolibrary.org/obo/DIGITRUBBER_000328>	<http://www.geneontology.org/formats/oboInOwl#hasExactSynonym>	"ZBDC"	
<http://purl.obolibrary.org/obo/CHEBI_33833>	<http://www.geneontology.org/formats/oboInOwl#hasExactSynonym>	"heteroarenes"	
<http://purl.obolibrary.org/obo/CHEBI_33471>	<http://www.geneontology.org/formats/oboInOwl#hasExactSynonym>	"hydrocarbylene group"	
<http://purl.obolibrary.org/obo/CHEBI_33471>	<http://www.geneontology.org/formats/oboInOwl#hasExactSynonym>	"hydrocarbylene groups"	
<http://purl.obolibrary.org/obo/DIGITRUBBER_000573>	<http://www.geneontology.org/formats/oboInOwl#hasExactSynonym>	"E*"	
<http://purl.obolibrary.org/obo/DIGITRUBBER_000365>	<http://www.geneontology.org/formats/oboInOwl#hasExactSynonym>	"TCU"	
<http://purl.obolibrary.org/obo/CHEBI_24870>	<http://www.geneontology.org/formats/oboInOwl#hasExactSynonym>	"ion"	
<http://purl.obolibrary.org/obo/CHEBI_24870>	<http://www.geneontology.org/formats/oboInOwl#hasExactSynonym>	"Ion"	
<http://purl.obolibrary.org/obo/DIGITRUBBER_000579>	<http://www.geneontology.org/formats/oboInOwl#hasExactSynonym>	"tanδ"	
<http://purl.obolibrary.org/obo/DIGITRUBBER_000324>	<http://www.geneontology.org/formats/oboInOwl#hasExactSynonym>	"TBzTD"	
<http://purl.obolibrary.org/obo/DIGITRUBBER_000524>	<http://www.geneontology.org/formats/oboInOwl#hasExactSynonym>	"MU"	
<http://purl.obolibrary.org/obo/CHEBI_38418>	<http://www.geneontology.org/formats/oboInOwl#hasExactSynonym>	"1,3-thiazoles"	
<http://purl.obolibrary.org/obo/CHEBI_25367>	<http://www.geneontology.org/formats/oboInOwl#hasExactSynonym>	"molecule"	
<http://purl.obolibrary.org/obo/DIGITRUBBER_000575>	<http://www.geneontology.org/formats/oboInOwl#hasExactSynonym>	"E'"	
<http://purl.obolibrary.org/obo/CHEBI_33302>	<http://www.geneontology.org/formats/oboInOwl#hasExactSynonym>	"pnictogen molecular entity"	
<http://purl.obolibrary.org/obo/CHEBI_5686>	<http://www.geneontology.org/formats/oboInOwl#hasExactSynonym>	"Heterocyclic compound"	
<http://purl.obolibrary.org/obo/UO_0000016>	<http://www.geneontology.org/formats/oboInOwl#hasExactSynonym>	"mm"	
<http://purl.obolibrary.org/obo/CHEBI_28798>	<http://www.geneontology.org/formats/oboInOwl#hasExactSynonym>	"Rubber particle"@en	
<http://purl.obolibrary.org/obo/CHEBI_28798>	<http://www.geneontology.org/formats/oboInOwl#hasExactSynonym>	"Rubber particle"	
<http://purl.obolibrary.org/obo/CHEBI_17514>	<http://www.geneontology.org/formats/oboInOwl#hasExactSynonym>	"Cyanide"	
<http://purl.obolibrary.org/obo/CHEBI_17514>	<http://www.geneontology.org/formats/oboInOwl#hasExactSynonym>	"nitridocarbonate(1-)"	
<http://purl.obolibrary.org/obo/CHEBI_17514>	<http://www.geneontology.org/formats/oboInOwl#hasExactSynonym>	"cyanide"	
<http://purl.obolibrary.org/obo/CHEBI_35352>	<http://www.geneontology.org/formats/oboInOwl#hasExactSynonym>	"organonitrogen compounds"	
<http://purl.obolibrary.org/obo/DIGITRUBBER_000572>	<http://www.geneontology.org/formats/oboInOwl#hasExactSynonym>	"G*"	
<http://purl.obolibrary.org/obo/CHEBI_33261>	<http://www.geneontology.org/formats/oboInOwl#hasExactSynonym>	"organosulfur compound"	
<http://purl.obolibrary.org/obo/DIGITRUBBER_000577>	<http://www.geneontology.org/formats/oboInOwl#hasExactSynonym>	"E''"	
<http://purl.obolibrary.org/obo/CHEBI_33304>	<http://www.geneontology.org/formats/oboInOwl#hasExactSynonym>	"chalcogen molecular entity"	
<http://purl.obolibrary.org/obo/DIGITRUBBER_000398>	<http://www.geneontology.org/formats/oboInOwl#hasExactSynonym>	"Nm"	
<http://purl.obolibrary.org/obo/CHEBI_35489>	<http://www.geneontology.org/formats/oboInOwl#hasExactSynonym>	"disulfides"	
<http://purl.obolibrary.org/obo/CHEBI_36828>	<http://www.geneontology.org/formats/oboInOwl#hasExactSynonym>	"pseudohalide ions"	
<http://purl.obolibrary.org/obo/CHEBI_36962>	<http://www.geneontology.org/formats/oboInOwl#hasExactSynonym>	"organochalcogen compound"	
<http://purl.obolibrary.org/obo/DIGITRUBBER_000574>	<http://www.geneontology.org/formats/oboInOwl#hasExactSynonym>	"G'"	
<http://purl.obolibrary.org/obo/DIGITRUBBER_000292>	<http://www.geneontology.org/formats/oboInOwl#hasExactSynonym>	"EPDM"	
<http://purl.obolibrary.org/obo/DIGITRUBBER_000588>	<http://www.geneontology.org/formats/oboInOwl#hasExactSynonym>	"ENB"	
<http://purl.obolibrary.org/obo/CHEBI_22563>	<http://www.geneontology.org/formats/oboInOwl#hasExactSynonym>	"anion"	
<http://purl.obolibrary.org/obo/CHEBI_22563>	<http://www.geneontology.org/formats/oboInOwl#hasExactSynonym>	"Anion"	
